Person ID,Download Person Photo
7693,https://files2.veracross.com/unishanoi/legacy_files/296371?auth=eyJhbGciOiJIUzI1NiIsInR5cCI6IkpXVCJ9.eyJkYXRhYmFzZSI6InVuaXNoYW5vaSIsInVzZXJuYW1lIjoiZHZjaHV5ZW5AdW5pc2hhbm9pLm9yZyIsImZpbGVfcGsiOjI5NjM3MSwidGFibGVfbmFtZSI6IlBlcnNvbiIsInJlY29yZF9mayI6NzY5MywiZXhwIjoxNzczNTMxMDAwfQ==.Qsv0gBsArf2cxDM6PuNGOMobwNaAohdbCh7L8hSSqI0=&transform=true
11400,https://files2.veracross.com/unishanoi/legacy_files/296375?auth=eyJhbGciOiJIUzI1NiIsInR5cCI6IkpXVCJ9.eyJkYXRhYmFzZSI6InVuaXNoYW5vaSIsInVzZXJuYW1lIjoiZHZjaHV5ZW5AdW5pc2hhbm9pLm9yZyIsImZpbGVfcGsiOjI5NjM3NSwidGFibGVfbmFtZSI6IlBlcnNvbiIsInJlY29yZF9mayI6MTE0MDAsImV4cCI6MTc3MzUzMTAwMH0=.25APFWDn0YHM4qypS_Uv_Hr39ozaL8-az7NXjGv_6mc=&transform=true
11440,https://files2.veracross.com/unishanoi/legacy_files/260429?auth=eyJhbGciOiJIUzI1NiIsInR5cCI6IkpXVCJ9.eyJkYXRhYmFzZSI6InVuaXNoYW5vaSIsInVzZXJuYW1lIjoiZHZjaHV5ZW5AdW5pc2hhbm9pLm9yZyIsImZpbGVfcGsiOjI2MDQyOSwidGFibGVfbmFtZSI6IlBlcnNvbiIsInJlY29yZF9mayI6MTE0NDAsImV4cCI6MTc3MzUzMTAwMH0=.QarK6ZJ66s8jCgt2w4xPlugtV7n8JmyqOYo4Bulii9Q=&transform=true
14763,https://files2.veracross.com/unishanoi/legacy_files/251319?auth=eyJhbGciOiJIUzI1NiIsInR5cCI6IkpXVCJ9.eyJkYXRhYmFzZSI6InVuaXNoYW5vaSIsInVzZXJuYW1lIjoiZHZjaHV5ZW5AdW5pc2hhbm9pLm9yZyIsImZpbGVfcGsiOjI1MTMxOSwidGFibGVfbmFtZSI6IlBlcnNvbiIsInJlY29yZF9mayI6MTQ3NjMsImV4cCI6MTc3MzUzMTAwMH0=.AUXtvwvk8YYOh_UWuHV_e-xhGsJKIIeJyidAB3o-nu4=&transform=true
14764,https://files2.veracross.com/unishanoi/legacy_files/260508?auth=eyJhbGciOiJIUzI1NiIsInR5cCI6IkpXVCJ9.eyJkYXRhYmFzZSI6InVuaXNoYW5vaSIsInVzZXJuYW1lIjoiZHZjaHV5ZW5AdW5pc2hhbm9pLm9yZyIsImZpbGVfcGsiOjI2MDUwOCwidGFibGVfbmFtZSI6IlBlcnNvbiIsInJlY29yZF9mayI6MTQ3NjQsImV4cCI6MTc3MzUzMTAwMH0=.ADARW9BBNSBDt4OopFFxhHoR-20EOn5-ekPHQtFZ17U=&transform=true
14768,https://files2.veracross.com/unishanoi/legacy_files/296348?auth=eyJhbGciOiJIUzI1NiIsInR5cCI6IkpXVCJ9.eyJkYXRhYmFzZSI6InVuaXNoYW5vaSIsInVzZXJuYW1lIjoiZHZjaHV5ZW5AdW5pc2hhbm9pLm9yZyIsImZpbGVfcGsiOjI5NjM0OCwidGFibGVfbmFtZSI6IlBlcnNvbiIsInJlY29yZF9mayI6MTQ3NjgsImV4cCI6MTc3MzUzMTAwMH0=.JhkTc-UonaBSFPV5vfKRHEfs2DcsHGCBlUlCmOXD-40=&transform=true
15663,https://files2.veracross.com/unishanoi/legacy_files/251323?auth=eyJhbGciOiJIUzI1NiIsInR5cCI6IkpXVCJ9.eyJkYXRhYmFzZSI6InVuaXNoYW5vaSIsInVzZXJuYW1lIjoiZHZjaHV5ZW5AdW5pc2hhbm9pLm9yZyIsImZpbGVfcGsiOjI1MTMyMywidGFibGVfbmFtZSI6IlBlcnNvbiIsInJlY29yZF9mayI6MTU2NjMsImV4cCI6MTc3MzUzMTAwMH0=.JPgOvVULXQFL2TGznBZB60yvVB3pfrK0aoFDRY9PV5A=&transform=true
15675,https://files2.veracross.com/unishanoi/legacy_files/260285?auth=eyJhbGciOiJIUzI1NiIsInR5cCI6IkpXVCJ9.eyJkYXRhYmFzZSI6InVuaXNoYW5vaSIsInVzZXJuYW1lIjoiZHZjaHV5ZW5AdW5pc2hhbm9pLm9yZyIsImZpbGVfcGsiOjI2MDI4NSwidGFibGVfbmFtZSI6IlBlcnNvbiIsInJlY29yZF9mayI6MTU2NzUsImV4cCI6MTc3MzUzMTAwMH0=.-mVFMtWxuzQ0M1TgJVlAj2cJyOl4WiUd4fYv9ADiTxU=&transform=true
15689,https://files2.veracross.com/unishanoi/legacy_files/309650?auth=eyJhbGciOiJIUzI1NiIsInR5cCI6IkpXVCJ9.eyJkYXRhYmFzZSI6InVuaXNoYW5vaSIsInVzZXJuYW1lIjoiZHZjaHV5ZW5AdW5pc2hhbm9pLm9yZyIsImZpbGVfcGsiOjMwOTY1MCwidGFibGVfbmFtZSI6IlBlcnNvbiIsInJlY29yZF9mayI6MTU2ODksImV4cCI6MTc3MzUzMTAwMH0=.LdW2X6UuDi0LzVf9_RM-2CLK7NP_MLBOwZIEgY-Zlgs=&transform=true
15843,https://files2.veracross.com/unishanoi/legacy_files/296388?auth=eyJhbGciOiJIUzI1NiIsInR5cCI6IkpXVCJ9.eyJkYXRhYmFzZSI6InVuaXNoYW5vaSIsInVzZXJuYW1lIjoiZHZjaHV5ZW5AdW5pc2hhbm9pLm9yZyIsImZpbGVfcGsiOjI5NjM4OCwidGFibGVfbmFtZSI6IlBlcnNvbiIsInJlY29yZF9mayI6MTU4NDMsImV4cCI6MTc3MzUzMTAwMH0=.eHDjvF6vuBUXb4qRbLCnFwaRU2FzE2w1KF2RRGjZLN4=&transform=true
16585,https://files2.veracross.com/unishanoi/legacy_files/260283?auth=eyJhbGciOiJIUzI1NiIsInR5cCI6IkpXVCJ9.eyJkYXRhYmFzZSI6InVuaXNoYW5vaSIsInVzZXJuYW1lIjoiZHZjaHV5ZW5AdW5pc2hhbm9pLm9yZyIsImZpbGVfcGsiOjI2MDI4MywidGFibGVfbmFtZSI6IlBlcnNvbiIsInJlY29yZF9mayI6MTY1ODUsImV4cCI6MTc3MzUzMTAwMH0=.a51C96tXw6oGKHRFHy0RYmsOO7gQGfA71Ow161STrM0=&transform=true
16589,https://files2.veracross.com/unishanoi/legacy_files/296514?auth=eyJhbGciOiJIUzI1NiIsInR5cCI6IkpXVCJ9.eyJkYXRhYmFzZSI6InVuaXNoYW5vaSIsInVzZXJuYW1lIjoiZHZjaHV5ZW5AdW5pc2hhbm9pLm9yZyIsImZpbGVfcGsiOjI5NjUxNCwidGFibGVfbmFtZSI6IlBlcnNvbiIsInJlY29yZF9mayI6MTY1ODksImV4cCI6MTc3MzUzMTAwMH0=.7YI8HZoM-zjlTMlKumWN0AXwQOWqTnZICtiXtYYBmlI=&transform=true
16997,https://files2.veracross.com/unishanoi/legacy_files/296492?auth=eyJhbGciOiJIUzI1NiIsInR5cCI6IkpXVCJ9.eyJkYXRhYmFzZSI6InVuaXNoYW5vaSIsInVzZXJuYW1lIjoiZHZjaHV5ZW5AdW5pc2hhbm9pLm9yZyIsImZpbGVfcGsiOjI5NjQ5MiwidGFibGVfbmFtZSI6IlBlcnNvbiIsInJlY29yZF9mayI6MTY5OTcsImV4cCI6MTc3MzUzMTAwMH0=.l9_YDpyC0hYZPlDeJ1a0UwFbGol1_h97rm3DVnijgdo=&transform=true
17075,https://files2.veracross.com/unishanoi/legacy_files/296357?auth=eyJhbGciOiJIUzI1NiIsInR5cCI6IkpXVCJ9.eyJkYXRhYmFzZSI6InVuaXNoYW5vaSIsInVzZXJuYW1lIjoiZHZjaHV5ZW5AdW5pc2hhbm9pLm9yZyIsImZpbGVfcGsiOjI5NjM1NywidGFibGVfbmFtZSI6IlBlcnNvbiIsInJlY29yZF9mayI6MTcwNzUsImV4cCI6MTc3MzUzMTAwMH0=.SZmqfbyjZYnXYqcOVOZX-bt0K3CZemd4buzBQRrXMTY=&transform=true
17079,https://files2.veracross.com/unishanoi/legacy_files/296500?auth=eyJhbGciOiJIUzI1NiIsInR5cCI6IkpXVCJ9.eyJkYXRhYmFzZSI6InVuaXNoYW5vaSIsInVzZXJuYW1lIjoiZHZjaHV5ZW5AdW5pc2hhbm9pLm9yZyIsImZpbGVfcGsiOjI5NjUwMCwidGFibGVfbmFtZSI6IlBlcnNvbiIsInJlY29yZF9mayI6MTcwNzksImV4cCI6MTc3MzUzMTAwMH0=.Mruhbc5xVvf2QsyELSW1h6loWAgBKX7buG__I4s0RGY=&transform=true
17159,https://files2.veracross.com/unishanoi/legacy_files/296431?auth=eyJhbGciOiJIUzI1NiIsInR5cCI6IkpXVCJ9.eyJkYXRhYmFzZSI6InVuaXNoYW5vaSIsInVzZXJuYW1lIjoiZHZjaHV5ZW5AdW5pc2hhbm9pLm9yZyIsImZpbGVfcGsiOjI5NjQzMSwidGFibGVfbmFtZSI6IlBlcnNvbiIsInJlY29yZF9mayI6MTcxNTksImV4cCI6MTc3MzUzMTAwMH0=.VDPllxWDGLTxj6cCL_dkWHSWiq8nRalxbWJZ1DtX7x4=&transform=true
17189,https://files2.veracross.com/unishanoi/legacy_files/260354?auth=eyJhbGciOiJIUzI1NiIsInR5cCI6IkpXVCJ9.eyJkYXRhYmFzZSI6InVuaXNoYW5vaSIsInVzZXJuYW1lIjoiZHZjaHV5ZW5AdW5pc2hhbm9pLm9yZyIsImZpbGVfcGsiOjI2MDM1NCwidGFibGVfbmFtZSI6IlBlcnNvbiIsInJlY29yZF9mayI6MTcxODksImV4cCI6MTc3MzUzMTAwMH0=.uRE3Jyk8PVWyIkmqO17dqD9ND12Pqqt-QfAzXrVliaw=&transform=true
17205,https://files2.veracross.com/unishanoi/legacy_files/260371?auth=eyJhbGciOiJIUzI1NiIsInR5cCI6IkpXVCJ9.eyJkYXRhYmFzZSI6InVuaXNoYW5vaSIsInVzZXJuYW1lIjoiZHZjaHV5ZW5AdW5pc2hhbm9pLm9yZyIsImZpbGVfcGsiOjI2MDM3MSwidGFibGVfbmFtZSI6IlBlcnNvbiIsInJlY29yZF9mayI6MTcyMDUsImV4cCI6MTc3MzUzMTAwMH0=.Eipj0tkTZDIyziA0lZxZnDN-nJBA_WtpkdiW6g3oNbs=&transform=true
17207,https://files2.veracross.com/unishanoi/legacy_files/296426?auth=eyJhbGciOiJIUzI1NiIsInR5cCI6IkpXVCJ9.eyJkYXRhYmFzZSI6InVuaXNoYW5vaSIsInVzZXJuYW1lIjoiZHZjaHV5ZW5AdW5pc2hhbm9pLm9yZyIsImZpbGVfcGsiOjI5NjQyNiwidGFibGVfbmFtZSI6IlBlcnNvbiIsInJlY29yZF9mayI6MTcyMDcsImV4cCI6MTc3MzUzMTAwMH0=.Y09QFdK3DZVjUYXkTEQ7ottP-pjhE0HKJFJZmAMa3iQ=&transform=true
17339,https://files2.veracross.com/unishanoi/legacy_files/260320?auth=eyJhbGciOiJIUzI1NiIsInR5cCI6IkpXVCJ9.eyJkYXRhYmFzZSI6InVuaXNoYW5vaSIsInVzZXJuYW1lIjoiZHZjaHV5ZW5AdW5pc2hhbm9pLm9yZyIsImZpbGVfcGsiOjI2MDMyMCwidGFibGVfbmFtZSI6IlBlcnNvbiIsInJlY29yZF9mayI6MTczMzksImV4cCI6MTc3MzUzMTAwMH0=.lin1yjZ9PwtjIwhj89KZwTMt3mpJ92WtRGnI_SKEUcM=&transform=true
17412,https://files2.veracross.com/unishanoi/legacy_files/296404?auth=eyJhbGciOiJIUzI1NiIsInR5cCI6IkpXVCJ9.eyJkYXRhYmFzZSI6InVuaXNoYW5vaSIsInVzZXJuYW1lIjoiZHZjaHV5ZW5AdW5pc2hhbm9pLm9yZyIsImZpbGVfcGsiOjI5NjQwNCwidGFibGVfbmFtZSI6IlBlcnNvbiIsInJlY29yZF9mayI6MTc0MTIsImV4cCI6MTc3MzUzMTAwMH0=.HiMhJb0SatIiccT5bEnoLmPsUu1R5zLyjothFhIc2vo=&transform=true
17424,https://files2.veracross.com/unishanoi/legacy_files/296435?auth=eyJhbGciOiJIUzI1NiIsInR5cCI6IkpXVCJ9.eyJkYXRhYmFzZSI6InVuaXNoYW5vaSIsInVzZXJuYW1lIjoiZHZjaHV5ZW5AdW5pc2hhbm9pLm9yZyIsImZpbGVfcGsiOjI5NjQzNSwidGFibGVfbmFtZSI6IlBlcnNvbiIsInJlY29yZF9mayI6MTc0MjQsImV4cCI6MTc3MzUzMTAwMH0=.moDZhXnWTXGYUHi-qCOFt95Zqe3THtdHf8WPy40F4IQ=&transform=true
17469,https://files2.veracross.com/unishanoi/legacy_files/260478?auth=eyJhbGciOiJIUzI1NiIsInR5cCI6IkpXVCJ9.eyJkYXRhYmFzZSI6InVuaXNoYW5vaSIsInVzZXJuYW1lIjoiZHZjaHV5ZW5AdW5pc2hhbm9pLm9yZyIsImZpbGVfcGsiOjI2MDQ3OCwidGFibGVfbmFtZSI6IlBlcnNvbiIsInJlY29yZF9mayI6MTc0NjksImV4cCI6MTc3MzUzMTAwMH0=.9Sr5Ci76-PVY-DpZPsUM9wVfmJk6gwlKT5CO2kXkCec=&transform=true
17627,https://files2.veracross.com/unishanoi/legacy_files/296443?auth=eyJhbGciOiJIUzI1NiIsInR5cCI6IkpXVCJ9.eyJkYXRhYmFzZSI6InVuaXNoYW5vaSIsInVzZXJuYW1lIjoiZHZjaHV5ZW5AdW5pc2hhbm9pLm9yZyIsImZpbGVfcGsiOjI5NjQ0MywidGFibGVfbmFtZSI6IlBlcnNvbiIsInJlY29yZF9mayI6MTc2MjcsImV4cCI6MTc3MzUzMTAwMH0=.hJ4V8-HdUAKq-tUaJAHZy4FFPpvVBdLh6CfQwEU55ls=&transform=true
17745,https://files2.veracross.com/unishanoi/legacy_files/260407?auth=eyJhbGciOiJIUzI1NiIsInR5cCI6IkpXVCJ9.eyJkYXRhYmFzZSI6InVuaXNoYW5vaSIsInVzZXJuYW1lIjoiZHZjaHV5ZW5AdW5pc2hhbm9pLm9yZyIsImZpbGVfcGsiOjI2MDQwNywidGFibGVfbmFtZSI6IlBlcnNvbiIsInJlY29yZF9mayI6MTc3NDUsImV4cCI6MTc3MzUzMTAwMH0=.QRq86fZmXycu6KJLA7pMKV6ksAJMDKRIsBRz3x61XZg=&transform=true
17748,https://files2.veracross.com/unishanoi/legacy_files/296414?auth=eyJhbGciOiJIUzI1NiIsInR5cCI6IkpXVCJ9.eyJkYXRhYmFzZSI6InVuaXNoYW5vaSIsInVzZXJuYW1lIjoiZHZjaHV5ZW5AdW5pc2hhbm9pLm9yZyIsImZpbGVfcGsiOjI5NjQxNCwidGFibGVfbmFtZSI6IlBlcnNvbiIsInJlY29yZF9mayI6MTc3NDgsImV4cCI6MTc3MzUzMTAwMH0=.mDEys6Kkx8oAIUrwdEy7JC2oGTJ4xopvulHyQGui8h8=&transform=true
17775,https://files2.veracross.com/unishanoi/legacy_files/296411?auth=eyJhbGciOiJIUzI1NiIsInR5cCI6IkpXVCJ9.eyJkYXRhYmFzZSI6InVuaXNoYW5vaSIsInVzZXJuYW1lIjoiZHZjaHV5ZW5AdW5pc2hhbm9pLm9yZyIsImZpbGVfcGsiOjI5NjQxMSwidGFibGVfbmFtZSI6IlBlcnNvbiIsInJlY29yZF9mayI6MTc3NzUsImV4cCI6MTc3MzUzMTAwMH0=.zpm27m-LUCMLPZn7aogGztcvKdpgRx79wh9ROgGA8mQ=&transform=true
17851,https://files2.veracross.com/unishanoi/legacy_files/296369?auth=eyJhbGciOiJIUzI1NiIsInR5cCI6IkpXVCJ9.eyJkYXRhYmFzZSI6InVuaXNoYW5vaSIsInVzZXJuYW1lIjoiZHZjaHV5ZW5AdW5pc2hhbm9pLm9yZyIsImZpbGVfcGsiOjI5NjM2OSwidGFibGVfbmFtZSI6IlBlcnNvbiIsInJlY29yZF9mayI6MTc4NTEsImV4cCI6MTc3MzUzMTAwMH0=.0tR8Qji4kp77RWr2OFCYZ1Ua18towuLWISnf0iH4Bc0=&transform=true
17921,https://files2.veracross.com/unishanoi/legacy_files/296361?auth=eyJhbGciOiJIUzI1NiIsInR5cCI6IkpXVCJ9.eyJkYXRhYmFzZSI6InVuaXNoYW5vaSIsInVzZXJuYW1lIjoiZHZjaHV5ZW5AdW5pc2hhbm9pLm9yZyIsImZpbGVfcGsiOjI5NjM2MSwidGFibGVfbmFtZSI6IlBlcnNvbiIsInJlY29yZF9mayI6MTc5MjEsImV4cCI6MTc3MzUzMTAwMH0=.-7aoQ7pZ1Lc1_xcjVErBi8WN-6zJyRAZDA4X_k_BTZ4=&transform=true
17928,https://files2.veracross.com/unishanoi/legacy_files/296486?auth=eyJhbGciOiJIUzI1NiIsInR5cCI6IkpXVCJ9.eyJkYXRhYmFzZSI6InVuaXNoYW5vaSIsInVzZXJuYW1lIjoiZHZjaHV5ZW5AdW5pc2hhbm9pLm9yZyIsImZpbGVfcGsiOjI5NjQ4NiwidGFibGVfbmFtZSI6IlBlcnNvbiIsInJlY29yZF9mayI6MTc5MjgsImV4cCI6MTc3MzUzMTAwMH0=.kdG_ljQZaIrJDHMg3Wn4pyXhXM7JV-oK-FSyGSqW6Lo=&transform=true
17929,https://files2.veracross.com/unishanoi/legacy_files/296483?auth=eyJhbGciOiJIUzI1NiIsInR5cCI6IkpXVCJ9.eyJkYXRhYmFzZSI6InVuaXNoYW5vaSIsInVzZXJuYW1lIjoiZHZjaHV5ZW5AdW5pc2hhbm9pLm9yZyIsImZpbGVfcGsiOjI5NjQ4MywidGFibGVfbmFtZSI6IlBlcnNvbiIsInJlY29yZF9mayI6MTc5MjksImV4cCI6MTc3MzUzMTAwMH0=.DRLqjN-q17_jI-SbPq5OAjR0RG3N6CKpe8WAc2h3Ueg=&transform=true
29985,https://files2.veracross.com/unishanoi/legacy_files/296346?auth=eyJhbGciOiJIUzI1NiIsInR5cCI6IkpXVCJ9.eyJkYXRhYmFzZSI6InVuaXNoYW5vaSIsInVzZXJuYW1lIjoiZHZjaHV5ZW5AdW5pc2hhbm9pLm9yZyIsImZpbGVfcGsiOjI5NjM0NiwidGFibGVfbmFtZSI6IlBlcnNvbiIsInJlY29yZF9mayI6Mjk5ODUsImV4cCI6MTc3MzUzMTAwMH0=.7diDzddpVMG9uFX3uci0Wqn4mMjJq-PMYiOWnD5PPco=&transform=true
30212,https://files2.veracross.com/unishanoi/legacy_files/260456?auth=eyJhbGciOiJIUzI1NiIsInR5cCI6IkpXVCJ9.eyJkYXRhYmFzZSI6InVuaXNoYW5vaSIsInVzZXJuYW1lIjoiZHZjaHV5ZW5AdW5pc2hhbm9pLm9yZyIsImZpbGVfcGsiOjI2MDQ1NiwidGFibGVfbmFtZSI6IlBlcnNvbiIsInJlY29yZF9mayI6MzAyMTIsImV4cCI6MTc3MzUzMTAwMH0=.xLFox79DHaGF6ptfK86xYH8eeLOkGNxfYErz69MzWH8=&transform=true
30247,https://files2.veracross.com/unishanoi/legacy_files/251464?auth=eyJhbGciOiJIUzI1NiIsInR5cCI6IkpXVCJ9.eyJkYXRhYmFzZSI6InVuaXNoYW5vaSIsInVzZXJuYW1lIjoiZHZjaHV5ZW5AdW5pc2hhbm9pLm9yZyIsImZpbGVfcGsiOjI1MTQ2NCwidGFibGVfbmFtZSI6IlBlcnNvbiIsInJlY29yZF9mayI6MzAyNDcsImV4cCI6MTc3MzUzMTAwMH0=.uoEKQlj5nmGu4zmhDwlEWJeEgjnRq3eI0GAKJ_pGqyk=&transform=true
30248,https://files2.veracross.com/unishanoi/legacy_files/251465?auth=eyJhbGciOiJIUzI1NiIsInR5cCI6IkpXVCJ9.eyJkYXRhYmFzZSI6InVuaXNoYW5vaSIsInVzZXJuYW1lIjoiZHZjaHV5ZW5AdW5pc2hhbm9pLm9yZyIsImZpbGVfcGsiOjI1MTQ2NSwidGFibGVfbmFtZSI6IlBlcnNvbiIsInJlY29yZF9mayI6MzAyNDgsImV4cCI6MTc3MzUzMTAwMH0=.Bysfo1lFO-q65_-j1oRvbD9hs-LtjFSMP-GwanzTJAE=&transform=true
30269,https://files2.veracross.com/unishanoi/legacy_files/260366?auth=eyJhbGciOiJIUzI1NiIsInR5cCI6IkpXVCJ9.eyJkYXRhYmFzZSI6InVuaXNoYW5vaSIsInVzZXJuYW1lIjoiZHZjaHV5ZW5AdW5pc2hhbm9pLm9yZyIsImZpbGVfcGsiOjI2MDM2NiwidGFibGVfbmFtZSI6IlBlcnNvbiIsInJlY29yZF9mayI6MzAyNjksImV4cCI6MTc3MzUzMTAwMH0=.WKpZssNmkLt_5esnMZcSeQnwet05sh0WtLnsWUAFkNA=&transform=true
30270,https://files2.veracross.com/unishanoi/legacy_files/260412?auth=eyJhbGciOiJIUzI1NiIsInR5cCI6IkpXVCJ9.eyJkYXRhYmFzZSI6InVuaXNoYW5vaSIsInVzZXJuYW1lIjoiZHZjaHV5ZW5AdW5pc2hhbm9pLm9yZyIsImZpbGVfcGsiOjI2MDQxMiwidGFibGVfbmFtZSI6IlBlcnNvbiIsInJlY29yZF9mayI6MzAyNzAsImV4cCI6MTc3MzUzMTAwMH0=.bfvu0uKmOxoq7jAzG-Ea_Cx6CdlO0cKW9wvJgMJnlqo=&transform=true
30273,https://files2.veracross.com/unishanoi/legacy_files/260403?auth=eyJhbGciOiJIUzI1NiIsInR5cCI6IkpXVCJ9.eyJkYXRhYmFzZSI6InVuaXNoYW5vaSIsInVzZXJuYW1lIjoiZHZjaHV5ZW5AdW5pc2hhbm9pLm9yZyIsImZpbGVfcGsiOjI2MDQwMywidGFibGVfbmFtZSI6IlBlcnNvbiIsInJlY29yZF9mayI6MzAyNzMsImV4cCI6MTc3MzUzMTAwMH0=.GeKY4l3N3xCrxFRtBsoPt-k1lwkbwy248sx64m-Hnbo=&transform=true
31136,https://files2.veracross.com/unishanoi/legacy_files/296515?auth=eyJhbGciOiJIUzI1NiIsInR5cCI6IkpXVCJ9.eyJkYXRhYmFzZSI6InVuaXNoYW5vaSIsInVzZXJuYW1lIjoiZHZjaHV5ZW5AdW5pc2hhbm9pLm9yZyIsImZpbGVfcGsiOjI5NjUxNSwidGFibGVfbmFtZSI6IlBlcnNvbiIsInJlY29yZF9mayI6MzExMzYsImV4cCI6MTc3MzUzMTAwMH0=.PV_Zu7bWBZiC03X61pipXhnpBlLE5XVgvku_IEociHY=&transform=true
33311,https://files2.veracross.com/unishanoi/legacy_files/296392?auth=eyJhbGciOiJIUzI1NiIsInR5cCI6IkpXVCJ9.eyJkYXRhYmFzZSI6InVuaXNoYW5vaSIsInVzZXJuYW1lIjoiZHZjaHV5ZW5AdW5pc2hhbm9pLm9yZyIsImZpbGVfcGsiOjI5NjM5MiwidGFibGVfbmFtZSI6IlBlcnNvbiIsInJlY29yZF9mayI6MzMzMTEsImV4cCI6MTc3MzUzMTAwMH0=.j6c4wOJnrkuDucKGMfL-yDmrA7sxLNxCrAZIGv8ePRI=&transform=true
34255,https://files2.veracross.com/unishanoi/legacy_files/296351?auth=eyJhbGciOiJIUzI1NiIsInR5cCI6IkpXVCJ9.eyJkYXRhYmFzZSI6InVuaXNoYW5vaSIsInVzZXJuYW1lIjoiZHZjaHV5ZW5AdW5pc2hhbm9pLm9yZyIsImZpbGVfcGsiOjI5NjM1MSwidGFibGVfbmFtZSI6IlBlcnNvbiIsInJlY29yZF9mayI6MzQyNTUsImV4cCI6MTc3MzUzMTAwMH0=.cokrClRAAASXZrpESmzYmdnDDZhnmP1jCjhNTFuM46c=&transform=true
34323,https://res.cloudinary.com/veracross/image/upload/v1590100679/default.png
34324,https://files2.veracross.com/unishanoi/legacy_files/296391?auth=eyJhbGciOiJIUzI1NiIsInR5cCI6IkpXVCJ9.eyJkYXRhYmFzZSI6InVuaXNoYW5vaSIsInVzZXJuYW1lIjoiZHZjaHV5ZW5AdW5pc2hhbm9pLm9yZyIsImZpbGVfcGsiOjI5NjM5MSwidGFibGVfbmFtZSI6IlBlcnNvbiIsInJlY29yZF9mayI6MzQzMjQsImV4cCI6MTc3MzUzMTAwMH0=.xWv35QpAorQD0IWlYl5wVEMoLXBksizQpSYhIGZNB88=&transform=true
34325,https://files2.veracross.com/unishanoi/legacy_files/260330?auth=eyJhbGciOiJIUzI1NiIsInR5cCI6IkpXVCJ9.eyJkYXRhYmFzZSI6InVuaXNoYW5vaSIsInVzZXJuYW1lIjoiZHZjaHV5ZW5AdW5pc2hhbm9pLm9yZyIsImZpbGVfcGsiOjI2MDMzMCwidGFibGVfbmFtZSI6IlBlcnNvbiIsInJlY29yZF9mayI6MzQzMjUsImV4cCI6MTc3MzUzMTAwMH0=.gaKQ5yANja_6Ncqg_zTAKX0MFyoPhvX8LPqCLPXP2Zo=&transform=true
34326,https://files2.veracross.com/unishanoi/legacy_files/260309?auth=eyJhbGciOiJIUzI1NiIsInR5cCI6IkpXVCJ9.eyJkYXRhYmFzZSI6InVuaXNoYW5vaSIsInVzZXJuYW1lIjoiZHZjaHV5ZW5AdW5pc2hhbm9pLm9yZyIsImZpbGVfcGsiOjI2MDMwOSwidGFibGVfbmFtZSI6IlBlcnNvbiIsInJlY29yZF9mayI6MzQzMjYsImV4cCI6MTc3MzUzMTAwMH0=.DYFhiVFirEDO6aFosOFdI8E4JWV_Imfwe1LFjiYt1SI=&transform=true
34528,https://files2.veracross.com/unishanoi/legacy_files/260498?auth=eyJhbGciOiJIUzI1NiIsInR5cCI6IkpXVCJ9.eyJkYXRhYmFzZSI6InVuaXNoYW5vaSIsInVzZXJuYW1lIjoiZHZjaHV5ZW5AdW5pc2hhbm9pLm9yZyIsImZpbGVfcGsiOjI2MDQ5OCwidGFibGVfbmFtZSI6IlBlcnNvbiIsInJlY29yZF9mayI6MzQ1MjgsImV4cCI6MTc3MzUzMTAwMH0=.Kvh44RxS2oa1D5EoVXGTkrn_DYJxlyazk0gRQvEPd68=&transform=true
34529,https://files2.veracross.com/unishanoi/legacy_files/296496?auth=eyJhbGciOiJIUzI1NiIsInR5cCI6IkpXVCJ9.eyJkYXRhYmFzZSI6InVuaXNoYW5vaSIsInVzZXJuYW1lIjoiZHZjaHV5ZW5AdW5pc2hhbm9pLm9yZyIsImZpbGVfcGsiOjI5NjQ5NiwidGFibGVfbmFtZSI6IlBlcnNvbiIsInJlY29yZF9mayI6MzQ1MjksImV4cCI6MTc3MzUzMTAwMH0=.0bX-o4rq8efYZRQl7j_HygirJb5NAOhZy70hYpxa6R0=&transform=true
35141,https://files2.veracross.com/unishanoi/legacy_files/260474?auth=eyJhbGciOiJIUzI1NiIsInR5cCI6IkpXVCJ9.eyJkYXRhYmFzZSI6InVuaXNoYW5vaSIsInVzZXJuYW1lIjoiZHZjaHV5ZW5AdW5pc2hhbm9pLm9yZyIsImZpbGVfcGsiOjI2MDQ3NCwidGFibGVfbmFtZSI6IlBlcnNvbiIsInJlY29yZF9mayI6MzUxNDEsImV4cCI6MTc3MzUzMTAwMH0=.dITCKncp0qFBIOcwAZFfMuvZT4AyaM3LrUlTuF9m8OQ=&transform=true
35150,https://files2.veracross.com/unishanoi/legacy_files/296508?auth=eyJhbGciOiJIUzI1NiIsInR5cCI6IkpXVCJ9.eyJkYXRhYmFzZSI6InVuaXNoYW5vaSIsInVzZXJuYW1lIjoiZHZjaHV5ZW5AdW5pc2hhbm9pLm9yZyIsImZpbGVfcGsiOjI5NjUwOCwidGFibGVfbmFtZSI6IlBlcnNvbiIsInJlY29yZF9mayI6MzUxNTAsImV4cCI6MTc3MzUzMTAwMH0=.-nTaxHAn3r6so-ASXjc4PndpUguHX9gHc3B2h_Sy9Ck=&transform=true
35152,https://files2.veracross.com/unishanoi/legacy_files/260499?auth=eyJhbGciOiJIUzI1NiIsInR5cCI6IkpXVCJ9.eyJkYXRhYmFzZSI6InVuaXNoYW5vaSIsInVzZXJuYW1lIjoiZHZjaHV5ZW5AdW5pc2hhbm9pLm9yZyIsImZpbGVfcGsiOjI2MDQ5OSwidGFibGVfbmFtZSI6IlBlcnNvbiIsInJlY29yZF9mayI6MzUxNTIsImV4cCI6MTc3MzUzMTAwMH0=.QykwzlPVl25AjUfttiRLoY6-WuzCRXND_vMClH0OK8w=&transform=true
35243,https://files2.veracross.com/unishanoi/legacy_files/296441?auth=eyJhbGciOiJIUzI1NiIsInR5cCI6IkpXVCJ9.eyJkYXRhYmFzZSI6InVuaXNoYW5vaSIsInVzZXJuYW1lIjoiZHZjaHV5ZW5AdW5pc2hhbm9pLm9yZyIsImZpbGVfcGsiOjI5NjQ0MSwidGFibGVfbmFtZSI6IlBlcnNvbiIsInJlY29yZF9mayI6MzUyNDMsImV4cCI6MTc3MzUzMTAwMH0=.ezcQrcqOU9dc36QMf0b9YigePvGYGiopsGnorKS9p8Y=&transform=true
35555,https://files2.veracross.com/unishanoi/legacy_files/296501?auth=eyJhbGciOiJIUzI1NiIsInR5cCI6IkpXVCJ9.eyJkYXRhYmFzZSI6InVuaXNoYW5vaSIsInVzZXJuYW1lIjoiZHZjaHV5ZW5AdW5pc2hhbm9pLm9yZyIsImZpbGVfcGsiOjI5NjUwMSwidGFibGVfbmFtZSI6IlBlcnNvbiIsInJlY29yZF9mayI6MzU1NTUsImV4cCI6MTc3MzUzMTAwMH0=.YbPZ19A9LhZRZBhHXnPTFH34hlF6XXGRlbVjitByS4s=&transform=true
37579,https://files2.veracross.com/unishanoi/legacy_files/296505?auth=eyJhbGciOiJIUzI1NiIsInR5cCI6IkpXVCJ9.eyJkYXRhYmFzZSI6InVuaXNoYW5vaSIsInVzZXJuYW1lIjoiZHZjaHV5ZW5AdW5pc2hhbm9pLm9yZyIsImZpbGVfcGsiOjI5NjUwNSwidGFibGVfbmFtZSI6IlBlcnNvbiIsInJlY29yZF9mayI6Mzc1NzksImV4cCI6MTc3MzUzMTAwMH0=.n7hYHtxwhr7vx7lEnoJSTDXZ6eLl8ESoVzu1wZD0M0o=&transform=true
37580,https://files2.veracross.com/unishanoi/legacy_files/296476?auth=eyJhbGciOiJIUzI1NiIsInR5cCI6IkpXVCJ9.eyJkYXRhYmFzZSI6InVuaXNoYW5vaSIsInVzZXJuYW1lIjoiZHZjaHV5ZW5AdW5pc2hhbm9pLm9yZyIsImZpbGVfcGsiOjI5NjQ3NiwidGFibGVfbmFtZSI6IlBlcnNvbiIsInJlY29yZF9mayI6Mzc1ODAsImV4cCI6MTc3MzUzMTAwMH0=.h3O3i-3vWSj5KhsPaf6RIGK1O3EHbobhb4d85FZfl5o=&transform=true
37680,https://files2.veracross.com/unishanoi/legacy_files/296438?auth=eyJhbGciOiJIUzI1NiIsInR5cCI6IkpXVCJ9.eyJkYXRhYmFzZSI6InVuaXNoYW5vaSIsInVzZXJuYW1lIjoiZHZjaHV5ZW5AdW5pc2hhbm9pLm9yZyIsImZpbGVfcGsiOjI5NjQzOCwidGFibGVfbmFtZSI6IlBlcnNvbiIsInJlY29yZF9mayI6Mzc2ODAsImV4cCI6MTc3MzUzMTAwMH0=.3xzFcS3HYRFwDHqjyvOF3jK0CjfK2KK_FIWHfb1ZggU=&transform=true
37681,https://files2.veracross.com/unishanoi/legacy_files/296439?auth=eyJhbGciOiJIUzI1NiIsInR5cCI6IkpXVCJ9.eyJkYXRhYmFzZSI6InVuaXNoYW5vaSIsInVzZXJuYW1lIjoiZHZjaHV5ZW5AdW5pc2hhbm9pLm9yZyIsImZpbGVfcGsiOjI5NjQzOSwidGFibGVfbmFtZSI6IlBlcnNvbiIsInJlY29yZF9mayI6Mzc2ODEsImV4cCI6MTc3MzUzMTAwMH0=.SpJLOiLe8cWhsXhRkXSxs3QY0wTV3ZY2rWwZycC3ftQ=&transform=true
38457,https://files2.veracross.com/unishanoi/legacy_files/296383?auth=eyJhbGciOiJIUzI1NiIsInR5cCI6IkpXVCJ9.eyJkYXRhYmFzZSI6InVuaXNoYW5vaSIsInVzZXJuYW1lIjoiZHZjaHV5ZW5AdW5pc2hhbm9pLm9yZyIsImZpbGVfcGsiOjI5NjM4MywidGFibGVfbmFtZSI6IlBlcnNvbiIsInJlY29yZF9mayI6Mzg0NTcsImV4cCI6MTc3MzUzMTAwMH0=.q4Rp3egbAvjwS1P3ffV-YqRYBOocAv1FTL2WNcPsxVE=&transform=true
38460,https://files2.veracross.com/unishanoi/legacy_files/296510?auth=eyJhbGciOiJIUzI1NiIsInR5cCI6IkpXVCJ9.eyJkYXRhYmFzZSI6InVuaXNoYW5vaSIsInVzZXJuYW1lIjoiZHZjaHV5ZW5AdW5pc2hhbm9pLm9yZyIsImZpbGVfcGsiOjI5NjUxMCwidGFibGVfbmFtZSI6IlBlcnNvbiIsInJlY29yZF9mayI6Mzg0NjAsImV4cCI6MTc3MzUzMTAwMH0=.UsD5XU9Ks4IWDHgsFZovLLs900zc-me7WNXEB3yEbwc=&transform=true
38469,https://files2.veracross.com/unishanoi/legacy_files/296380?auth=eyJhbGciOiJIUzI1NiIsInR5cCI6IkpXVCJ9.eyJkYXRhYmFzZSI6InVuaXNoYW5vaSIsInVzZXJuYW1lIjoiZHZjaHV5ZW5AdW5pc2hhbm9pLm9yZyIsImZpbGVfcGsiOjI5NjM4MCwidGFibGVfbmFtZSI6IlBlcnNvbiIsInJlY29yZF9mayI6Mzg0NjksImV4cCI6MTc3MzUzMTAwMH0=.4b0KBhPgz__Ns0ETFQdPTY1HqFsA0SMQSBnovzZSZ64=&transform=true
38470,https://files2.veracross.com/unishanoi/legacy_files/296480?auth=eyJhbGciOiJIUzI1NiIsInR5cCI6IkpXVCJ9.eyJkYXRhYmFzZSI6InVuaXNoYW5vaSIsInVzZXJuYW1lIjoiZHZjaHV5ZW5AdW5pc2hhbm9pLm9yZyIsImZpbGVfcGsiOjI5NjQ4MCwidGFibGVfbmFtZSI6IlBlcnNvbiIsInJlY29yZF9mayI6Mzg0NzAsImV4cCI6MTc3MzUzMTAwMH0=.3uHS1gYhAmDU3-AcCIBJm_0X292LIvlIZVp7SDrm5xQ=&transform=true
38616,https://files2.veracross.com/unishanoi/legacy_files/260435?auth=eyJhbGciOiJIUzI1NiIsInR5cCI6IkpXVCJ9.eyJkYXRhYmFzZSI6InVuaXNoYW5vaSIsInVzZXJuYW1lIjoiZHZjaHV5ZW5AdW5pc2hhbm9pLm9yZyIsImZpbGVfcGsiOjI2MDQzNSwidGFibGVfbmFtZSI6IlBlcnNvbiIsInJlY29yZF9mayI6Mzg2MTYsImV4cCI6MTc3MzUzMTAwMH0=.AjAymKE0dGUvxVOwTyqWe-lRGVytskw9ID-Sb3YowKw=&transform=true
38626,https://files2.veracross.com/unishanoi/legacy_files/296402?auth=eyJhbGciOiJIUzI1NiIsInR5cCI6IkpXVCJ9.eyJkYXRhYmFzZSI6InVuaXNoYW5vaSIsInVzZXJuYW1lIjoiZHZjaHV5ZW5AdW5pc2hhbm9pLm9yZyIsImZpbGVfcGsiOjI5NjQwMiwidGFibGVfbmFtZSI6IlBlcnNvbiIsInJlY29yZF9mayI6Mzg2MjYsImV4cCI6MTc3MzUzMTAwMH0=.UYkrBcCwqFHzuFnv4G78goVCjlWkRY12nW7xyhC7hXQ=&transform=true
38637,https://files2.veracross.com/unishanoi/legacy_files/260389?auth=eyJhbGciOiJIUzI1NiIsInR5cCI6IkpXVCJ9.eyJkYXRhYmFzZSI6InVuaXNoYW5vaSIsInVzZXJuYW1lIjoiZHZjaHV5ZW5AdW5pc2hhbm9pLm9yZyIsImZpbGVfcGsiOjI2MDM4OSwidGFibGVfbmFtZSI6IlBlcnNvbiIsInJlY29yZF9mayI6Mzg2MzcsImV4cCI6MTc3MzUzMTAwMH0=.k6CWm6tNp_8YtPjgBnyxLpuIBPyLQVxyoex4M0MZg4w=&transform=true
38654,https://files2.veracross.com/unishanoi/legacy_files/260339?auth=eyJhbGciOiJIUzI1NiIsInR5cCI6IkpXVCJ9.eyJkYXRhYmFzZSI6InVuaXNoYW5vaSIsInVzZXJuYW1lIjoiZHZjaHV5ZW5AdW5pc2hhbm9pLm9yZyIsImZpbGVfcGsiOjI2MDMzOSwidGFibGVfbmFtZSI6IlBlcnNvbiIsInJlY29yZF9mayI6Mzg2NTQsImV4cCI6MTc3MzUzMTAwMH0=.FWKeRWhkefEJJFcBp04FXxtEIhvTjzslEH4IAKPv6tk=&transform=true
38658,https://files2.veracross.com/unishanoi/legacy_files/296475?auth=eyJhbGciOiJIUzI1NiIsInR5cCI6IkpXVCJ9.eyJkYXRhYmFzZSI6InVuaXNoYW5vaSIsInVzZXJuYW1lIjoiZHZjaHV5ZW5AdW5pc2hhbm9pLm9yZyIsImZpbGVfcGsiOjI5NjQ3NSwidGFibGVfbmFtZSI6IlBlcnNvbiIsInJlY29yZF9mayI6Mzg2NTgsImV4cCI6MTc3MzUzMTAwMH0=.UOtoxUM5nD5rtqF_p7PRkG4rsEhErQaEqqwx8tZKbYc=&transform=true
38663,https://files2.veracross.com/unishanoi/legacy_files/260483?auth=eyJhbGciOiJIUzI1NiIsInR5cCI6IkpXVCJ9.eyJkYXRhYmFzZSI6InVuaXNoYW5vaSIsInVzZXJuYW1lIjoiZHZjaHV5ZW5AdW5pc2hhbm9pLm9yZyIsImZpbGVfcGsiOjI2MDQ4MywidGFibGVfbmFtZSI6IlBlcnNvbiIsInJlY29yZF9mayI6Mzg2NjMsImV4cCI6MTc3MzUzMTAwMH0=.GwvV5eJ3UoLlyA3JoKsW8Vlw4kmGK-ItGXsZSUNKYiI=&transform=true
38665,https://files2.veracross.com/unishanoi/legacy_files/251514?auth=eyJhbGciOiJIUzI1NiIsInR5cCI6IkpXVCJ9.eyJkYXRhYmFzZSI6InVuaXNoYW5vaSIsInVzZXJuYW1lIjoiZHZjaHV5ZW5AdW5pc2hhbm9pLm9yZyIsImZpbGVfcGsiOjI1MTUxNCwidGFibGVfbmFtZSI6IlBlcnNvbiIsInJlY29yZF9mayI6Mzg2NjUsImV4cCI6MTc3MzUzMTAwMH0=.gWcif0afQx0WcVsOz2vsqGmcKCOFWZ89GRANVShveaU=&transform=true
38688,https://files2.veracross.com/unishanoi/legacy_files/296498?auth=eyJhbGciOiJIUzI1NiIsInR5cCI6IkpXVCJ9.eyJkYXRhYmFzZSI6InVuaXNoYW5vaSIsInVzZXJuYW1lIjoiZHZjaHV5ZW5AdW5pc2hhbm9pLm9yZyIsImZpbGVfcGsiOjI5NjQ5OCwidGFibGVfbmFtZSI6IlBlcnNvbiIsInJlY29yZF9mayI6Mzg2ODgsImV4cCI6MTc3MzUzMTAwMH0=.E2FUw6wlkZOrAa9ME_YLESaBizoIYlmwYSZ1WxiCsFg=&transform=true
38689,https://files2.veracross.com/unishanoi/legacy_files/260494?auth=eyJhbGciOiJIUzI1NiIsInR5cCI6IkpXVCJ9.eyJkYXRhYmFzZSI6InVuaXNoYW5vaSIsInVzZXJuYW1lIjoiZHZjaHV5ZW5AdW5pc2hhbm9pLm9yZyIsImZpbGVfcGsiOjI2MDQ5NCwidGFibGVfbmFtZSI6IlBlcnNvbiIsInJlY29yZF9mayI6Mzg2ODksImV4cCI6MTc3MzUzMTAwMH0=.GgnCu9_dkaC085IqXO8W2_hVLG_tVE3CZxnl915H1kU=&transform=true
38796,https://files2.veracross.com/unishanoi/legacy_files/260367?auth=eyJhbGciOiJIUzI1NiIsInR5cCI6IkpXVCJ9.eyJkYXRhYmFzZSI6InVuaXNoYW5vaSIsInVzZXJuYW1lIjoiZHZjaHV5ZW5AdW5pc2hhbm9pLm9yZyIsImZpbGVfcGsiOjI2MDM2NywidGFibGVfbmFtZSI6IlBlcnNvbiIsInJlY29yZF9mayI6Mzg3OTYsImV4cCI6MTc3MzUzMTAwMH0=.yGoPJ3d9la4KlOo-Bo7K4NGP2PPiTFF_QQQy3AwtWK4=&transform=true
38797,https://files2.veracross.com/unishanoi/legacy_files/296415?auth=eyJhbGciOiJIUzI1NiIsInR5cCI6IkpXVCJ9.eyJkYXRhYmFzZSI6InVuaXNoYW5vaSIsInVzZXJuYW1lIjoiZHZjaHV5ZW5AdW5pc2hhbm9pLm9yZyIsImZpbGVfcGsiOjI5NjQxNSwidGFibGVfbmFtZSI6IlBlcnNvbiIsInJlY29yZF9mayI6Mzg3OTcsImV4cCI6MTc3MzUzMTAwMH0=.3rIK-udnQfH11Qp39v7-WozT5TG_JOszd3JF-xxny-U=&transform=true
38883,https://files2.veracross.com/unishanoi/legacy_files/260472?auth=eyJhbGciOiJIUzI1NiIsInR5cCI6IkpXVCJ9.eyJkYXRhYmFzZSI6InVuaXNoYW5vaSIsInVzZXJuYW1lIjoiZHZjaHV5ZW5AdW5pc2hhbm9pLm9yZyIsImZpbGVfcGsiOjI2MDQ3MiwidGFibGVfbmFtZSI6IlBlcnNvbiIsInJlY29yZF9mayI6Mzg4ODMsImV4cCI6MTc3MzUzMTAwMH0=.y96FSbp8TsFjxIJl2DCuUTcgfRyD95nBlyujS70_zXo=&transform=true
39681,https://res.cloudinary.com/veracross/image/upload/v1590100679/default.png
39682,https://res.cloudinary.com/veracross/image/upload/v1590100679/default.png
39683,https://res.cloudinary.com/veracross/image/upload/v1590100679/default.png
40145,https://files2.veracross.com/unishanoi/legacy_files/251527?auth=eyJhbGciOiJIUzI1NiIsInR5cCI6IkpXVCJ9.eyJkYXRhYmFzZSI6InVuaXNoYW5vaSIsInVzZXJuYW1lIjoiZHZjaHV5ZW5AdW5pc2hhbm9pLm9yZyIsImZpbGVfcGsiOjI1MTUyNywidGFibGVfbmFtZSI6IlBlcnNvbiIsInJlY29yZF9mayI6NDAxNDUsImV4cCI6MTc3MzUzMTAwMH0=.qkPsFvoSiT7pI55mkPy6wJOQzDoqhvMW7L7msyVgkkA=&transform=true
43535,https://files2.veracross.com/unishanoi/legacy_files/260380?auth=eyJhbGciOiJIUzI1NiIsInR5cCI6IkpXVCJ9.eyJkYXRhYmFzZSI6InVuaXNoYW5vaSIsInVzZXJuYW1lIjoiZHZjaHV5ZW5AdW5pc2hhbm9pLm9yZyIsImZpbGVfcGsiOjI2MDM4MCwidGFibGVfbmFtZSI6IlBlcnNvbiIsInJlY29yZF9mayI6NDM1MzUsImV4cCI6MTc3MzUzMTAwMH0=.M2_RhmHQnhcJwbCZKonuRFioPujn46uVwAXCXCv5vOU=&transform=true
43536,https://files2.veracross.com/unishanoi/legacy_files/251537?auth=eyJhbGciOiJIUzI1NiIsInR5cCI6IkpXVCJ9.eyJkYXRhYmFzZSI6InVuaXNoYW5vaSIsInVzZXJuYW1lIjoiZHZjaHV5ZW5AdW5pc2hhbm9pLm9yZyIsImZpbGVfcGsiOjI1MTUzNywidGFibGVfbmFtZSI6IlBlcnNvbiIsInJlY29yZF9mayI6NDM1MzYsImV4cCI6MTc3MzUzMTAwMH0=.k63gc3tQQZl0tlCofwVUPTOJmabrBjH8t_tfDl5T9Eo=&transform=true
43537,https://files2.veracross.com/unishanoi/legacy_files/251538?auth=eyJhbGciOiJIUzI1NiIsInR5cCI6IkpXVCJ9.eyJkYXRhYmFzZSI6InVuaXNoYW5vaSIsInVzZXJuYW1lIjoiZHZjaHV5ZW5AdW5pc2hhbm9pLm9yZyIsImZpbGVfcGsiOjI1MTUzOCwidGFibGVfbmFtZSI6IlBlcnNvbiIsInJlY29yZF9mayI6NDM1MzcsImV4cCI6MTc3MzUzMTAwMH0=.73kHMue7TXfYE-bMsYbHtJT7EtoelSJRUdBbXCBJz2M=&transform=true
43546,https://files2.veracross.com/unishanoi/legacy_files/260290?auth=eyJhbGciOiJIUzI1NiIsInR5cCI6IkpXVCJ9.eyJkYXRhYmFzZSI6InVuaXNoYW5vaSIsInVzZXJuYW1lIjoiZHZjaHV5ZW5AdW5pc2hhbm9pLm9yZyIsImZpbGVfcGsiOjI2MDI5MCwidGFibGVfbmFtZSI6IlBlcnNvbiIsInJlY29yZF9mayI6NDM1NDYsImV4cCI6MTc3MzUzMTAwMH0=.xUixiVuXGip2GzIEpvmOzHhTmsA5-hQk-7cM8YplkaE=&transform=true
43551,https://files2.veracross.com/unishanoi/legacy_files/260303?auth=eyJhbGciOiJIUzI1NiIsInR5cCI6IkpXVCJ9.eyJkYXRhYmFzZSI6InVuaXNoYW5vaSIsInVzZXJuYW1lIjoiZHZjaHV5ZW5AdW5pc2hhbm9pLm9yZyIsImZpbGVfcGsiOjI2MDMwMywidGFibGVfbmFtZSI6IlBlcnNvbiIsInJlY29yZF9mayI6NDM1NTEsImV4cCI6MTc3MzUzMTAwMH0=.7UWWgddOG7d3_hocJ7-d0z3BUkUBQbrRFHYrDKGJyKY=&transform=true
43556,https://files2.veracross.com/unishanoi/legacy_files/296384?auth=eyJhbGciOiJIUzI1NiIsInR5cCI6IkpXVCJ9.eyJkYXRhYmFzZSI6InVuaXNoYW5vaSIsInVzZXJuYW1lIjoiZHZjaHV5ZW5AdW5pc2hhbm9pLm9yZyIsImZpbGVfcGsiOjI5NjM4NCwidGFibGVfbmFtZSI6IlBlcnNvbiIsInJlY29yZF9mayI6NDM1NTYsImV4cCI6MTc3MzUzMTAwMH0=.NDEKcJDd9NY2COX3-m0ie4B9cIFknYA32FbP2_5CxP8=&transform=true
43558,https://files2.veracross.com/unishanoi/legacy_files/296490?auth=eyJhbGciOiJIUzI1NiIsInR5cCI6IkpXVCJ9.eyJkYXRhYmFzZSI6InVuaXNoYW5vaSIsInVzZXJuYW1lIjoiZHZjaHV5ZW5AdW5pc2hhbm9pLm9yZyIsImZpbGVfcGsiOjI5NjQ5MCwidGFibGVfbmFtZSI6IlBlcnNvbiIsInJlY29yZF9mayI6NDM1NTgsImV4cCI6MTc3MzUzMTAwMH0=.x05nWu6-x5PN7GJvQsr6nAePBAR9Z06HuVtJqo-aGvM=&transform=true
43559,https://files2.veracross.com/unishanoi/legacy_files/296482?auth=eyJhbGciOiJIUzI1NiIsInR5cCI6IkpXVCJ9.eyJkYXRhYmFzZSI6InVuaXNoYW5vaSIsInVzZXJuYW1lIjoiZHZjaHV5ZW5AdW5pc2hhbm9pLm9yZyIsImZpbGVfcGsiOjI5NjQ4MiwidGFibGVfbmFtZSI6IlBlcnNvbiIsInJlY29yZF9mayI6NDM1NTksImV4cCI6MTc3MzUzMTAwMH0=.nSvB4GB6iQdeC1_vRB9Lvm8G-qroDl3PYo2ywAWzC7c=&transform=true
43904,https://files2.veracross.com/unishanoi/legacy_files/296420?auth=eyJhbGciOiJIUzI1NiIsInR5cCI6IkpXVCJ9.eyJkYXRhYmFzZSI6InVuaXNoYW5vaSIsInVzZXJuYW1lIjoiZHZjaHV5ZW5AdW5pc2hhbm9pLm9yZyIsImZpbGVfcGsiOjI5NjQyMCwidGFibGVfbmFtZSI6IlBlcnNvbiIsInJlY29yZF9mayI6NDM5MDQsImV4cCI6MTc3MzUzMTAwMH0=.3-MJUpSXcOP5yJO0EHT1iMPCnX7zje8ZRij_yevtd9s=&transform=true
43907,https://files2.veracross.com/unishanoi/legacy_files/260363?auth=eyJhbGciOiJIUzI1NiIsInR5cCI6IkpXVCJ9.eyJkYXRhYmFzZSI6InVuaXNoYW5vaSIsInVzZXJuYW1lIjoiZHZjaHV5ZW5AdW5pc2hhbm9pLm9yZyIsImZpbGVfcGsiOjI2MDM2MywidGFibGVfbmFtZSI6IlBlcnNvbiIsInJlY29yZF9mayI6NDM5MDcsImV4cCI6MTc3MzUzMTAwMH0=.Xr-WHHxxquBUZ57tUYq9P_YXRYwC9MUxnqWMz-CmViw=&transform=true
43911,https://files2.veracross.com/unishanoi/legacy_files/296433?auth=eyJhbGciOiJIUzI1NiIsInR5cCI6IkpXVCJ9.eyJkYXRhYmFzZSI6InVuaXNoYW5vaSIsInVzZXJuYW1lIjoiZHZjaHV5ZW5AdW5pc2hhbm9pLm9yZyIsImZpbGVfcGsiOjI5NjQzMywidGFibGVfbmFtZSI6IlBlcnNvbiIsInJlY29yZF9mayI6NDM5MTEsImV4cCI6MTc3MzUzMTAwMH0=.IgiMHV2B83ddz1PYLNLFb86JVGjdyUAjxyQylP3LAa4=&transform=true
44244,https://files2.veracross.com/unishanoi/legacy_files/260420?auth=eyJhbGciOiJIUzI1NiIsInR5cCI6IkpXVCJ9.eyJkYXRhYmFzZSI6InVuaXNoYW5vaSIsInVzZXJuYW1lIjoiZHZjaHV5ZW5AdW5pc2hhbm9pLm9yZyIsImZpbGVfcGsiOjI2MDQyMCwidGFibGVfbmFtZSI6IlBlcnNvbiIsInJlY29yZF9mayI6NDQyNDQsImV4cCI6MTc3MzUzMTAwMH0=.ZC47pq7WYbBY8lNf59auQtWuQezPJ1VCjagsyakcQMA=&transform=true
44368,https://files2.veracross.com/unishanoi/legacy_files/296473?auth=eyJhbGciOiJIUzI1NiIsInR5cCI6IkpXVCJ9.eyJkYXRhYmFzZSI6InVuaXNoYW5vaSIsInVzZXJuYW1lIjoiZHZjaHV5ZW5AdW5pc2hhbm9pLm9yZyIsImZpbGVfcGsiOjI5NjQ3MywidGFibGVfbmFtZSI6IlBlcnNvbiIsInJlY29yZF9mayI6NDQzNjgsImV4cCI6MTc3MzUzMTAwMH0=.IfKKbDBUckMlKaFiBLx57ZD4iVnGO-pdJtUIv2wxTBg=&transform=true
44369,https://files2.veracross.com/unishanoi/legacy_files/296471?auth=eyJhbGciOiJIUzI1NiIsInR5cCI6IkpXVCJ9.eyJkYXRhYmFzZSI6InVuaXNoYW5vaSIsInVzZXJuYW1lIjoiZHZjaHV5ZW5AdW5pc2hhbm9pLm9yZyIsImZpbGVfcGsiOjI5NjQ3MSwidGFibGVfbmFtZSI6IlBlcnNvbiIsInJlY29yZF9mayI6NDQzNjksImV4cCI6MTc3MzUzMTAwMH0=.GSGF2KQZumLYeIThmXrzuV97R85Xzr57M5xYkRgPUUw=&transform=true
44886,https://files2.veracross.com/unishanoi/legacy_files/251558?auth=eyJhbGciOiJIUzI1NiIsInR5cCI6IkpXVCJ9.eyJkYXRhYmFzZSI6InVuaXNoYW5vaSIsInVzZXJuYW1lIjoiZHZjaHV5ZW5AdW5pc2hhbm9pLm9yZyIsImZpbGVfcGsiOjI1MTU1OCwidGFibGVfbmFtZSI6IlBlcnNvbiIsInJlY29yZF9mayI6NDQ4ODYsImV4cCI6MTc3MzUzMTAwMH0=.uXRgsaNYAMpbahoX4gyVVxTBG0tBvo6H6qW61H0Go3Y=&transform=true
46276,https://files2.veracross.com/unishanoi/legacy_files/296428?auth=eyJhbGciOiJIUzI1NiIsInR5cCI6IkpXVCJ9.eyJkYXRhYmFzZSI6InVuaXNoYW5vaSIsInVzZXJuYW1lIjoiZHZjaHV5ZW5AdW5pc2hhbm9pLm9yZyIsImZpbGVfcGsiOjI5NjQyOCwidGFibGVfbmFtZSI6IlBlcnNvbiIsInJlY29yZF9mayI6NDYyNzYsImV4cCI6MTc3MzUzMTAwMH0=.PrfZBrF1SzYUpV365amyNsKBUEhqHQqJcE0waEF-h0k=&transform=true
46277,https://files2.veracross.com/unishanoi/legacy_files/296422?auth=eyJhbGciOiJIUzI1NiIsInR5cCI6IkpXVCJ9.eyJkYXRhYmFzZSI6InVuaXNoYW5vaSIsInVzZXJuYW1lIjoiZHZjaHV5ZW5AdW5pc2hhbm9pLm9yZyIsImZpbGVfcGsiOjI5NjQyMiwidGFibGVfbmFtZSI6IlBlcnNvbiIsInJlY29yZF9mayI6NDYyNzcsImV4cCI6MTc3MzUzMTAwMH0=.Xm8fKo2DK1nAdXIJAAphtwh2c_22dfYeh5m3y6tscYM=&transform=true
46305,https://files2.veracross.com/unishanoi/legacy_files/260352?auth=eyJhbGciOiJIUzI1NiIsInR5cCI6IkpXVCJ9.eyJkYXRhYmFzZSI6InVuaXNoYW5vaSIsInVzZXJuYW1lIjoiZHZjaHV5ZW5AdW5pc2hhbm9pLm9yZyIsImZpbGVfcGsiOjI2MDM1MiwidGFibGVfbmFtZSI6IlBlcnNvbiIsInJlY29yZF9mayI6NDYzMDUsImV4cCI6MTc3MzUzMTAwMH0=.CFIePs_2-LcPgrtmZXr8MEjKdwzva4zCJhQJt7l_jn0=&transform=true
46307,https://files2.veracross.com/unishanoi/legacy_files/251568?auth=eyJhbGciOiJIUzI1NiIsInR5cCI6IkpXVCJ9.eyJkYXRhYmFzZSI6InVuaXNoYW5vaSIsInVzZXJuYW1lIjoiZHZjaHV5ZW5AdW5pc2hhbm9pLm9yZyIsImZpbGVfcGsiOjI1MTU2OCwidGFibGVfbmFtZSI6IlBlcnNvbiIsInJlY29yZF9mayI6NDYzMDcsImV4cCI6MTc3MzUzMTAwMH0=.T7YsXKNtk8oA8Wub5qjPyKljhc_ssknBPnS1adNpR1E=&transform=true
46314,https://files2.veracross.com/unishanoi/legacy_files/260365?auth=eyJhbGciOiJIUzI1NiIsInR5cCI6IkpXVCJ9.eyJkYXRhYmFzZSI6InVuaXNoYW5vaSIsInVzZXJuYW1lIjoiZHZjaHV5ZW5AdW5pc2hhbm9pLm9yZyIsImZpbGVfcGsiOjI2MDM2NSwidGFibGVfbmFtZSI6IlBlcnNvbiIsInJlY29yZF9mayI6NDYzMTQsImV4cCI6MTc3MzUzMTAwMH0=.UOFlW1o0zRoM8_zL_COlAF_7g1k5p4RaDC5kINRKs7A=&transform=true
46315,https://files2.veracross.com/unishanoi/legacy_files/296416?auth=eyJhbGciOiJIUzI1NiIsInR5cCI6IkpXVCJ9.eyJkYXRhYmFzZSI6InVuaXNoYW5vaSIsInVzZXJuYW1lIjoiZHZjaHV5ZW5AdW5pc2hhbm9pLm9yZyIsImZpbGVfcGsiOjI5NjQxNiwidGFibGVfbmFtZSI6IlBlcnNvbiIsInJlY29yZF9mayI6NDYzMTUsImV4cCI6MTc3MzUzMTAwMH0=.FdSER_mjfPbeuBRWin5DA1qvi-Mb_gIlYWgtwDC9T4Q=&transform=true
46319,https://files2.veracross.com/unishanoi/legacy_files/260413?auth=eyJhbGciOiJIUzI1NiIsInR5cCI6IkpXVCJ9.eyJkYXRhYmFzZSI6InVuaXNoYW5vaSIsInVzZXJuYW1lIjoiZHZjaHV5ZW5AdW5pc2hhbm9pLm9yZyIsImZpbGVfcGsiOjI2MDQxMywidGFibGVfbmFtZSI6IlBlcnNvbiIsInJlY29yZF9mayI6NDYzMTksImV4cCI6MTc3MzUzMTAwMH0=.Q-wPEMnEPLgtO1dhxEKTsgNqH1Za99wrU2yvOe-8jDs=&transform=true
46325,https://files2.veracross.com/unishanoi/legacy_files/260414?auth=eyJhbGciOiJIUzI1NiIsInR5cCI6IkpXVCJ9.eyJkYXRhYmFzZSI6InVuaXNoYW5vaSIsInVzZXJuYW1lIjoiZHZjaHV5ZW5AdW5pc2hhbm9pLm9yZyIsImZpbGVfcGsiOjI2MDQxNCwidGFibGVfbmFtZSI6IlBlcnNvbiIsInJlY29yZF9mayI6NDYzMjUsImV4cCI6MTc3MzUzMTAwMH0=.Gt1NBLo8YSgMKrd0RqOllMZHnGlgGMvBG8Byzb1KOYw=&transform=true
46328,https://files2.veracross.com/unishanoi/legacy_files/296410?auth=eyJhbGciOiJIUzI1NiIsInR5cCI6IkpXVCJ9.eyJkYXRhYmFzZSI6InVuaXNoYW5vaSIsInVzZXJuYW1lIjoiZHZjaHV5ZW5AdW5pc2hhbm9pLm9yZyIsImZpbGVfcGsiOjI5NjQxMCwidGFibGVfbmFtZSI6IlBlcnNvbiIsInJlY29yZF9mayI6NDYzMjgsImV4cCI6MTc3MzUzMTAwMH0=.NMApkx6QmmAYAU9tQNMxQ8-AAb2UQ_qIwSmuY1DxN2o=&transform=true
46331,https://files2.veracross.com/unishanoi/legacy_files/296449?auth=eyJhbGciOiJIUzI1NiIsInR5cCI6IkpXVCJ9.eyJkYXRhYmFzZSI6InVuaXNoYW5vaSIsInVzZXJuYW1lIjoiZHZjaHV5ZW5AdW5pc2hhbm9pLm9yZyIsImZpbGVfcGsiOjI5NjQ0OSwidGFibGVfbmFtZSI6IlBlcnNvbiIsInJlY29yZF9mayI6NDYzMzEsImV4cCI6MTc3MzUzMTAwMH0=.M3-SnRWvCvIJKWSOi90cbCFbeqlwuBlINOSQzL9q4b8=&transform=true
46333,https://files2.veracross.com/unishanoi/legacy_files/296436?auth=eyJhbGciOiJIUzI1NiIsInR5cCI6IkpXVCJ9.eyJkYXRhYmFzZSI6InVuaXNoYW5vaSIsInVzZXJuYW1lIjoiZHZjaHV5ZW5AdW5pc2hhbm9pLm9yZyIsImZpbGVfcGsiOjI5NjQzNiwidGFibGVfbmFtZSI6IlBlcnNvbiIsInJlY29yZF9mayI6NDYzMzMsImV4cCI6MTc3MzUzMTAwMH0=.xGsBCC2IoLb8JswfNjRR282n9Nb6OXKE214IA5W8xps=&transform=true
46334,https://files2.veracross.com/unishanoi/legacy_files/251582?auth=eyJhbGciOiJIUzI1NiIsInR5cCI6IkpXVCJ9.eyJkYXRhYmFzZSI6InVuaXNoYW5vaSIsInVzZXJuYW1lIjoiZHZjaHV5ZW5AdW5pc2hhbm9pLm9yZyIsImZpbGVfcGsiOjI1MTU4MiwidGFibGVfbmFtZSI6IlBlcnNvbiIsInJlY29yZF9mayI6NDYzMzQsImV4cCI6MTc3MzUzMTAwMH0=.Z59jhMUintHzLhSx29N1d2FB8CAl0vlcyAT7_rWtilY=&transform=true
47235,https://files2.veracross.com/unishanoi/legacy_files/260376?auth=eyJhbGciOiJIUzI1NiIsInR5cCI6IkpXVCJ9.eyJkYXRhYmFzZSI6InVuaXNoYW5vaSIsInVzZXJuYW1lIjoiZHZjaHV5ZW5AdW5pc2hhbm9pLm9yZyIsImZpbGVfcGsiOjI2MDM3NiwidGFibGVfbmFtZSI6IlBlcnNvbiIsInJlY29yZF9mayI6NDcyMzUsImV4cCI6MTc3MzUzMTAwMH0=.hZC5RbbLDSzfbghnT6rZPRLKkDNBlU9Eej5tAgfiV_4=&transform=true
47809,https://files2.veracross.com/unishanoi/legacy_files/260430?auth=eyJhbGciOiJIUzI1NiIsInR5cCI6IkpXVCJ9.eyJkYXRhYmFzZSI6InVuaXNoYW5vaSIsInVzZXJuYW1lIjoiZHZjaHV5ZW5AdW5pc2hhbm9pLm9yZyIsImZpbGVfcGsiOjI2MDQzMCwidGFibGVfbmFtZSI6IlBlcnNvbiIsInJlY29yZF9mayI6NDc4MDksImV4cCI6MTc3MzUzMTAwMH0=.2KStF7PvdsPsXm05n24ArAi5ncMMSTLTE-NF_h7rDiA=&transform=true
47817,https://files2.veracross.com/unishanoi/legacy_files/260370?auth=eyJhbGciOiJIUzI1NiIsInR5cCI6IkpXVCJ9.eyJkYXRhYmFzZSI6InVuaXNoYW5vaSIsInVzZXJuYW1lIjoiZHZjaHV5ZW5AdW5pc2hhbm9pLm9yZyIsImZpbGVfcGsiOjI2MDM3MCwidGFibGVfbmFtZSI6IlBlcnNvbiIsInJlY29yZF9mayI6NDc4MTcsImV4cCI6MTc3MzUzMTAwMH0=.YBDtZ3sTe7vKIvvgjVTjT5pohFdGwZil1p6n7lDX91w=&transform=true
47818,https://files2.veracross.com/unishanoi/legacy_files/296437?auth=eyJhbGciOiJIUzI1NiIsInR5cCI6IkpXVCJ9.eyJkYXRhYmFzZSI6InVuaXNoYW5vaSIsInVzZXJuYW1lIjoiZHZjaHV5ZW5AdW5pc2hhbm9pLm9yZyIsImZpbGVfcGsiOjI5NjQzNywidGFibGVfbmFtZSI6IlBlcnNvbiIsInJlY29yZF9mayI6NDc4MTgsImV4cCI6MTc3MzUzMTAwMH0=.YZshhMZi_OhjP5YksXKdueyDRM4hqpad4MB2JiLxTU4=&transform=true
47821,https://files2.veracross.com/unishanoi/legacy_files/251596?auth=eyJhbGciOiJIUzI1NiIsInR5cCI6IkpXVCJ9.eyJkYXRhYmFzZSI6InVuaXNoYW5vaSIsInVzZXJuYW1lIjoiZHZjaHV5ZW5AdW5pc2hhbm9pLm9yZyIsImZpbGVfcGsiOjI1MTU5NiwidGFibGVfbmFtZSI6IlBlcnNvbiIsInJlY29yZF9mayI6NDc4MjEsImV4cCI6MTc3MzUzMTAwMH0=.YIjnW1e_3xzIav8TK8hiBEhQ0n98uDOpELbDvsvB7AU=&transform=true
48064,https://files2.veracross.com/unishanoi/legacy_files/296424?auth=eyJhbGciOiJIUzI1NiIsInR5cCI6IkpXVCJ9.eyJkYXRhYmFzZSI6InVuaXNoYW5vaSIsInVzZXJuYW1lIjoiZHZjaHV5ZW5AdW5pc2hhbm9pLm9yZyIsImZpbGVfcGsiOjI5NjQyNCwidGFibGVfbmFtZSI6IlBlcnNvbiIsInJlY29yZF9mayI6NDgwNjQsImV4cCI6MTc3MzUzMTAwMH0=.3V8t6vfTbi3YQ0G3Vkl09Ze40962Kg-2cd6x2XayY2I=&transform=true
48065,https://files2.veracross.com/unishanoi/legacy_files/296425?auth=eyJhbGciOiJIUzI1NiIsInR5cCI6IkpXVCJ9.eyJkYXRhYmFzZSI6InVuaXNoYW5vaSIsInVzZXJuYW1lIjoiZHZjaHV5ZW5AdW5pc2hhbm9pLm9yZyIsImZpbGVfcGsiOjI5NjQyNSwidGFibGVfbmFtZSI6IlBlcnNvbiIsInJlY29yZF9mayI6NDgwNjUsImV4cCI6MTc3MzUzMTAwMH0=.of1KrRmNyfQgM0tF-i6f8Qvm6ZfFpY68yyA7c1OzhA0=&transform=true
48586,https://files2.veracross.com/unishanoi/legacy_files/260464?auth=eyJhbGciOiJIUzI1NiIsInR5cCI6IkpXVCJ9.eyJkYXRhYmFzZSI6InVuaXNoYW5vaSIsInVzZXJuYW1lIjoiZHZjaHV5ZW5AdW5pc2hhbm9pLm9yZyIsImZpbGVfcGsiOjI2MDQ2NCwidGFibGVfbmFtZSI6IlBlcnNvbiIsInJlY29yZF9mayI6NDg1ODYsImV4cCI6MTc3MzUzMTAwMH0=.0RfP_9cSe2tqCAyDWLtezjYwB-O75e6xq5sfSQC3ByQ=&transform=true
48589,https://files2.veracross.com/unishanoi/legacy_files/296393?auth=eyJhbGciOiJIUzI1NiIsInR5cCI6IkpXVCJ9.eyJkYXRhYmFzZSI6InVuaXNoYW5vaSIsInVzZXJuYW1lIjoiZHZjaHV5ZW5AdW5pc2hhbm9pLm9yZyIsImZpbGVfcGsiOjI5NjM5MywidGFibGVfbmFtZSI6IlBlcnNvbiIsInJlY29yZF9mayI6NDg1ODksImV4cCI6MTc3MzUzMTAwMH0=.-JmKAQmIAWERSwk_kr7q7YI8mlLH1wM58w8gi1hfvWY=&transform=true
48595,https://files2.veracross.com/unishanoi/legacy_files/296518?auth=eyJhbGciOiJIUzI1NiIsInR5cCI6IkpXVCJ9.eyJkYXRhYmFzZSI6InVuaXNoYW5vaSIsInVzZXJuYW1lIjoiZHZjaHV5ZW5AdW5pc2hhbm9pLm9yZyIsImZpbGVfcGsiOjI5NjUxOCwidGFibGVfbmFtZSI6IlBlcnNvbiIsInJlY29yZF9mayI6NDg1OTUsImV4cCI6MTc3MzUzMTAwMH0=.63ZObd1Xkx7erNYiwfnt5_rFQuGcJZCeMUV-VGKDGEk=&transform=true
48604,https://files2.veracross.com/unishanoi/legacy_files/296345?auth=eyJhbGciOiJIUzI1NiIsInR5cCI6IkpXVCJ9.eyJkYXRhYmFzZSI6InVuaXNoYW5vaSIsInVzZXJuYW1lIjoiZHZjaHV5ZW5AdW5pc2hhbm9pLm9yZyIsImZpbGVfcGsiOjI5NjM0NSwidGFibGVfbmFtZSI6IlBlcnNvbiIsInJlY29yZF9mayI6NDg2MDQsImV4cCI6MTc3MzUzMTAwMH0=.goTUrT2yX0pbwa1NNiEA7L09xrAY6u-egluNR3qry7c=&transform=true
48605,https://files2.veracross.com/unishanoi/legacy_files/251613?auth=eyJhbGciOiJIUzI1NiIsInR5cCI6IkpXVCJ9.eyJkYXRhYmFzZSI6InVuaXNoYW5vaSIsInVzZXJuYW1lIjoiZHZjaHV5ZW5AdW5pc2hhbm9pLm9yZyIsImZpbGVfcGsiOjI1MTYxMywidGFibGVfbmFtZSI6IlBlcnNvbiIsInJlY29yZF9mayI6NDg2MDUsImV4cCI6MTc3MzUzMTAwMH0=.7gOlh6_EbPnmU1o4SinqDGkSz-3X-Vy8hAgXlJhfPCA=&transform=true
48607,https://files2.veracross.com/unishanoi/legacy_files/296355?auth=eyJhbGciOiJIUzI1NiIsInR5cCI6IkpXVCJ9.eyJkYXRhYmFzZSI6InVuaXNoYW5vaSIsInVzZXJuYW1lIjoiZHZjaHV5ZW5AdW5pc2hhbm9pLm9yZyIsImZpbGVfcGsiOjI5NjM1NSwidGFibGVfbmFtZSI6IlBlcnNvbiIsInJlY29yZF9mayI6NDg2MDcsImV4cCI6MTc3MzUzMTAwMH0=.rRN35KKGuiqfgTt8iuOj9SVNqbJrKodGAKxUcHngEFM=&transform=true
48610,https://files2.veracross.com/unishanoi/legacy_files/296344?auth=eyJhbGciOiJIUzI1NiIsInR5cCI6IkpXVCJ9.eyJkYXRhYmFzZSI6InVuaXNoYW5vaSIsInVzZXJuYW1lIjoiZHZjaHV5ZW5AdW5pc2hhbm9pLm9yZyIsImZpbGVfcGsiOjI5NjM0NCwidGFibGVfbmFtZSI6IlBlcnNvbiIsInJlY29yZF9mayI6NDg2MTAsImV4cCI6MTc3MzUzMTAwMH0=.AvINWj-SrmieLMBAP12zmAl1E05E32UJiqkLkseCS1A=&transform=true
48612,https://files2.veracross.com/unishanoi/legacy_files/296364?auth=eyJhbGciOiJIUzI1NiIsInR5cCI6IkpXVCJ9.eyJkYXRhYmFzZSI6InVuaXNoYW5vaSIsInVzZXJuYW1lIjoiZHZjaHV5ZW5AdW5pc2hhbm9pLm9yZyIsImZpbGVfcGsiOjI5NjM2NCwidGFibGVfbmFtZSI6IlBlcnNvbiIsInJlY29yZF9mayI6NDg2MTIsImV4cCI6MTc3MzUzMTAwMH0=.cTdvHEHP6s5kjmFXI1OZCgZg3fbGDJz1eTyxp0QHvbU=&transform=true
48614,https://files2.veracross.com/unishanoi/legacy_files/296400?auth=eyJhbGciOiJIUzI1NiIsInR5cCI6IkpXVCJ9.eyJkYXRhYmFzZSI6InVuaXNoYW5vaSIsInVzZXJuYW1lIjoiZHZjaHV5ZW5AdW5pc2hhbm9pLm9yZyIsImZpbGVfcGsiOjI5NjQwMCwidGFibGVfbmFtZSI6IlBlcnNvbiIsInJlY29yZF9mayI6NDg2MTQsImV4cCI6MTc3MzUzMTAwMH0=.dcGOHLZm256XOhaOY_4x9EqEC6orIdvgaDDXUpjKNKU=&transform=true
48627,https://files2.veracross.com/unishanoi/legacy_files/296493?auth=eyJhbGciOiJIUzI1NiIsInR5cCI6IkpXVCJ9.eyJkYXRhYmFzZSI6InVuaXNoYW5vaSIsInVzZXJuYW1lIjoiZHZjaHV5ZW5AdW5pc2hhbm9pLm9yZyIsImZpbGVfcGsiOjI5NjQ5MywidGFibGVfbmFtZSI6IlBlcnNvbiIsInJlY29yZF9mayI6NDg2MjcsImV4cCI6MTc3MzUzMTAwMH0=.l8qYbK-d5wAJnoNnRuwHVXv4TFE4jqUz86RWO7huefA=&transform=true
49123,https://files2.veracross.com/unishanoi/legacy_files/260288?auth=eyJhbGciOiJIUzI1NiIsInR5cCI6IkpXVCJ9.eyJkYXRhYmFzZSI6InVuaXNoYW5vaSIsInVzZXJuYW1lIjoiZHZjaHV5ZW5AdW5pc2hhbm9pLm9yZyIsImZpbGVfcGsiOjI2MDI4OCwidGFibGVfbmFtZSI6IlBlcnNvbiIsInJlY29yZF9mayI6NDkxMjMsImV4cCI6MTc3MzUzMTAwMH0=.UULgg9a4v0LfEBFNqcS3UN2VzKO36sUd3TPjab9rlcg=&transform=true
50900,https://files2.veracross.com/unishanoi/legacy_files/296479?auth=eyJhbGciOiJIUzI1NiIsInR5cCI6IkpXVCJ9.eyJkYXRhYmFzZSI6InVuaXNoYW5vaSIsInVzZXJuYW1lIjoiZHZjaHV5ZW5AdW5pc2hhbm9pLm9yZyIsImZpbGVfcGsiOjI5NjQ3OSwidGFibGVfbmFtZSI6IlBlcnNvbiIsInJlY29yZF9mayI6NTA5MDAsImV4cCI6MTc3MzUzMTAwMH0=.kP0T-cHr8aGvCS_WCT4LahhBrc2LLFYaA7zYbcU6Xy0=&transform=true
50904,https://files2.veracross.com/unishanoi/legacy_files/296509?auth=eyJhbGciOiJIUzI1NiIsInR5cCI6IkpXVCJ9.eyJkYXRhYmFzZSI6InVuaXNoYW5vaSIsInVzZXJuYW1lIjoiZHZjaHV5ZW5AdW5pc2hhbm9pLm9yZyIsImZpbGVfcGsiOjI5NjUwOSwidGFibGVfbmFtZSI6IlBlcnNvbiIsInJlY29yZF9mayI6NTA5MDQsImV4cCI6MTc3MzUzMTAwMH0=.ddY6W10xyenSC85VUYHX4IJxdVdunNZpRtqcGFBJAfQ=&transform=true
50905,https://files2.veracross.com/unishanoi/legacy_files/296495?auth=eyJhbGciOiJIUzI1NiIsInR5cCI6IkpXVCJ9.eyJkYXRhYmFzZSI6InVuaXNoYW5vaSIsInVzZXJuYW1lIjoiZHZjaHV5ZW5AdW5pc2hhbm9pLm9yZyIsImZpbGVfcGsiOjI5NjQ5NSwidGFibGVfbmFtZSI6IlBlcnNvbiIsInJlY29yZF9mayI6NTA5MDUsImV4cCI6MTc3MzUzMTAwMH0=.46GT_ccZ_p1cL3r_NFD4fdH-w74ecPkNrWwf4Dv8LM8=&transform=true
50990,https://files2.veracross.com/unishanoi/legacy_files/260361?auth=eyJhbGciOiJIUzI1NiIsInR5cCI6IkpXVCJ9.eyJkYXRhYmFzZSI6InVuaXNoYW5vaSIsInVzZXJuYW1lIjoiZHZjaHV5ZW5AdW5pc2hhbm9pLm9yZyIsImZpbGVfcGsiOjI2MDM2MSwidGFibGVfbmFtZSI6IlBlcnNvbiIsInJlY29yZF9mayI6NTA5OTAsImV4cCI6MTc3MzUzMTAwMH0=.K8BxQZoHiAGLsT_rVurLuG8aAH13FaXdAYX2_nJahqc=&transform=true
50991,https://files2.veracross.com/unishanoi/legacy_files/296418?auth=eyJhbGciOiJIUzI1NiIsInR5cCI6IkpXVCJ9.eyJkYXRhYmFzZSI6InVuaXNoYW5vaSIsInVzZXJuYW1lIjoiZHZjaHV5ZW5AdW5pc2hhbm9pLm9yZyIsImZpbGVfcGsiOjI5NjQxOCwidGFibGVfbmFtZSI6IlBlcnNvbiIsInJlY29yZF9mayI6NTA5OTEsImV4cCI6MTc3MzUzMTAwMH0=.r4jtFQ6r5DgDEBduKmRB3ehNNHp2xdfXUp4xqalZXHg=&transform=true
50992,https://files2.veracross.com/unishanoi/legacy_files/260394?auth=eyJhbGciOiJIUzI1NiIsInR5cCI6IkpXVCJ9.eyJkYXRhYmFzZSI6InVuaXNoYW5vaSIsInVzZXJuYW1lIjoiZHZjaHV5ZW5AdW5pc2hhbm9pLm9yZyIsImZpbGVfcGsiOjI2MDM5NCwidGFibGVfbmFtZSI6IlBlcnNvbiIsInJlY29yZF9mayI6NTA5OTIsImV4cCI6MTc3MzUzMTAwMH0=.714Wmut-6JV7qWA5Pbarg1vllBqiGAsBn1gFiubaseo=&transform=true
50993,https://files2.veracross.com/unishanoi/legacy_files/278502?auth=eyJhbGciOiJIUzI1NiIsInR5cCI6IkpXVCJ9.eyJkYXRhYmFzZSI6InVuaXNoYW5vaSIsInVzZXJuYW1lIjoiZHZjaHV5ZW5AdW5pc2hhbm9pLm9yZyIsImZpbGVfcGsiOjI3ODUwMiwidGFibGVfbmFtZSI6IlBlcnNvbiIsInJlY29yZF9mayI6NTA5OTMsImV4cCI6MTc3MzUzMTAwMH0=.cBwSu9i8c4RNJyuty2Oh9vm6mHzBoiImKyiChM6Tm9k=&transform=true
50994,https://files2.veracross.com/unishanoi/legacy_files/260360?auth=eyJhbGciOiJIUzI1NiIsInR5cCI6IkpXVCJ9.eyJkYXRhYmFzZSI6InVuaXNoYW5vaSIsInVzZXJuYW1lIjoiZHZjaHV5ZW5AdW5pc2hhbm9pLm9yZyIsImZpbGVfcGsiOjI2MDM2MCwidGFibGVfbmFtZSI6IlBlcnNvbiIsInJlY29yZF9mayI6NTA5OTQsImV4cCI6MTc3MzUzMTAwMH0=.LAvkLw9D-pWPaxZkW7Ne9gVB-dg4PRK-RiJPN61E8ms=&transform=true
50995,https://files2.veracross.com/unishanoi/legacy_files/296403?auth=eyJhbGciOiJIUzI1NiIsInR5cCI6IkpXVCJ9.eyJkYXRhYmFzZSI6InVuaXNoYW5vaSIsInVzZXJuYW1lIjoiZHZjaHV5ZW5AdW5pc2hhbm9pLm9yZyIsImZpbGVfcGsiOjI5NjQwMywidGFibGVfbmFtZSI6IlBlcnNvbiIsInJlY29yZF9mayI6NTA5OTUsImV4cCI6MTc3MzUzMTAwMH0=.WOEYn4qO5e1FW_Xu1mYRlCi8JdWoyFIHfLNNmrptOwM=&transform=true
50996,https://files2.veracross.com/unishanoi/legacy_files/296401?auth=eyJhbGciOiJIUzI1NiIsInR5cCI6IkpXVCJ9.eyJkYXRhYmFzZSI6InVuaXNoYW5vaSIsInVzZXJuYW1lIjoiZHZjaHV5ZW5AdW5pc2hhbm9pLm9yZyIsImZpbGVfcGsiOjI5NjQwMSwidGFibGVfbmFtZSI6IlBlcnNvbiIsInJlY29yZF9mayI6NTA5OTYsImV4cCI6MTc3MzUzMTAwMH0=.UPiQc7BsiyX1Q06Fr1ofn-qeZw3mNbRAa2GcZh7f1ec=&transform=true
51483,https://files2.veracross.com/unishanoi/legacy_files/260392?auth=eyJhbGciOiJIUzI1NiIsInR5cCI6IkpXVCJ9.eyJkYXRhYmFzZSI6InVuaXNoYW5vaSIsInVzZXJuYW1lIjoiZHZjaHV5ZW5AdW5pc2hhbm9pLm9yZyIsImZpbGVfcGsiOjI2MDM5MiwidGFibGVfbmFtZSI6IlBlcnNvbiIsInJlY29yZF9mayI6NTE0ODMsImV4cCI6MTc3MzUzMTAwMH0=.4X6E5nCTw1w9QPwrh5VSqusMafcR3nYhynWIavsvRaM=&transform=true
51487,https://files2.veracross.com/unishanoi/legacy_files/260344?auth=eyJhbGciOiJIUzI1NiIsInR5cCI6IkpXVCJ9.eyJkYXRhYmFzZSI6InVuaXNoYW5vaSIsInVzZXJuYW1lIjoiZHZjaHV5ZW5AdW5pc2hhbm9pLm9yZyIsImZpbGVfcGsiOjI2MDM0NCwidGFibGVfbmFtZSI6IlBlcnNvbiIsInJlY29yZF9mayI6NTE0ODcsImV4cCI6MTc3MzUzMTAwMH0=.D0gWQtDBw06u3wJNK9fgwflhuQWwXb83e_ZFLoEPv6Q=&transform=true
51488,https://files2.veracross.com/unishanoi/legacy_files/260419?auth=eyJhbGciOiJIUzI1NiIsInR5cCI6IkpXVCJ9.eyJkYXRhYmFzZSI6InVuaXNoYW5vaSIsInVzZXJuYW1lIjoiZHZjaHV5ZW5AdW5pc2hhbm9pLm9yZyIsImZpbGVfcGsiOjI2MDQxOSwidGFibGVfbmFtZSI6IlBlcnNvbiIsInJlY29yZF9mayI6NTE0ODgsImV4cCI6MTc3MzUzMTAwMH0=.1iKe-K8hK8HqvIRAD1km7VBmSD0Ef-KsBM8G_6W9s18=&transform=true
52961,https://files2.veracross.com/unishanoi/legacy_files/296461?auth=eyJhbGciOiJIUzI1NiIsInR5cCI6IkpXVCJ9.eyJkYXRhYmFzZSI6InVuaXNoYW5vaSIsInVzZXJuYW1lIjoiZHZjaHV5ZW5AdW5pc2hhbm9pLm9yZyIsImZpbGVfcGsiOjI5NjQ2MSwidGFibGVfbmFtZSI6IlBlcnNvbiIsInJlY29yZF9mayI6NTI5NjEsImV4cCI6MTc3MzUzMTAwMH0=.yh5-3IpXZPySF0P4UismKuXuyN5mRo0tSomJNmtJEMw=&transform=true
54736,https://files2.veracross.com/unishanoi/legacy_files/296444?auth=eyJhbGciOiJIUzI1NiIsInR5cCI6IkpXVCJ9.eyJkYXRhYmFzZSI6InVuaXNoYW5vaSIsInVzZXJuYW1lIjoiZHZjaHV5ZW5AdW5pc2hhbm9pLm9yZyIsImZpbGVfcGsiOjI5NjQ0NCwidGFibGVfbmFtZSI6IlBlcnNvbiIsInJlY29yZF9mayI6NTQ3MzYsImV4cCI6MTc3MzUzMTAwMH0=.-dladrM8CZgmOYN289Vf6Iqxvlov9J_u_QhW6WBvzbY=&transform=true
54948,https://files2.veracross.com/unishanoi/legacy_files/296506?auth=eyJhbGciOiJIUzI1NiIsInR5cCI6IkpXVCJ9.eyJkYXRhYmFzZSI6InVuaXNoYW5vaSIsInVzZXJuYW1lIjoiZHZjaHV5ZW5AdW5pc2hhbm9pLm9yZyIsImZpbGVfcGsiOjI5NjUwNiwidGFibGVfbmFtZSI6IlBlcnNvbiIsInJlY29yZF9mayI6NTQ5NDgsImV4cCI6MTc3MzUzMTAwMH0=.cqlVjuEBzoTabJdjKRdkXas1bflngGfs1_dxk1wNdIw=&transform=true
55966,https://files2.veracross.com/unishanoi/legacy_files/279618?auth=eyJhbGciOiJIUzI1NiIsInR5cCI6IkpXVCJ9.eyJkYXRhYmFzZSI6InVuaXNoYW5vaSIsInVzZXJuYW1lIjoiZHZjaHV5ZW5AdW5pc2hhbm9pLm9yZyIsImZpbGVfcGsiOjI3OTYxOCwidGFibGVfbmFtZSI6IlBlcnNvbiIsInJlY29yZF9mayI6NTU5NjYsImV4cCI6MTc3MzUzMTAwMH0=.Hu6nDCQq40-uTGqwNIMEkKwUTRvrS-SioXeX_rB5ke0=&transform=true
56360,https://files2.veracross.com/unishanoi/legacy_files/296343?auth=eyJhbGciOiJIUzI1NiIsInR5cCI6IkpXVCJ9.eyJkYXRhYmFzZSI6InVuaXNoYW5vaSIsInVzZXJuYW1lIjoiZHZjaHV5ZW5AdW5pc2hhbm9pLm9yZyIsImZpbGVfcGsiOjI5NjM0MywidGFibGVfbmFtZSI6IlBlcnNvbiIsInJlY29yZF9mayI6NTYzNjAsImV4cCI6MTc3MzUzMTAwMH0=.mn7inTGERNKCow85NE3MZ1eir2Ob8sEx-dfEFhe_V4s=&transform=true
56361,https://files2.veracross.com/unishanoi/legacy_files/296352?auth=eyJhbGciOiJIUzI1NiIsInR5cCI6IkpXVCJ9.eyJkYXRhYmFzZSI6InVuaXNoYW5vaSIsInVzZXJuYW1lIjoiZHZjaHV5ZW5AdW5pc2hhbm9pLm9yZyIsImZpbGVfcGsiOjI5NjM1MiwidGFibGVfbmFtZSI6IlBlcnNvbiIsInJlY29yZF9mayI6NTYzNjEsImV4cCI6MTc3MzUzMTAwMH0=.UrHKhF2lNT-LH9vdRPVE0mgeigjh32VYW7w-MHBl_aY=&transform=true
56362,https://files2.veracross.com/unishanoi/legacy_files/296365?auth=eyJhbGciOiJIUzI1NiIsInR5cCI6IkpXVCJ9.eyJkYXRhYmFzZSI6InVuaXNoYW5vaSIsInVzZXJuYW1lIjoiZHZjaHV5ZW5AdW5pc2hhbm9pLm9yZyIsImZpbGVfcGsiOjI5NjM2NSwidGFibGVfbmFtZSI6IlBlcnNvbiIsInJlY29yZF9mayI6NTYzNjIsImV4cCI6MTc3MzUzMTAwMH0=.DpeuuM6dW7l2Qch8qPWO6RVG8mY1Ged1eIsyNMknhTs=&transform=true
56363,https://files2.veracross.com/unishanoi/legacy_files/296354?auth=eyJhbGciOiJIUzI1NiIsInR5cCI6IkpXVCJ9.eyJkYXRhYmFzZSI6InVuaXNoYW5vaSIsInVzZXJuYW1lIjoiZHZjaHV5ZW5AdW5pc2hhbm9pLm9yZyIsImZpbGVfcGsiOjI5NjM1NCwidGFibGVfbmFtZSI6IlBlcnNvbiIsInJlY29yZF9mayI6NTYzNjMsImV4cCI6MTc3MzUzMTAwMH0=.0Qm3gmTjHAjKULjAKD6WZ2bDF-plFCdscYfX2BwYXbs=&transform=true
56364,https://files2.veracross.com/unishanoi/legacy_files/296399?auth=eyJhbGciOiJIUzI1NiIsInR5cCI6IkpXVCJ9.eyJkYXRhYmFzZSI6InVuaXNoYW5vaSIsInVzZXJuYW1lIjoiZHZjaHV5ZW5AdW5pc2hhbm9pLm9yZyIsImZpbGVfcGsiOjI5NjM5OSwidGFibGVfbmFtZSI6IlBlcnNvbiIsInJlY29yZF9mayI6NTYzNjQsImV4cCI6MTc3MzUzMTAwMH0=.Cq8MV1skG3otqXu76n8SspgDAfWNhYFIBdsfBlw2OQA=&transform=true
56365,https://files2.veracross.com/unishanoi/legacy_files/296382?auth=eyJhbGciOiJIUzI1NiIsInR5cCI6IkpXVCJ9.eyJkYXRhYmFzZSI6InVuaXNoYW5vaSIsInVzZXJuYW1lIjoiZHZjaHV5ZW5AdW5pc2hhbm9pLm9yZyIsImZpbGVfcGsiOjI5NjM4MiwidGFibGVfbmFtZSI6IlBlcnNvbiIsInJlY29yZF9mayI6NTYzNjUsImV4cCI6MTc3MzUzMTAwMH0=.3z0JcCQgK9FyLLdh742zIoKHx7kuW46w8m408xN1u_o=&transform=true
56369,https://files2.veracross.com/unishanoi/legacy_files/296462?auth=eyJhbGciOiJIUzI1NiIsInR5cCI6IkpXVCJ9.eyJkYXRhYmFzZSI6InVuaXNoYW5vaSIsInVzZXJuYW1lIjoiZHZjaHV5ZW5AdW5pc2hhbm9pLm9yZyIsImZpbGVfcGsiOjI5NjQ2MiwidGFibGVfbmFtZSI6IlBlcnNvbiIsInJlY29yZF9mayI6NTYzNjksImV4cCI6MTc3MzUzMTAwMH0=.oXHSbBd_Jzrw9tvH8LqVZfo2Z-tbyTaQl3fQVZ4aYUY=&transform=true
56380,https://files2.veracross.com/unishanoi/legacy_files/296491?auth=eyJhbGciOiJIUzI1NiIsInR5cCI6IkpXVCJ9.eyJkYXRhYmFzZSI6InVuaXNoYW5vaSIsInVzZXJuYW1lIjoiZHZjaHV5ZW5AdW5pc2hhbm9pLm9yZyIsImZpbGVfcGsiOjI5NjQ5MSwidGFibGVfbmFtZSI6IlBlcnNvbiIsInJlY29yZF9mayI6NTYzODAsImV4cCI6MTc3MzUzMTAwMH0=.uxKzP4vGaWSCAWj9PiepvTG96aJoRK7QpxZxg488niQ=&transform=true
56382,https://files2.veracross.com/unishanoi/legacy_files/296463?auth=eyJhbGciOiJIUzI1NiIsInR5cCI6IkpXVCJ9.eyJkYXRhYmFzZSI6InVuaXNoYW5vaSIsInVzZXJuYW1lIjoiZHZjaHV5ZW5AdW5pc2hhbm9pLm9yZyIsImZpbGVfcGsiOjI5NjQ2MywidGFibGVfbmFtZSI6IlBlcnNvbiIsInJlY29yZF9mayI6NTYzODIsImV4cCI6MTc3MzUzMTAwMH0=.IpeGPauQnxnrtCnMDskzbe1tLZ0FCS2mJAH4UOYGDZ4=&transform=true
56383,https://files2.veracross.com/unishanoi/legacy_files/288543?auth=eyJhbGciOiJIUzI1NiIsInR5cCI6IkpXVCJ9.eyJkYXRhYmFzZSI6InVuaXNoYW5vaSIsInVzZXJuYW1lIjoiZHZjaHV5ZW5AdW5pc2hhbm9pLm9yZyIsImZpbGVfcGsiOjI4ODU0MywidGFibGVfbmFtZSI6IlBlcnNvbiIsInJlY29yZF9mayI6NTYzODMsImV4cCI6MTc3MzUzMTAwMH0=.Bs7crkVRmrldicaEbEWB5UDIkbVKatubMoNMoWPRD3o=&transform=true
56480,https://files2.veracross.com/unishanoi/legacy_files/309282?auth=eyJhbGciOiJIUzI1NiIsInR5cCI6IkpXVCJ9.eyJkYXRhYmFzZSI6InVuaXNoYW5vaSIsInVzZXJuYW1lIjoiZHZjaHV5ZW5AdW5pc2hhbm9pLm9yZyIsImZpbGVfcGsiOjMwOTI4MiwidGFibGVfbmFtZSI6IlBlcnNvbiIsInJlY29yZF9mayI6NTY0ODAsImV4cCI6MTc3MzUzMTAwMH0=.lORPN08P23nd1G4KcsJ9e0cgVDzlJqL-PXW8QJ2xIKY=&transform=true
58276,https://files2.veracross.com/unishanoi/legacy_files/309286?auth=eyJhbGciOiJIUzI1NiIsInR5cCI6IkpXVCJ9.eyJkYXRhYmFzZSI6InVuaXNoYW5vaSIsInVzZXJuYW1lIjoiZHZjaHV5ZW5AdW5pc2hhbm9pLm9yZyIsImZpbGVfcGsiOjMwOTI4NiwidGFibGVfbmFtZSI6IlBlcnNvbiIsInJlY29yZF9mayI6NTgyNzYsImV4cCI6MTc3MzUzMTAwMH0=.zdwoR-ygm7b_5Jyov8ADCGdzK5dO7enDQY_6bz81_-w=&transform=true
58537,https://files2.veracross.com/unishanoi/legacy_files/318576?auth=eyJhbGciOiJIUzI1NiIsInR5cCI6IkpXVCJ9.eyJkYXRhYmFzZSI6InVuaXNoYW5vaSIsInVzZXJuYW1lIjoiZHZjaHV5ZW5AdW5pc2hhbm9pLm9yZyIsImZpbGVfcGsiOjMxODU3NiwidGFibGVfbmFtZSI6IlBlcnNvbiIsInJlY29yZF9mayI6NTg1MzcsImV4cCI6MTc3MzUzMTAwMH0=.Wo2tCYGm6KQVUQyD1H6NQ84DB0Hp4uW8bjUP7yTDh2s=&transform=true
59144,https://files2.veracross.com/unishanoi/legacy_files/313956?auth=eyJhbGciOiJIUzI1NiIsInR5cCI6IkpXVCJ9.eyJkYXRhYmFzZSI6InVuaXNoYW5vaSIsInVzZXJuYW1lIjoiZHZjaHV5ZW5AdW5pc2hhbm9pLm9yZyIsImZpbGVfcGsiOjMxMzk1NiwidGFibGVfbmFtZSI6IlBlcnNvbiIsInJlY29yZF9mayI6NTkxNDQsImV4cCI6MTc3MzUzMTAwMH0=.FcoGlvPvPDL1f8aQ2bPpm5cQP0bBLndn1XxCaFFQo4E=&transform=true
59145,https://files2.veracross.com/unishanoi/legacy_files/313966?auth=eyJhbGciOiJIUzI1NiIsInR5cCI6IkpXVCJ9.eyJkYXRhYmFzZSI6InVuaXNoYW5vaSIsInVzZXJuYW1lIjoiZHZjaHV5ZW5AdW5pc2hhbm9pLm9yZyIsImZpbGVfcGsiOjMxMzk2NiwidGFibGVfbmFtZSI6IlBlcnNvbiIsInJlY29yZF9mayI6NTkxNDUsImV4cCI6MTc3MzUzMTAwMH0=._xBd6Aj6Is-Au398D1Z1I5QaNuM6Hp3RCKb-Evj2RcE=&transform=true
59146,https://files2.veracross.com/unishanoi/legacy_files/313991?auth=eyJhbGciOiJIUzI1NiIsInR5cCI6IkpXVCJ9.eyJkYXRhYmFzZSI6InVuaXNoYW5vaSIsInVzZXJuYW1lIjoiZHZjaHV5ZW5AdW5pc2hhbm9pLm9yZyIsImZpbGVfcGsiOjMxMzk5MSwidGFibGVfbmFtZSI6IlBlcnNvbiIsInJlY29yZF9mayI6NTkxNDYsImV4cCI6MTc3MzUzMTAwMH0=.BS0AF2LGW89CDux1N5T-HNP6reXKHfVr61Dl1UTwHWI=&transform=true
59147,https://files2.veracross.com/unishanoi/legacy_files/313982?auth=eyJhbGciOiJIUzI1NiIsInR5cCI6IkpXVCJ9.eyJkYXRhYmFzZSI6InVuaXNoYW5vaSIsInVzZXJuYW1lIjoiZHZjaHV5ZW5AdW5pc2hhbm9pLm9yZyIsImZpbGVfcGsiOjMxMzk4MiwidGFibGVfbmFtZSI6IlBlcnNvbiIsInJlY29yZF9mayI6NTkxNDcsImV4cCI6MTc3MzUzMTAwMH0=.HHkX9uM1Bj8TlZkuKu6XWObEyooe9QhxW_77zKIU3Fo=&transform=true
59711,https://files2.veracross.com/unishanoi/legacy_files/314285?auth=eyJhbGciOiJIUzI1NiIsInR5cCI6IkpXVCJ9.eyJkYXRhYmFzZSI6InVuaXNoYW5vaSIsInVzZXJuYW1lIjoiZHZjaHV5ZW5AdW5pc2hhbm9pLm9yZyIsImZpbGVfcGsiOjMxNDI4NSwidGFibGVfbmFtZSI6IlBlcnNvbiIsInJlY29yZF9mayI6NTk3MTEsImV4cCI6MTc3MzUzMTAwMH0=.HRSDAsF2QvV59qLyvc-lxdF_JwvNMK3QdisMdZZKkSo=&transform=true
59812,https://files2.veracross.com/unishanoi/legacy_files/313986?auth=eyJhbGciOiJIUzI1NiIsInR5cCI6IkpXVCJ9.eyJkYXRhYmFzZSI6InVuaXNoYW5vaSIsInVzZXJuYW1lIjoiZHZjaHV5ZW5AdW5pc2hhbm9pLm9yZyIsImZpbGVfcGsiOjMxMzk4NiwidGFibGVfbmFtZSI6IlBlcnNvbiIsInJlY29yZF9mayI6NTk4MTIsImV4cCI6MTc3MzUzMTAwMH0=.-ALTN1TyrnuMYAIdCJDNvjrvPWn2gHOaqDK6SSabB74=&transform=true
15346,https://files2.veracross.com/unishanoi/legacy_files/296440?auth=eyJhbGciOiJIUzI1NiIsInR5cCI6IkpXVCJ9.eyJkYXRhYmFzZSI6InVuaXNoYW5vaSIsInVzZXJuYW1lIjoiZHZjaHV5ZW5AdW5pc2hhbm9pLm9yZyIsImZpbGVfcGsiOjI5NjQ0MCwidGFibGVfbmFtZSI6IlBlcnNvbiIsInJlY29yZF9mayI6MTUzNDYsImV4cCI6MTc3MzUzMTAwMH0=.mrSL9yym0c_hbsyrTVqB6nq5b3BKUsl-k76ELexAUCY=&transform=true
16962,https://files2.veracross.com/unishanoi/legacy_files/296350?auth=eyJhbGciOiJIUzI1NiIsInR5cCI6IkpXVCJ9.eyJkYXRhYmFzZSI6InVuaXNoYW5vaSIsInVzZXJuYW1lIjoiZHZjaHV5ZW5AdW5pc2hhbm9pLm9yZyIsImZpbGVfcGsiOjI5NjM1MCwidGFibGVfbmFtZSI6IlBlcnNvbiIsInJlY29yZF9mayI6MTY5NjIsImV4cCI6MTc3MzUzMTAwMH0=.tU1o8PxSrflyOG-qmgnV-spYVnVHi1XMuDW33sedyDw=&transform=true
16976,https://files2.veracross.com/unishanoi/legacy_files/260292?auth=eyJhbGciOiJIUzI1NiIsInR5cCI6IkpXVCJ9.eyJkYXRhYmFzZSI6InVuaXNoYW5vaSIsInVzZXJuYW1lIjoiZHZjaHV5ZW5AdW5pc2hhbm9pLm9yZyIsImZpbGVfcGsiOjI2MDI5MiwidGFibGVfbmFtZSI6IlBlcnNvbiIsInJlY29yZF9mayI6MTY5NzYsImV4cCI6MTc3MzUzMTAwMH0=.4qRZ66shOkQSCvUj2386xzp4nhvGRzA-9j-Qu6-pru4=&transform=true
16978,https://files2.veracross.com/unishanoi/legacy_files/296497?auth=eyJhbGciOiJIUzI1NiIsInR5cCI6IkpXVCJ9.eyJkYXRhYmFzZSI6InVuaXNoYW5vaSIsInVzZXJuYW1lIjoiZHZjaHV5ZW5AdW5pc2hhbm9pLm9yZyIsImZpbGVfcGsiOjI5NjQ5NywidGFibGVfbmFtZSI6IlBlcnNvbiIsInJlY29yZF9mayI6MTY5NzgsImV4cCI6MTc3MzUzMTAwMH0=.DoePQLVBdya1x7JFFYP2wYAsz1ZMvtyO_ltncH4MiEQ=&transform=true
16979,https://files2.veracross.com/unishanoi/legacy_files/296507?auth=eyJhbGciOiJIUzI1NiIsInR5cCI6IkpXVCJ9.eyJkYXRhYmFzZSI6InVuaXNoYW5vaSIsInVzZXJuYW1lIjoiZHZjaHV5ZW5AdW5pc2hhbm9pLm9yZyIsImZpbGVfcGsiOjI5NjUwNywidGFibGVfbmFtZSI6IlBlcnNvbiIsInJlY29yZF9mayI6MTY5NzksImV4cCI6MTc3MzUzMTAwMH0=.OyP88fhQCJHucRviRobVRv9a2XihUwjgc3OGp-04gIw=&transform=true
16980,https://files2.veracross.com/unishanoi/legacy_files/296478?auth=eyJhbGciOiJIUzI1NiIsInR5cCI6IkpXVCJ9.eyJkYXRhYmFzZSI6InVuaXNoYW5vaSIsInVzZXJuYW1lIjoiZHZjaHV5ZW5AdW5pc2hhbm9pLm9yZyIsImZpbGVfcGsiOjI5NjQ3OCwidGFibGVfbmFtZSI6IlBlcnNvbiIsInJlY29yZF9mayI6MTY5ODAsImV4cCI6MTc3MzUzMTAwMH0=.9KwjVuFC2S3vS1yfCtgMp9-CSmtgnwuss3ssawgxIPo=&transform=true
16983,https://files2.veracross.com/unishanoi/legacy_files/260476?auth=eyJhbGciOiJIUzI1NiIsInR5cCI6IkpXVCJ9.eyJkYXRhYmFzZSI6InVuaXNoYW5vaSIsInVzZXJuYW1lIjoiZHZjaHV5ZW5AdW5pc2hhbm9pLm9yZyIsImZpbGVfcGsiOjI2MDQ3NiwidGFibGVfbmFtZSI6IlBlcnNvbiIsInJlY29yZF9mayI6MTY5ODMsImV4cCI6MTc3MzUzMTAwMH0=.gbD1iiczud-vzFc_KPuti9doSwOWVhT3IdLb9ihmNN8=&transform=true
17016,https://files2.veracross.com/unishanoi/legacy_files/296407?auth=eyJhbGciOiJIUzI1NiIsInR5cCI6IkpXVCJ9.eyJkYXRhYmFzZSI6InVuaXNoYW5vaSIsInVzZXJuYW1lIjoiZHZjaHV5ZW5AdW5pc2hhbm9pLm9yZyIsImZpbGVfcGsiOjI5NjQwNywidGFibGVfbmFtZSI6IlBlcnNvbiIsInJlY29yZF9mayI6MTcwMTYsImV4cCI6MTc3MzUzMTAwMH0=.Ntz3wEIY2MDrDj_L83ijcLYKD-e_4aLNrznj3P8Swcg=&transform=true
17017,https://files2.veracross.com/unishanoi/legacy_files/296409?auth=eyJhbGciOiJIUzI1NiIsInR5cCI6IkpXVCJ9.eyJkYXRhYmFzZSI6InVuaXNoYW5vaSIsInVzZXJuYW1lIjoiZHZjaHV5ZW5AdW5pc2hhbm9pLm9yZyIsImZpbGVfcGsiOjI5NjQwOSwidGFibGVfbmFtZSI6IlBlcnNvbiIsInJlY29yZF9mayI6MTcwMTcsImV4cCI6MTc3MzUzMTAwMH0=.ta_ngFjQvyDVz-z43u4TjWmbMDIJcYSLCdWKeNl9KCQ=&transform=true
17018,https://files2.veracross.com/unishanoi/legacy_files/260434?auth=eyJhbGciOiJIUzI1NiIsInR5cCI6IkpXVCJ9.eyJkYXRhYmFzZSI6InVuaXNoYW5vaSIsInVzZXJuYW1lIjoiZHZjaHV5ZW5AdW5pc2hhbm9pLm9yZyIsImZpbGVfcGsiOjI2MDQzNCwidGFibGVfbmFtZSI6IlBlcnNvbiIsInJlY29yZF9mayI6MTcwMTgsImV4cCI6MTc3MzUzMTAwMH0=.fPzIuLsnMwaHszQGWcLUHC7ji10EvhUR6cM19ADqSr0=&transform=true
17020,https://files2.veracross.com/unishanoi/legacy_files/251341?auth=eyJhbGciOiJIUzI1NiIsInR5cCI6IkpXVCJ9.eyJkYXRhYmFzZSI6InVuaXNoYW5vaSIsInVzZXJuYW1lIjoiZHZjaHV5ZW5AdW5pc2hhbm9pLm9yZyIsImZpbGVfcGsiOjI1MTM0MSwidGFibGVfbmFtZSI6IlBlcnNvbiIsInJlY29yZF9mayI6MTcwMjAsImV4cCI6MTc3MzUzMTAwMH0=.e6XElUfhmn7OvCu3AvU_p__BrqalR-Z4JcI-GAMNOhk=&transform=true
17021,https://files2.veracross.com/unishanoi/legacy_files/296442?auth=eyJhbGciOiJIUzI1NiIsInR5cCI6IkpXVCJ9.eyJkYXRhYmFzZSI6InVuaXNoYW5vaSIsInVzZXJuYW1lIjoiZHZjaHV5ZW5AdW5pc2hhbm9pLm9yZyIsImZpbGVfcGsiOjI5NjQ0MiwidGFibGVfbmFtZSI6IlBlcnNvbiIsInJlY29yZF9mayI6MTcwMjEsImV4cCI6MTc3MzUzMTAwMH0=.ZnQ-abiuofU_b29NXpjyR-NPsGVwhj6_exhawl9q5CA=&transform=true
17022,https://files2.veracross.com/unishanoi/legacy_files/296447?auth=eyJhbGciOiJIUzI1NiIsInR5cCI6IkpXVCJ9.eyJkYXRhYmFzZSI6InVuaXNoYW5vaSIsInVzZXJuYW1lIjoiZHZjaHV5ZW5AdW5pc2hhbm9pLm9yZyIsImZpbGVfcGsiOjI5NjQ0NywidGFibGVfbmFtZSI6IlBlcnNvbiIsInJlY29yZF9mayI6MTcwMjIsImV4cCI6MTc3MzUzMTAwMH0=.Gd7DykcraXHd_ZspN_VLko5--TArYFeOXCwAFFpji_Q=&transform=true
17028,https://files2.veracross.com/unishanoi/legacy_files/251344?auth=eyJhbGciOiJIUzI1NiIsInR5cCI6IkpXVCJ9.eyJkYXRhYmFzZSI6InVuaXNoYW5vaSIsInVzZXJuYW1lIjoiZHZjaHV5ZW5AdW5pc2hhbm9pLm9yZyIsImZpbGVfcGsiOjI1MTM0NCwidGFibGVfbmFtZSI6IlBlcnNvbiIsInJlY29yZF9mayI6MTcwMjgsImV4cCI6MTc3MzUzMTAwMH0=.NsRx6fniIMe7WQCwve6xSDKjqn6rB3lqo2A8OQ2FaGo=&transform=true
17041,https://files2.veracross.com/unishanoi/legacy_files/260467?auth=eyJhbGciOiJIUzI1NiIsInR5cCI6IkpXVCJ9.eyJkYXRhYmFzZSI6InVuaXNoYW5vaSIsInVzZXJuYW1lIjoiZHZjaHV5ZW5AdW5pc2hhbm9pLm9yZyIsImZpbGVfcGsiOjI2MDQ2NywidGFibGVfbmFtZSI6IlBlcnNvbiIsInJlY29yZF9mayI6MTcwNDEsImV4cCI6MTc3MzUzMTAwMH0=.AaEkeu39StZdnm3L5LRUJBDOdZ_P4mfTNmg3lnQ7Mr8=&transform=true
17046,https://files2.veracross.com/unishanoi/legacy_files/260505?auth=eyJhbGciOiJIUzI1NiIsInR5cCI6IkpXVCJ9.eyJkYXRhYmFzZSI6InVuaXNoYW5vaSIsInVzZXJuYW1lIjoiZHZjaHV5ZW5AdW5pc2hhbm9pLm9yZyIsImZpbGVfcGsiOjI2MDUwNSwidGFibGVfbmFtZSI6IlBlcnNvbiIsInJlY29yZF9mayI6MTcwNDYsImV4cCI6MTc3MzUzMTAwMH0=.s3F57l62Ay6oFUWc_Dmlbe57LzhaTDtwMBnugpWzLNE=&transform=true
17047,https://files2.veracross.com/unishanoi/legacy_files/260510?auth=eyJhbGciOiJIUzI1NiIsInR5cCI6IkpXVCJ9.eyJkYXRhYmFzZSI6InVuaXNoYW5vaSIsInVzZXJuYW1lIjoiZHZjaHV5ZW5AdW5pc2hhbm9pLm9yZyIsImZpbGVfcGsiOjI2MDUxMCwidGFibGVfbmFtZSI6IlBlcnNvbiIsInJlY29yZF9mayI6MTcwNDcsImV4cCI6MTc3MzUzMTAwMH0=.CEfnKo4dbX9lEqUWRELtsDSXAG_tt7gGzw28ER8G3y8=&transform=true
17048,https://files2.veracross.com/unishanoi/legacy_files/251350?auth=eyJhbGciOiJIUzI1NiIsInR5cCI6IkpXVCJ9.eyJkYXRhYmFzZSI6InVuaXNoYW5vaSIsInVzZXJuYW1lIjoiZHZjaHV5ZW5AdW5pc2hhbm9pLm9yZyIsImZpbGVfcGsiOjI1MTM1MCwidGFibGVfbmFtZSI6IlBlcnNvbiIsInJlY29yZF9mayI6MTcwNDgsImV4cCI6MTc3MzUzMTAwMH0=.Ra360MUT0PmxQSrlJ7wmFcbAaXjD_3IqUViZfKBhkjI=&transform=true
17051,https://files2.veracross.com/unishanoi/legacy_files/296499?auth=eyJhbGciOiJIUzI1NiIsInR5cCI6IkpXVCJ9.eyJkYXRhYmFzZSI6InVuaXNoYW5vaSIsInVzZXJuYW1lIjoiZHZjaHV5ZW5AdW5pc2hhbm9pLm9yZyIsImZpbGVfcGsiOjI5NjQ5OSwidGFibGVfbmFtZSI6IlBlcnNvbiIsInJlY29yZF9mayI6MTcwNTEsImV4cCI6MTc3MzUzMTAwMH0=.EhNxtgh9Xlw0ttoioEhxlR9pptxU8b_zyhLIP0X7SMY=&transform=true
17052,https://files2.veracross.com/unishanoi/legacy_files/296517?auth=eyJhbGciOiJIUzI1NiIsInR5cCI6IkpXVCJ9.eyJkYXRhYmFzZSI6InVuaXNoYW5vaSIsInVzZXJuYW1lIjoiZHZjaHV5ZW5AdW5pc2hhbm9pLm9yZyIsImZpbGVfcGsiOjI5NjUxNywidGFibGVfbmFtZSI6IlBlcnNvbiIsInJlY29yZF9mayI6MTcwNTIsImV4cCI6MTc3MzUzMTAwMH0=.Xp9PrT8gAI5wZeOGXaa3ZQKpWVD7_-UlWD9qPf_hS5s=&transform=true
17053,https://files2.veracross.com/unishanoi/legacy_files/296519?auth=eyJhbGciOiJIUzI1NiIsInR5cCI6IkpXVCJ9.eyJkYXRhYmFzZSI6InVuaXNoYW5vaSIsInVzZXJuYW1lIjoiZHZjaHV5ZW5AdW5pc2hhbm9pLm9yZyIsImZpbGVfcGsiOjI5NjUxOSwidGFibGVfbmFtZSI6IlBlcnNvbiIsInJlY29yZF9mayI6MTcwNTMsImV4cCI6MTc3MzUzMTAwMH0=.QSAlbFrLb0PuxkirBCF5d3zvqzPEo5M5IbIrO0YxNx8=&transform=true
17057,https://files2.veracross.com/unishanoi/legacy_files/296470?auth=eyJhbGciOiJIUzI1NiIsInR5cCI6IkpXVCJ9.eyJkYXRhYmFzZSI6InVuaXNoYW5vaSIsInVzZXJuYW1lIjoiZHZjaHV5ZW5AdW5pc2hhbm9pLm9yZyIsImZpbGVfcGsiOjI5NjQ3MCwidGFibGVfbmFtZSI6IlBlcnNvbiIsInJlY29yZF9mayI6MTcwNTcsImV4cCI6MTc3MzUzMTAwMH0=.cePHcCK4zd4PHK6X03puY1urm_R32uqfQYffcvsvJYs=&transform=true
17058,https://files2.veracross.com/unishanoi/legacy_files/251357?auth=eyJhbGciOiJIUzI1NiIsInR5cCI6IkpXVCJ9.eyJkYXRhYmFzZSI6InVuaXNoYW5vaSIsInVzZXJuYW1lIjoiZHZjaHV5ZW5AdW5pc2hhbm9pLm9yZyIsImZpbGVfcGsiOjI1MTM1NywidGFibGVfbmFtZSI6IlBlcnNvbiIsInJlY29yZF9mayI6MTcwNTgsImV4cCI6MTc3MzUzMTAwMH0=.uZzk1Z3KbGA6Ss-mbLhmUJZlkXGcQ24cB95FERMei7w=&transform=true
17059,https://files2.veracross.com/unishanoi/legacy_files/296373?auth=eyJhbGciOiJIUzI1NiIsInR5cCI6IkpXVCJ9.eyJkYXRhYmFzZSI6InVuaXNoYW5vaSIsInVzZXJuYW1lIjoiZHZjaHV5ZW5AdW5pc2hhbm9pLm9yZyIsImZpbGVfcGsiOjI5NjM3MywidGFibGVfbmFtZSI6IlBlcnNvbiIsInJlY29yZF9mayI6MTcwNTksImV4cCI6MTc3MzUzMTAwMH0=.KLFlKQiLpzg9ihhu-QAGRwFqaN0_ssC2yk9iOewPNiE=&transform=true
17065,https://files2.veracross.com/unishanoi/legacy_files/296374?auth=eyJhbGciOiJIUzI1NiIsInR5cCI6IkpXVCJ9.eyJkYXRhYmFzZSI6InVuaXNoYW5vaSIsInVzZXJuYW1lIjoiZHZjaHV5ZW5AdW5pc2hhbm9pLm9yZyIsImZpbGVfcGsiOjI5NjM3NCwidGFibGVfbmFtZSI6IlBlcnNvbiIsInJlY29yZF9mayI6MTcwNjUsImV4cCI6MTc3MzUzMTAwMH0=.7RvHWwe1UgK_AF_xG5fK_lOeAsAQxrw6kFQBrWxEV1Y=&transform=true
17067,https://files2.veracross.com/unishanoi/legacy_files/296385?auth=eyJhbGciOiJIUzI1NiIsInR5cCI6IkpXVCJ9.eyJkYXRhYmFzZSI6InVuaXNoYW5vaSIsInVzZXJuYW1lIjoiZHZjaHV5ZW5AdW5pc2hhbm9pLm9yZyIsImZpbGVfcGsiOjI5NjM4NSwidGFibGVfbmFtZSI6IlBlcnNvbiIsInJlY29yZF9mayI6MTcwNjcsImV4cCI6MTc3MzUzMTAwMH0=.5SJ8vcerBLedeo_DnAI7IJoCpA1xpUxK7bh4ADASMVg=&transform=true
17068,https://files2.veracross.com/unishanoi/legacy_files/260458?auth=eyJhbGciOiJIUzI1NiIsInR5cCI6IkpXVCJ9.eyJkYXRhYmFzZSI6InVuaXNoYW5vaSIsInVzZXJuYW1lIjoiZHZjaHV5ZW5AdW5pc2hhbm9pLm9yZyIsImZpbGVfcGsiOjI2MDQ1OCwidGFibGVfbmFtZSI6IlBlcnNvbiIsInJlY29yZF9mayI6MTcwNjgsImV4cCI6MTc3MzUzMTAwMH0=.G6MMDnxO9HK230o1nDNxha42Odasxrs0vd0ZJnDXcaU=&transform=true
17069,https://files2.veracross.com/unishanoi/legacy_files/296489?auth=eyJhbGciOiJIUzI1NiIsInR5cCI6IkpXVCJ9.eyJkYXRhYmFzZSI6InVuaXNoYW5vaSIsInVzZXJuYW1lIjoiZHZjaHV5ZW5AdW5pc2hhbm9pLm9yZyIsImZpbGVfcGsiOjI5NjQ4OSwidGFibGVfbmFtZSI6IlBlcnNvbiIsInJlY29yZF9mayI6MTcwNjksImV4cCI6MTc3MzUzMTAwMH0=.OigEr4j5kGnhdYg77to25ClRQ__VE8y4eL7P7LguG8g=&transform=true
17070,https://files2.veracross.com/unishanoi/legacy_files/251363?auth=eyJhbGciOiJIUzI1NiIsInR5cCI6IkpXVCJ9.eyJkYXRhYmFzZSI6InVuaXNoYW5vaSIsInVzZXJuYW1lIjoiZHZjaHV5ZW5AdW5pc2hhbm9pLm9yZyIsImZpbGVfcGsiOjI1MTM2MywidGFibGVfbmFtZSI6IlBlcnNvbiIsInJlY29yZF9mayI6MTcwNzAsImV4cCI6MTc3MzUzMTAwMH0=.-vR8GMP3BKZ-EbMlLTN1NtzD68z90xp6ytnRlN4eUB0=&transform=true
17071,https://files2.veracross.com/unishanoi/legacy_files/296376?auth=eyJhbGciOiJIUzI1NiIsInR5cCI6IkpXVCJ9.eyJkYXRhYmFzZSI6InVuaXNoYW5vaSIsInVzZXJuYW1lIjoiZHZjaHV5ZW5AdW5pc2hhbm9pLm9yZyIsImZpbGVfcGsiOjI5NjM3NiwidGFibGVfbmFtZSI6IlBlcnNvbiIsInJlY29yZF9mayI6MTcwNzEsImV4cCI6MTc3MzUzMTAwMH0=.bdfLW1lpGvjZDRmBFCB9dmMiPC77cQefxGPCJXURStk=&transform=true
17082,https://files2.veracross.com/unishanoi/legacy_files/296485?auth=eyJhbGciOiJIUzI1NiIsInR5cCI6IkpXVCJ9.eyJkYXRhYmFzZSI6InVuaXNoYW5vaSIsInVzZXJuYW1lIjoiZHZjaHV5ZW5AdW5pc2hhbm9pLm9yZyIsImZpbGVfcGsiOjI5NjQ4NSwidGFibGVfbmFtZSI6IlBlcnNvbiIsInJlY29yZF9mayI6MTcwODIsImV4cCI6MTc3MzUzMTAwMH0=.2mD0-RCMnpJhulqnHh8b8h6QjNWSzA9cMtqibWFrTr0=&transform=true
17083,https://files2.veracross.com/unishanoi/legacy_files/260462?auth=eyJhbGciOiJIUzI1NiIsInR5cCI6IkpXVCJ9.eyJkYXRhYmFzZSI6InVuaXNoYW5vaSIsInVzZXJuYW1lIjoiZHZjaHV5ZW5AdW5pc2hhbm9pLm9yZyIsImZpbGVfcGsiOjI2MDQ2MiwidGFibGVfbmFtZSI6IlBlcnNvbiIsInJlY29yZF9mayI6MTcwODMsImV4cCI6MTc3MzUzMTAwMH0=.lwxghGr1wJu5LbY0lHzRvu5B6Uu_-YiTox-0qRAGnLA=&transform=true
17085,https://files2.veracross.com/unishanoi/legacy_files/251370?auth=eyJhbGciOiJIUzI1NiIsInR5cCI6IkpXVCJ9.eyJkYXRhYmFzZSI6InVuaXNoYW5vaSIsInVzZXJuYW1lIjoiZHZjaHV5ZW5AdW5pc2hhbm9pLm9yZyIsImZpbGVfcGsiOjI1MTM3MCwidGFibGVfbmFtZSI6IlBlcnNvbiIsInJlY29yZF9mayI6MTcwODUsImV4cCI6MTc3MzUzMTAwMH0=.60K-WxpX_dYltd2F2vYdYnkh9zihLHlwQ_imtebF07E=&transform=true
17087,https://files2.veracross.com/unishanoi/legacy_files/251371?auth=eyJhbGciOiJIUzI1NiIsInR5cCI6IkpXVCJ9.eyJkYXRhYmFzZSI6InVuaXNoYW5vaSIsInVzZXJuYW1lIjoiZHZjaHV5ZW5AdW5pc2hhbm9pLm9yZyIsImZpbGVfcGsiOjI1MTM3MSwidGFibGVfbmFtZSI6IlBlcnNvbiIsInJlY29yZF9mayI6MTcwODcsImV4cCI6MTc3MzUzMTAwMH0=.8GtF_XoP17J5Q3h0-7YvE25MkmyLHhzZR8F0ioc5CQY=&transform=true
17094,https://files2.veracross.com/unishanoi/legacy_files/296472?auth=eyJhbGciOiJIUzI1NiIsInR5cCI6IkpXVCJ9.eyJkYXRhYmFzZSI6InVuaXNoYW5vaSIsInVzZXJuYW1lIjoiZHZjaHV5ZW5AdW5pc2hhbm9pLm9yZyIsImZpbGVfcGsiOjI5NjQ3MiwidGFibGVfbmFtZSI6IlBlcnNvbiIsInJlY29yZF9mayI6MTcwOTQsImV4cCI6MTc3MzUzMTAwMH0=.4wiiizwsyZrTWvVoBDw_KqaIjO0MqJIGB7zXapfU4d0=&transform=true
17095,https://files2.veracross.com/unishanoi/legacy_files/251373?auth=eyJhbGciOiJIUzI1NiIsInR5cCI6IkpXVCJ9.eyJkYXRhYmFzZSI6InVuaXNoYW5vaSIsInVzZXJuYW1lIjoiZHZjaHV5ZW5AdW5pc2hhbm9pLm9yZyIsImZpbGVfcGsiOjI1MTM3MywidGFibGVfbmFtZSI6IlBlcnNvbiIsInJlY29yZF9mayI6MTcwOTUsImV4cCI6MTc3MzUzMTAwMH0=.iUFwdDKZy2ckZKHAcX_yJPASgqHLTAePxjXE_EWMneg=&transform=true
17106,https://files2.veracross.com/unishanoi/legacy_files/296397?auth=eyJhbGciOiJIUzI1NiIsInR5cCI6IkpXVCJ9.eyJkYXRhYmFzZSI6InVuaXNoYW5vaSIsInVzZXJuYW1lIjoiZHZjaHV5ZW5AdW5pc2hhbm9pLm9yZyIsImZpbGVfcGsiOjI5NjM5NywidGFibGVfbmFtZSI6IlBlcnNvbiIsInJlY29yZF9mayI6MTcxMDYsImV4cCI6MTc3MzUzMTAwMH0=.1yu3e8YntP5cU20fEDitDedppEpoFV2xSzGUX0lUc6Q=&transform=true
17110,https://files2.veracross.com/unishanoi/legacy_files/296366?auth=eyJhbGciOiJIUzI1NiIsInR5cCI6IkpXVCJ9.eyJkYXRhYmFzZSI6InVuaXNoYW5vaSIsInVzZXJuYW1lIjoiZHZjaHV5ZW5AdW5pc2hhbm9pLm9yZyIsImZpbGVfcGsiOjI5NjM2NiwidGFibGVfbmFtZSI6IlBlcnNvbiIsInJlY29yZF9mayI6MTcxMTAsImV4cCI6MTc3MzUzMTAwMH0=.IGw4emLF6AB7QQAgXIdLHIwQ6WmKgoGupp_njugTZfU=&transform=true
17111,https://files2.veracross.com/unishanoi/legacy_files/296379?auth=eyJhbGciOiJIUzI1NiIsInR5cCI6IkpXVCJ9.eyJkYXRhYmFzZSI6InVuaXNoYW5vaSIsInVzZXJuYW1lIjoiZHZjaHV5ZW5AdW5pc2hhbm9pLm9yZyIsImZpbGVfcGsiOjI5NjM3OSwidGFibGVfbmFtZSI6IlBlcnNvbiIsInJlY29yZF9mayI6MTcxMTEsImV4cCI6MTc3MzUzMTAwMH0=.xHJOkxBUclw9DLBvQRoxVogU-ieIBdxuui_XPO4G4CQ=&transform=true
17112,https://files2.veracross.com/unishanoi/legacy_files/296398?auth=eyJhbGciOiJIUzI1NiIsInR5cCI6IkpXVCJ9.eyJkYXRhYmFzZSI6InVuaXNoYW5vaSIsInVzZXJuYW1lIjoiZHZjaHV5ZW5AdW5pc2hhbm9pLm9yZyIsImZpbGVfcGsiOjI5NjM5OCwidGFibGVfbmFtZSI6IlBlcnNvbiIsInJlY29yZF9mayI6MTcxMTIsImV4cCI6MTc3MzUzMTAwMH0=.dg6JkMwmsIASbzSpA1fMxb-Wb01iNNagr2s7av4BCfg=&transform=true
17115,https://files2.veracross.com/unishanoi/legacy_files/296356?auth=eyJhbGciOiJIUzI1NiIsInR5cCI6IkpXVCJ9.eyJkYXRhYmFzZSI6InVuaXNoYW5vaSIsInVzZXJuYW1lIjoiZHZjaHV5ZW5AdW5pc2hhbm9pLm9yZyIsImZpbGVfcGsiOjI5NjM1NiwidGFibGVfbmFtZSI6IlBlcnNvbiIsInJlY29yZF9mayI6MTcxMTUsImV4cCI6MTc3MzUzMTAwMH0=.IDxRySfp2OWFQMsH7yFOaYpSENSyg-fmTXxlm2NIx_k=&transform=true
17117,https://files2.veracross.com/unishanoi/legacy_files/251380?auth=eyJhbGciOiJIUzI1NiIsInR5cCI6IkpXVCJ9.eyJkYXRhYmFzZSI6InVuaXNoYW5vaSIsInVzZXJuYW1lIjoiZHZjaHV5ZW5AdW5pc2hhbm9pLm9yZyIsImZpbGVfcGsiOjI1MTM4MCwidGFibGVfbmFtZSI6IlBlcnNvbiIsInJlY29yZF9mayI6MTcxMTcsImV4cCI6MTc3MzUzMTAwMH0=.FWL1zMwwjFH-bxmw3552wlC5DpNzHIITqSTRA0xmNRU=&transform=true
17123,https://files2.veracross.com/unishanoi/legacy_files/296467?auth=eyJhbGciOiJIUzI1NiIsInR5cCI6IkpXVCJ9.eyJkYXRhYmFzZSI6InVuaXNoYW5vaSIsInVzZXJuYW1lIjoiZHZjaHV5ZW5AdW5pc2hhbm9pLm9yZyIsImZpbGVfcGsiOjI5NjQ2NywidGFibGVfbmFtZSI6IlBlcnNvbiIsInJlY29yZF9mayI6MTcxMjMsImV4cCI6MTc3MzUzMTAwMH0=.hCg8yaXA7xb9zZ40D02safsPA_M61Bd4czirgVL58ks=&transform=true
17158,https://files2.veracross.com/unishanoi/legacy_files/296421?auth=eyJhbGciOiJIUzI1NiIsInR5cCI6IkpXVCJ9.eyJkYXRhYmFzZSI6InVuaXNoYW5vaSIsInVzZXJuYW1lIjoiZHZjaHV5ZW5AdW5pc2hhbm9pLm9yZyIsImZpbGVfcGsiOjI5NjQyMSwidGFibGVfbmFtZSI6IlBlcnNvbiIsInJlY29yZF9mayI6MTcxNTgsImV4cCI6MTc3MzUzMTAwMH0=.WM_w4yGY-YbDGEXT8h5bOGLS01tZEksTy3QDYIOL1eQ=&transform=true
17161,https://files2.veracross.com/unishanoi/legacy_files/260345?auth=eyJhbGciOiJIUzI1NiIsInR5cCI6IkpXVCJ9.eyJkYXRhYmFzZSI6InVuaXNoYW5vaSIsInVzZXJuYW1lIjoiZHZjaHV5ZW5AdW5pc2hhbm9pLm9yZyIsImZpbGVfcGsiOjI2MDM0NSwidGFibGVfbmFtZSI6IlBlcnNvbiIsInJlY29yZF9mayI6MTcxNjEsImV4cCI6MTc3MzUzMTAwMH0=.QoTlHNJg5_nsNpCcofmC-MNQi5olGnZ77TUakoLzePI=&transform=true
17162,https://files2.veracross.com/unishanoi/legacy_files/296405?auth=eyJhbGciOiJIUzI1NiIsInR5cCI6IkpXVCJ9.eyJkYXRhYmFzZSI6InVuaXNoYW5vaSIsInVzZXJuYW1lIjoiZHZjaHV5ZW5AdW5pc2hhbm9pLm9yZyIsImZpbGVfcGsiOjI5NjQwNSwidGFibGVfbmFtZSI6IlBlcnNvbiIsInJlY29yZF9mayI6MTcxNjIsImV4cCI6MTc3MzUzMTAwMH0=.0hgswixwp1UMdTTurk6vllYe4nl74mEGgoPdAdFZZkY=&transform=true
17173,https://files2.veracross.com/unishanoi/legacy_files/278519?auth=eyJhbGciOiJIUzI1NiIsInR5cCI6IkpXVCJ9.eyJkYXRhYmFzZSI6InVuaXNoYW5vaSIsInVzZXJuYW1lIjoiZHZjaHV5ZW5AdW5pc2hhbm9pLm9yZyIsImZpbGVfcGsiOjI3ODUxOSwidGFibGVfbmFtZSI6IlBlcnNvbiIsInJlY29yZF9mayI6MTcxNzMsImV4cCI6MTc3MzUzMTAwMH0=.o61uBQGv0E_Fd18wx1328DHLbYZiXav97Q0vnnpvm6k=&transform=true
17174,https://files2.veracross.com/unishanoi/legacy_files/260348?auth=eyJhbGciOiJIUzI1NiIsInR5cCI6IkpXVCJ9.eyJkYXRhYmFzZSI6InVuaXNoYW5vaSIsInVzZXJuYW1lIjoiZHZjaHV5ZW5AdW5pc2hhbm9pLm9yZyIsImZpbGVfcGsiOjI2MDM0OCwidGFibGVfbmFtZSI6IlBlcnNvbiIsInJlY29yZF9mayI6MTcxNzQsImV4cCI6MTc3MzUzMTAwMH0=.2_DUxdg_PCxXU2eTJq42zNA24-CThEtDwVSWeb0uOPM=&transform=true
17208,https://files2.veracross.com/unishanoi/legacy_files/260411?auth=eyJhbGciOiJIUzI1NiIsInR5cCI6IkpXVCJ9.eyJkYXRhYmFzZSI6InVuaXNoYW5vaSIsInVzZXJuYW1lIjoiZHZjaHV5ZW5AdW5pc2hhbm9pLm9yZyIsImZpbGVfcGsiOjI2MDQxMSwidGFibGVfbmFtZSI6IlBlcnNvbiIsInJlY29yZF9mayI6MTcyMDgsImV4cCI6MTc3MzUzMTAwMH0=.ks6CYsLXqUE8yAK3I_zHVrRIxhfJZ1YuLTz_-OISM9U=&transform=true
17253,https://files2.veracross.com/unishanoi/legacy_files/260487?auth=eyJhbGciOiJIUzI1NiIsInR5cCI6IkpXVCJ9.eyJkYXRhYmFzZSI6InVuaXNoYW5vaSIsInVzZXJuYW1lIjoiZHZjaHV5ZW5AdW5pc2hhbm9pLm9yZyIsImZpbGVfcGsiOjI2MDQ4NywidGFibGVfbmFtZSI6IlBlcnNvbiIsInJlY29yZF9mayI6MTcyNTMsImV4cCI6MTc3MzUzMTAwMH0=.3eq5e4ukSzpWKi3P5JxLArMbOiJM_eudSN6Oc0eCGqc=&transform=true
17264,https://files2.veracross.com/unishanoi/legacy_files/260333?auth=eyJhbGciOiJIUzI1NiIsInR5cCI6IkpXVCJ9.eyJkYXRhYmFzZSI6InVuaXNoYW5vaSIsInVzZXJuYW1lIjoiZHZjaHV5ZW5AdW5pc2hhbm9pLm9yZyIsImZpbGVfcGsiOjI2MDMzMywidGFibGVfbmFtZSI6IlBlcnNvbiIsInJlY29yZF9mayI6MTcyNjQsImV4cCI6MTc3MzUzMTAwMH0=.F3zagIibwLIVWyfLTMcabwefyGz5hUvO70bw40FHXx8=&transform=true
17269,https://files2.veracross.com/unishanoi/legacy_files/251397?auth=eyJhbGciOiJIUzI1NiIsInR5cCI6IkpXVCJ9.eyJkYXRhYmFzZSI6InVuaXNoYW5vaSIsInVzZXJuYW1lIjoiZHZjaHV5ZW5AdW5pc2hhbm9pLm9yZyIsImZpbGVfcGsiOjI1MTM5NywidGFibGVfbmFtZSI6IlBlcnNvbiIsInJlY29yZF9mayI6MTcyNjksImV4cCI6MTc3MzUzMTAwMH0=.bMoML8FQQOr7yuYX6btDkvq1-oTjM-Cam4VYCbuqKQs=&transform=true
17283,https://files2.veracross.com/unishanoi/legacy_files/260447?auth=eyJhbGciOiJIUzI1NiIsInR5cCI6IkpXVCJ9.eyJkYXRhYmFzZSI6InVuaXNoYW5vaSIsInVzZXJuYW1lIjoiZHZjaHV5ZW5AdW5pc2hhbm9pLm9yZyIsImZpbGVfcGsiOjI2MDQ0NywidGFibGVfbmFtZSI6IlBlcnNvbiIsInJlY29yZF9mayI6MTcyODMsImV4cCI6MTc3MzUzMTAwMH0=.uVIWn_42bJ0zrvCbURgiq71-P0fOCy6yA2bnDZTLlnU=&transform=true
17333,https://files2.veracross.com/unishanoi/legacy_files/251400?auth=eyJhbGciOiJIUzI1NiIsInR5cCI6IkpXVCJ9.eyJkYXRhYmFzZSI6InVuaXNoYW5vaSIsInVzZXJuYW1lIjoiZHZjaHV5ZW5AdW5pc2hhbm9pLm9yZyIsImZpbGVfcGsiOjI1MTQwMCwidGFibGVfbmFtZSI6IlBlcnNvbiIsInJlY29yZF9mayI6MTczMzMsImV4cCI6MTc3MzUzMTAwMH0=.XWsSTjYtHDWzvaMprUNzbW1V8cjKDFdinAhpGoLRHBs=&transform=true
17335,https://files2.veracross.com/unishanoi/legacy_files/260436?auth=eyJhbGciOiJIUzI1NiIsInR5cCI6IkpXVCJ9.eyJkYXRhYmFzZSI6InVuaXNoYW5vaSIsInVzZXJuYW1lIjoiZHZjaHV5ZW5AdW5pc2hhbm9pLm9yZyIsImZpbGVfcGsiOjI2MDQzNiwidGFibGVfbmFtZSI6IlBlcnNvbiIsInJlY29yZF9mayI6MTczMzUsImV4cCI6MTc3MzUzMTAwMH0=.NYTojPHZC-LTaCTNHnrRW6fypfkm3_c8IjZBCIXWmj0=&transform=true
17390,https://files2.veracross.com/unishanoi/legacy_files/296459?auth=eyJhbGciOiJIUzI1NiIsInR5cCI6IkpXVCJ9.eyJkYXRhYmFzZSI6InVuaXNoYW5vaSIsInVzZXJuYW1lIjoiZHZjaHV5ZW5AdW5pc2hhbm9pLm9yZyIsImZpbGVfcGsiOjI5NjQ1OSwidGFibGVfbmFtZSI6IlBlcnNvbiIsInJlY29yZF9mayI6MTczOTAsImV4cCI6MTc3MzUzMTAwMH0=.4nTWMoBzA3GxiTD4Qju0jMYV_fxB_KvyzWogZVYv0yE=&transform=true
17402,https://files2.veracross.com/unishanoi/legacy_files/296419?auth=eyJhbGciOiJIUzI1NiIsInR5cCI6IkpXVCJ9.eyJkYXRhYmFzZSI6InVuaXNoYW5vaSIsInVzZXJuYW1lIjoiZHZjaHV5ZW5AdW5pc2hhbm9pLm9yZyIsImZpbGVfcGsiOjI5NjQxOSwidGFibGVfbmFtZSI6IlBlcnNvbiIsInJlY29yZF9mayI6MTc0MDIsImV4cCI6MTc3MzUzMTAwMH0=.ckNL-3itqY4rsx5mXRkBSsNjAHZ8aRmOMvbBIBBrGzc=&transform=true
17415,https://files2.veracross.com/unishanoi/legacy_files/251406?auth=eyJhbGciOiJIUzI1NiIsInR5cCI6IkpXVCJ9.eyJkYXRhYmFzZSI6InVuaXNoYW5vaSIsInVzZXJuYW1lIjoiZHZjaHV5ZW5AdW5pc2hhbm9pLm9yZyIsImZpbGVfcGsiOjI1MTQwNiwidGFibGVfbmFtZSI6IlBlcnNvbiIsInJlY29yZF9mayI6MTc0MTUsImV4cCI6MTc3MzUzMTAwMH0=.5AecC5bLV1OBeIen9TRxFMbCNiYELgGYirpuau3BZBE=&transform=true
17423,https://files2.veracross.com/unishanoi/legacy_files/296458?auth=eyJhbGciOiJIUzI1NiIsInR5cCI6IkpXVCJ9.eyJkYXRhYmFzZSI6InVuaXNoYW5vaSIsInVzZXJuYW1lIjoiZHZjaHV5ZW5AdW5pc2hhbm9pLm9yZyIsImZpbGVfcGsiOjI5NjQ1OCwidGFibGVfbmFtZSI6IlBlcnNvbiIsInJlY29yZF9mayI6MTc0MjMsImV4cCI6MTc3MzUzMTAwMH0=.EKTcG5-oIItwieDqxXv0YXl3uO5yuxOEWfmGSYMjzTE=&transform=true
17429,https://files2.veracross.com/unishanoi/legacy_files/296434?auth=eyJhbGciOiJIUzI1NiIsInR5cCI6IkpXVCJ9.eyJkYXRhYmFzZSI6InVuaXNoYW5vaSIsInVzZXJuYW1lIjoiZHZjaHV5ZW5AdW5pc2hhbm9pLm9yZyIsImZpbGVfcGsiOjI5NjQzNCwidGFibGVfbmFtZSI6IlBlcnNvbiIsInJlY29yZF9mayI6MTc0MjksImV4cCI6MTc3MzUzMTAwMH0=.V9vSjfE4bH36xKKvXOUkSrSf5FhNNqb6YWY2BHAMF04=&transform=true
17476,https://files2.veracross.com/unishanoi/legacy_files/251411?auth=eyJhbGciOiJIUzI1NiIsInR5cCI6IkpXVCJ9.eyJkYXRhYmFzZSI6InVuaXNoYW5vaSIsInVzZXJuYW1lIjoiZHZjaHV5ZW5AdW5pc2hhbm9pLm9yZyIsImZpbGVfcGsiOjI1MTQxMSwidGFibGVfbmFtZSI6IlBlcnNvbiIsInJlY29yZF9mayI6MTc0NzYsImV4cCI6MTc3MzUzMTAwMH0=.sZal2aBPUD53y_QIwsfv8X3jB2z7sSm95ha2QGu9k-0=&transform=true
17484,https://files2.veracross.com/unishanoi/legacy_files/296464?auth=eyJhbGciOiJIUzI1NiIsInR5cCI6IkpXVCJ9.eyJkYXRhYmFzZSI6InVuaXNoYW5vaSIsInVzZXJuYW1lIjoiZHZjaHV5ZW5AdW5pc2hhbm9pLm9yZyIsImZpbGVfcGsiOjI5NjQ2NCwidGFibGVfbmFtZSI6IlBlcnNvbiIsInJlY29yZF9mayI6MTc0ODQsImV4cCI6MTc3MzUzMTAwMH0=.X4ZeCri4zrqcRR7cz5oTe9rOnotCby-NvazAPKdSvb8=&transform=true
17488,https://files2.veracross.com/unishanoi/legacy_files/260322?auth=eyJhbGciOiJIUzI1NiIsInR5cCI6IkpXVCJ9.eyJkYXRhYmFzZSI6InVuaXNoYW5vaSIsInVzZXJuYW1lIjoiZHZjaHV5ZW5AdW5pc2hhbm9pLm9yZyIsImZpbGVfcGsiOjI2MDMyMiwidGFibGVfbmFtZSI6IlBlcnNvbiIsInJlY29yZF9mayI6MTc0ODgsImV4cCI6MTc3MzUzMTAwMH0=.lBObdbc8zW8fu0mn96P0BEM1x0kHb2TfjOf-XdPTJWk=&transform=true
17494,https://files2.veracross.com/unishanoi/legacy_files/296522?auth=eyJhbGciOiJIUzI1NiIsInR5cCI6IkpXVCJ9.eyJkYXRhYmFzZSI6InVuaXNoYW5vaSIsInVzZXJuYW1lIjoiZHZjaHV5ZW5AdW5pc2hhbm9pLm9yZyIsImZpbGVfcGsiOjI5NjUyMiwidGFibGVfbmFtZSI6IlBlcnNvbiIsInJlY29yZF9mayI6MTc0OTQsImV4cCI6MTc3MzUzMTAwMH0=.Oc2vonXaX8DGrpA3_nsmgwIl0d2tSJ0Xtpth6C8PRcU=&transform=true
17496,https://files2.veracross.com/unishanoi/legacy_files/296494?auth=eyJhbGciOiJIUzI1NiIsInR5cCI6IkpXVCJ9.eyJkYXRhYmFzZSI6InVuaXNoYW5vaSIsInVzZXJuYW1lIjoiZHZjaHV5ZW5AdW5pc2hhbm9pLm9yZyIsImZpbGVfcGsiOjI5NjQ5NCwidGFibGVfbmFtZSI6IlBlcnNvbiIsInJlY29yZF9mayI6MTc0OTYsImV4cCI6MTc3MzUzMTAwMH0=.7ORyvTMh4qL-KN6HTjhDS8YBLMGWjxono2CKfLcqxvs=&transform=true
17511,https://files2.veracross.com/unishanoi/legacy_files/251416?auth=eyJhbGciOiJIUzI1NiIsInR5cCI6IkpXVCJ9.eyJkYXRhYmFzZSI6InVuaXNoYW5vaSIsInVzZXJuYW1lIjoiZHZjaHV5ZW5AdW5pc2hhbm9pLm9yZyIsImZpbGVfcGsiOjI1MTQxNiwidGFibGVfbmFtZSI6IlBlcnNvbiIsInJlY29yZF9mayI6MTc1MTEsImV4cCI6MTc3MzUzMTAwMH0=.i7ixIKz20NNUFSY7i41E03-cxOYJKjspglNhJ2CAglo=&transform=true
17535,https://files2.veracross.com/unishanoi/legacy_files/296502?auth=eyJhbGciOiJIUzI1NiIsInR5cCI6IkpXVCJ9.eyJkYXRhYmFzZSI6InVuaXNoYW5vaSIsInVzZXJuYW1lIjoiZHZjaHV5ZW5AdW5pc2hhbm9pLm9yZyIsImZpbGVfcGsiOjI5NjUwMiwidGFibGVfbmFtZSI6IlBlcnNvbiIsInJlY29yZF9mayI6MTc1MzUsImV4cCI6MTc3MzUzMTAwMH0=.De8RvOdMmKQo-5NeQzktzjMNTarLJ_cna8rffIlDXZ8=&transform=true
17554,https://files2.veracross.com/unishanoi/legacy_files/260433?auth=eyJhbGciOiJIUzI1NiIsInR5cCI6IkpXVCJ9.eyJkYXRhYmFzZSI6InVuaXNoYW5vaSIsInVzZXJuYW1lIjoiZHZjaHV5ZW5AdW5pc2hhbm9pLm9yZyIsImZpbGVfcGsiOjI2MDQzMywidGFibGVfbmFtZSI6IlBlcnNvbiIsInJlY29yZF9mayI6MTc1NTQsImV4cCI6MTc3MzUzMTAwMH0=.czEi8OaIpljhZSzyBEtNj_duhl-OIrpFltxe-cdnU10=&transform=true
17556,https://files2.veracross.com/unishanoi/legacy_files/296453?auth=eyJhbGciOiJIUzI1NiIsInR5cCI6IkpXVCJ9.eyJkYXRhYmFzZSI6InVuaXNoYW5vaSIsInVzZXJuYW1lIjoiZHZjaHV5ZW5AdW5pc2hhbm9pLm9yZyIsImZpbGVfcGsiOjI5NjQ1MywidGFibGVfbmFtZSI6IlBlcnNvbiIsInJlY29yZF9mayI6MTc1NTYsImV4cCI6MTc3MzUzMTAwMH0=.9_wFcGDM6dcwn9bArTm5GJKF1Wu99hdOP42uSjvAhqI=&transform=true
17567,https://files2.veracross.com/unishanoi/legacy_files/260358?auth=eyJhbGciOiJIUzI1NiIsInR5cCI6IkpXVCJ9.eyJkYXRhYmFzZSI6InVuaXNoYW5vaSIsInVzZXJuYW1lIjoiZHZjaHV5ZW5AdW5pc2hhbm9pLm9yZyIsImZpbGVfcGsiOjI2MDM1OCwidGFibGVfbmFtZSI6IlBlcnNvbiIsInJlY29yZF9mayI6MTc1NjcsImV4cCI6MTc3MzUzMTAwMH0=.dQf56gDZZwtgsMP06s1_eTNCyNrCtNO0yM_B1XCeXQA=&transform=true
17580,https://files2.veracross.com/unishanoi/legacy_files/260423?auth=eyJhbGciOiJIUzI1NiIsInR5cCI6IkpXVCJ9.eyJkYXRhYmFzZSI6InVuaXNoYW5vaSIsInVzZXJuYW1lIjoiZHZjaHV5ZW5AdW5pc2hhbm9pLm9yZyIsImZpbGVfcGsiOjI2MDQyMywidGFibGVfbmFtZSI6IlBlcnNvbiIsInJlY29yZF9mayI6MTc1ODAsImV4cCI6MTc3MzUzMTAwMH0=.f9pJX0m6-WubwM05voTESwP9hbM2Ni61cJrOqPVcL4g=&transform=true
17584,https://files2.veracross.com/unishanoi/legacy_files/296445?auth=eyJhbGciOiJIUzI1NiIsInR5cCI6IkpXVCJ9.eyJkYXRhYmFzZSI6InVuaXNoYW5vaSIsInVzZXJuYW1lIjoiZHZjaHV5ZW5AdW5pc2hhbm9pLm9yZyIsImZpbGVfcGsiOjI5NjQ0NSwidGFibGVfbmFtZSI6IlBlcnNvbiIsInJlY29yZF9mayI6MTc1ODQsImV4cCI6MTc3MzUzMTAwMH0=.rNAQdiRo6cHb8zOxj6DltN03-mJedyRH6zSRK4-8UsM=&transform=true
17590,https://files2.veracross.com/unishanoi/legacy_files/260408?auth=eyJhbGciOiJIUzI1NiIsInR5cCI6IkpXVCJ9.eyJkYXRhYmFzZSI6InVuaXNoYW5vaSIsInVzZXJuYW1lIjoiZHZjaHV5ZW5AdW5pc2hhbm9pLm9yZyIsImZpbGVfcGsiOjI2MDQwOCwidGFibGVfbmFtZSI6IlBlcnNvbiIsInJlY29yZF9mayI6MTc1OTAsImV4cCI6MTc3MzUzMTAwMH0=.zTlz_G1AErwtR4NvM6CLNo9yR7gzomjzAkHtOCw0_dM=&transform=true
17603,https://files2.veracross.com/unishanoi/legacy_files/296432?auth=eyJhbGciOiJIUzI1NiIsInR5cCI6IkpXVCJ9.eyJkYXRhYmFzZSI6InVuaXNoYW5vaSIsInVzZXJuYW1lIjoiZHZjaHV5ZW5AdW5pc2hhbm9pLm9yZyIsImZpbGVfcGsiOjI5NjQzMiwidGFibGVfbmFtZSI6IlBlcnNvbiIsInJlY29yZF9mayI6MTc2MDMsImV4cCI6MTc3MzUzMTAwMH0=.zR-YOEBj4KVT-l7oyfFUzbqHaoYCZ06-ngJKkvo0P48=&transform=true
17604,https://files2.veracross.com/unishanoi/legacy_files/251426?auth=eyJhbGciOiJIUzI1NiIsInR5cCI6IkpXVCJ9.eyJkYXRhYmFzZSI6InVuaXNoYW5vaSIsInVzZXJuYW1lIjoiZHZjaHV5ZW5AdW5pc2hhbm9pLm9yZyIsImZpbGVfcGsiOjI1MTQyNiwidGFibGVfbmFtZSI6IlBlcnNvbiIsInJlY29yZF9mayI6MTc2MDQsImV4cCI6MTc3MzUzMTAwMH0=.t40dzfqxJuRpy5CsZ3gd5WL5cd-uROzlOTlmxkwvYAs=&transform=true
17619,https://files2.veracross.com/unishanoi/legacy_files/251427?auth=eyJhbGciOiJIUzI1NiIsInR5cCI6IkpXVCJ9.eyJkYXRhYmFzZSI6InVuaXNoYW5vaSIsInVzZXJuYW1lIjoiZHZjaHV5ZW5AdW5pc2hhbm9pLm9yZyIsImZpbGVfcGsiOjI1MTQyNywidGFibGVfbmFtZSI6IlBlcnNvbiIsInJlY29yZF9mayI6MTc2MTksImV4cCI6MTc3MzUzMTAwMH0=.m0i77qDt6WGWn2r_JIRfiVjzbC0Kcs4cX2imFpfdVDU=&transform=true
17655,https://files2.veracross.com/unishanoi/legacy_files/296521?auth=eyJhbGciOiJIUzI1NiIsInR5cCI6IkpXVCJ9.eyJkYXRhYmFzZSI6InVuaXNoYW5vaSIsInVzZXJuYW1lIjoiZHZjaHV5ZW5AdW5pc2hhbm9pLm9yZyIsImZpbGVfcGsiOjI5NjUyMSwidGFibGVfbmFtZSI6IlBlcnNvbiIsInJlY29yZF9mayI6MTc2NTUsImV4cCI6MTc3MzUzMTAwMH0=.E5nRwj6Sw3jWQqNLRHCJaa3MiV_gWUq5Kvt_G_qk2q8=&transform=true
17668,https://files2.veracross.com/unishanoi/legacy_files/296513?auth=eyJhbGciOiJIUzI1NiIsInR5cCI6IkpXVCJ9.eyJkYXRhYmFzZSI6InVuaXNoYW5vaSIsInVzZXJuYW1lIjoiZHZjaHV5ZW5AdW5pc2hhbm9pLm9yZyIsImZpbGVfcGsiOjI5NjUxMywidGFibGVfbmFtZSI6IlBlcnNvbiIsInJlY29yZF9mayI6MTc2NjgsImV4cCI6MTc3MzUzMTAwMH0=.g-IQY-4BVmlW0gFJzR4Ncu_421LmmenFrBXYQp7zA6M=&transform=true
17671,https://files2.veracross.com/unishanoi/legacy_files/251432?auth=eyJhbGciOiJIUzI1NiIsInR5cCI6IkpXVCJ9.eyJkYXRhYmFzZSI6InVuaXNoYW5vaSIsInVzZXJuYW1lIjoiZHZjaHV5ZW5AdW5pc2hhbm9pLm9yZyIsImZpbGVfcGsiOjI1MTQzMiwidGFibGVfbmFtZSI6IlBlcnNvbiIsInJlY29yZF9mayI6MTc2NzEsImV4cCI6MTc3MzUzMTAwMH0=.GuV8mSrtn_GGKAJozcQeY9w7Sbr1qCKaQ1Mpe8fLkcI=&transform=true
17676,https://files2.veracross.com/unishanoi/legacy_files/296368?auth=eyJhbGciOiJIUzI1NiIsInR5cCI6IkpXVCJ9.eyJkYXRhYmFzZSI6InVuaXNoYW5vaSIsInVzZXJuYW1lIjoiZHZjaHV5ZW5AdW5pc2hhbm9pLm9yZyIsImZpbGVfcGsiOjI5NjM2OCwidGFibGVfbmFtZSI6IlBlcnNvbiIsInJlY29yZF9mayI6MTc2NzYsImV4cCI6MTc3MzUzMTAwMH0=.-YTJuvO41lsAqngrv16BfA_eJ-LKv-5aR1mtlBY_Ajk=&transform=true
17679,https://files2.veracross.com/unishanoi/legacy_files/296465?auth=eyJhbGciOiJIUzI1NiIsInR5cCI6IkpXVCJ9.eyJkYXRhYmFzZSI6InVuaXNoYW5vaSIsInVzZXJuYW1lIjoiZHZjaHV5ZW5AdW5pc2hhbm9pLm9yZyIsImZpbGVfcGsiOjI5NjQ2NSwidGFibGVfbmFtZSI6IlBlcnNvbiIsInJlY29yZF9mayI6MTc2NzksImV4cCI6MTc3MzUzMTAwMH0=.virUL18ZP-7R02JgZgjIpWbvCzF9dH7oWDkmx2iAiiE=&transform=true
17682,https://files2.veracross.com/unishanoi/legacy_files/296520?auth=eyJhbGciOiJIUzI1NiIsInR5cCI6IkpXVCJ9.eyJkYXRhYmFzZSI6InVuaXNoYW5vaSIsInVzZXJuYW1lIjoiZHZjaHV5ZW5AdW5pc2hhbm9pLm9yZyIsImZpbGVfcGsiOjI5NjUyMCwidGFibGVfbmFtZSI6IlBlcnNvbiIsInJlY29yZF9mayI6MTc2ODIsImV4cCI6MTc3MzUzMTAwMH0=.IU1Mr6sp4n0QSebZnF2TTvNz_iNIGuY6iNCJSf3Bo6A=&transform=true
17686,https://files2.veracross.com/unishanoi/legacy_files/296468?auth=eyJhbGciOiJIUzI1NiIsInR5cCI6IkpXVCJ9.eyJkYXRhYmFzZSI6InVuaXNoYW5vaSIsInVzZXJuYW1lIjoiZHZjaHV5ZW5AdW5pc2hhbm9pLm9yZyIsImZpbGVfcGsiOjI5NjQ2OCwidGFibGVfbmFtZSI6IlBlcnNvbiIsInJlY29yZF9mayI6MTc2ODYsImV4cCI6MTc3MzUzMTAwMH0=.wiK7B9MFEFPAy7s0jUDgGz8DPsMUenFHxU9Gj4-p5KY=&transform=true
17704,https://files2.veracross.com/unishanoi/legacy_files/260286?auth=eyJhbGciOiJIUzI1NiIsInR5cCI6IkpXVCJ9.eyJkYXRhYmFzZSI6InVuaXNoYW5vaSIsInVzZXJuYW1lIjoiZHZjaHV5ZW5AdW5pc2hhbm9pLm9yZyIsImZpbGVfcGsiOjI2MDI4NiwidGFibGVfbmFtZSI6IlBlcnNvbiIsInJlY29yZF9mayI6MTc3MDQsImV4cCI6MTc3MzUzMTAwMH0=.3DRZFmxnnIcnrkDzD1nD8KdpPz6i599yNsVunsUiFyQ=&transform=true
17733,https://files2.veracross.com/unishanoi/legacy_files/296488?auth=eyJhbGciOiJIUzI1NiIsInR5cCI6IkpXVCJ9.eyJkYXRhYmFzZSI6InVuaXNoYW5vaSIsInVzZXJuYW1lIjoiZHZjaHV5ZW5AdW5pc2hhbm9pLm9yZyIsImZpbGVfcGsiOjI5NjQ4OCwidGFibGVfbmFtZSI6IlBlcnNvbiIsInJlY29yZF9mayI6MTc3MzMsImV4cCI6MTc3MzUzMTAwMH0=.kEDNCLJlmZ8zhHI48YvRoOJBaD_y-IVh1qUSTxT5YPc=&transform=true
17778,https://files2.veracross.com/unishanoi/legacy_files/309288?auth=eyJhbGciOiJIUzI1NiIsInR5cCI6IkpXVCJ9.eyJkYXRhYmFzZSI6InVuaXNoYW5vaSIsInVzZXJuYW1lIjoiZHZjaHV5ZW5AdW5pc2hhbm9pLm9yZyIsImZpbGVfcGsiOjMwOTI4OCwidGFibGVfbmFtZSI6IlBlcnNvbiIsInJlY29yZF9mayI6MTc3NzgsImV4cCI6MTc3MzUzMTAwMH0=.i4FlCShrlag725ZT4gE4c3fnDk_cvd6vUm_BjlYloes=&transform=true
17816,https://files2.veracross.com/unishanoi/legacy_files/251442?auth=eyJhbGciOiJIUzI1NiIsInR5cCI6IkpXVCJ9.eyJkYXRhYmFzZSI6InVuaXNoYW5vaSIsInVzZXJuYW1lIjoiZHZjaHV5ZW5AdW5pc2hhbm9pLm9yZyIsImZpbGVfcGsiOjI1MTQ0MiwidGFibGVfbmFtZSI6IlBlcnNvbiIsInJlY29yZF9mayI6MTc4MTYsImV4cCI6MTc3MzUzMTAwMH0=.SF77EbxRyCNWQcxoIx9-v-tQxA4pEK0f2_Ol3W18hI8=&transform=true
17823,https://files2.veracross.com/unishanoi/legacy_files/296406?auth=eyJhbGciOiJIUzI1NiIsInR5cCI6IkpXVCJ9.eyJkYXRhYmFzZSI6InVuaXNoYW5vaSIsInVzZXJuYW1lIjoiZHZjaHV5ZW5AdW5pc2hhbm9pLm9yZyIsImZpbGVfcGsiOjI5NjQwNiwidGFibGVfbmFtZSI6IlBlcnNvbiIsInJlY29yZF9mayI6MTc4MjMsImV4cCI6MTc3MzUzMTAwMH0=.nI6dWeChnpNF43_ZgrgtKXOn6mjShtgyc33lgXxo2Ys=&transform=true
17890,https://files2.veracross.com/unishanoi/legacy_files/251447?auth=eyJhbGciOiJIUzI1NiIsInR5cCI6IkpXVCJ9.eyJkYXRhYmFzZSI6InVuaXNoYW5vaSIsInVzZXJuYW1lIjoiZHZjaHV5ZW5AdW5pc2hhbm9pLm9yZyIsImZpbGVfcGsiOjI1MTQ0NywidGFibGVfbmFtZSI6IlBlcnNvbiIsInJlY29yZF9mayI6MTc4OTAsImV4cCI6MTc3MzUzMTAwMH0=.towZWhr0cBZ0-WL4qqfeZ-06guThSJq3TCkvChAMcss=&transform=true
17893,https://files2.veracross.com/unishanoi/legacy_files/251448?auth=eyJhbGciOiJIUzI1NiIsInR5cCI6IkpXVCJ9.eyJkYXRhYmFzZSI6InVuaXNoYW5vaSIsInVzZXJuYW1lIjoiZHZjaHV5ZW5AdW5pc2hhbm9pLm9yZyIsImZpbGVfcGsiOjI1MTQ0OCwidGFibGVfbmFtZSI6IlBlcnNvbiIsInJlY29yZF9mayI6MTc4OTMsImV4cCI6MTc3MzUzMTAwMH0=.jgn-TDyn4n_VqakC5gS1ocyKcLX4unozn_P5w3-6B00=&transform=true
17920,https://files2.veracross.com/unishanoi/legacy_files/296358?auth=eyJhbGciOiJIUzI1NiIsInR5cCI6IkpXVCJ9.eyJkYXRhYmFzZSI6InVuaXNoYW5vaSIsInVzZXJuYW1lIjoiZHZjaHV5ZW5AdW5pc2hhbm9pLm9yZyIsImZpbGVfcGsiOjI5NjM1OCwidGFibGVfbmFtZSI6IlBlcnNvbiIsInJlY29yZF9mayI6MTc5MjAsImV4cCI6MTc3MzUzMTAwMH0=.O_t9nQNd9LE4ZpYv_T-5thNXrqiXhM8DC7dJBWs8f6k=&transform=true
17933,https://files2.veracross.com/unishanoi/legacy_files/324142?auth=eyJhbGciOiJIUzI1NiIsInR5cCI6IkpXVCJ9.eyJkYXRhYmFzZSI6InVuaXNoYW5vaSIsInVzZXJuYW1lIjoiZHZjaHV5ZW5AdW5pc2hhbm9pLm9yZyIsImZpbGVfcGsiOjMyNDE0MiwidGFibGVfbmFtZSI6IlBlcnNvbiIsInJlY29yZF9mayI6MTc5MzMsImV4cCI6MTc3MzUzMTAwMH0=.vXLI9MYysnmaF4Uw3qRIWC0Zn3trfy1hJCGA3Ev5d2E=&transform=true
17945,https://files2.veracross.com/unishanoi/legacy_files/296423?auth=eyJhbGciOiJIUzI1NiIsInR5cCI6IkpXVCJ9.eyJkYXRhYmFzZSI6InVuaXNoYW5vaSIsInVzZXJuYW1lIjoiZHZjaHV5ZW5AdW5pc2hhbm9pLm9yZyIsImZpbGVfcGsiOjI5NjQyMywidGFibGVfbmFtZSI6IlBlcnNvbiIsInJlY29yZF9mayI6MTc5NDUsImV4cCI6MTc3MzUzMTAwMH0=.ur3i-D8eLIqwVfKOiPWAZbLPFM9NijEjVMCrsNdsDDM=&transform=true
17946,https://files2.veracross.com/unishanoi/legacy_files/296413?auth=eyJhbGciOiJIUzI1NiIsInR5cCI6IkpXVCJ9.eyJkYXRhYmFzZSI6InVuaXNoYW5vaSIsInVzZXJuYW1lIjoiZHZjaHV5ZW5AdW5pc2hhbm9pLm9yZyIsImZpbGVfcGsiOjI5NjQxMywidGFibGVfbmFtZSI6IlBlcnNvbiIsInJlY29yZF9mayI6MTc5NDYsImV4cCI6MTc3MzUzMTAwMH0=.Z5qAPz5reCqvar9NXa7XJvAYH6zyJVKDzQHB95ldfpg=&transform=true
17957,https://files2.veracross.com/unishanoi/legacy_files/260357?auth=eyJhbGciOiJIUzI1NiIsInR5cCI6IkpXVCJ9.eyJkYXRhYmFzZSI6InVuaXNoYW5vaSIsInVzZXJuYW1lIjoiZHZjaHV5ZW5AdW5pc2hhbm9pLm9yZyIsImZpbGVfcGsiOjI2MDM1NywidGFibGVfbmFtZSI6IlBlcnNvbiIsInJlY29yZF9mayI6MTc5NTcsImV4cCI6MTc3MzUzMTAwMH0=.PJX6ctPnxfqPMj-g5Pkh8llcYPLRoIUIOS0fB9Xho2o=&transform=true
17958,https://files2.veracross.com/unishanoi/legacy_files/296460?auth=eyJhbGciOiJIUzI1NiIsInR5cCI6IkpXVCJ9.eyJkYXRhYmFzZSI6InVuaXNoYW5vaSIsInVzZXJuYW1lIjoiZHZjaHV5ZW5AdW5pc2hhbm9pLm9yZyIsImZpbGVfcGsiOjI5NjQ2MCwidGFibGVfbmFtZSI6IlBlcnNvbiIsInJlY29yZF9mayI6MTc5NTgsImV4cCI6MTc3MzUzMTAwMH0=.jdiKZLcfLMA0LYrHscWHSv92xxMzwrJRT3TYc-xt-rw=&transform=true
28972,https://files2.veracross.com/unishanoi/legacy_files/278523?auth=eyJhbGciOiJIUzI1NiIsInR5cCI6IkpXVCJ9.eyJkYXRhYmFzZSI6InVuaXNoYW5vaSIsInVzZXJuYW1lIjoiZHZjaHV5ZW5AdW5pc2hhbm9pLm9yZyIsImZpbGVfcGsiOjI3ODUyMywidGFibGVfbmFtZSI6IlBlcnNvbiIsInJlY29yZF9mayI6Mjg5NzIsImV4cCI6MTc3MzUzMTAwMH0=.RID266dMjRl4WyYDVIEj1LPBxcNzVPqRfCPfLwipB1c=&transform=true
29467,https://files2.veracross.com/unishanoi/legacy_files/260372?auth=eyJhbGciOiJIUzI1NiIsInR5cCI6IkpXVCJ9.eyJkYXRhYmFzZSI6InVuaXNoYW5vaSIsInVzZXJuYW1lIjoiZHZjaHV5ZW5AdW5pc2hhbm9pLm9yZyIsImZpbGVfcGsiOjI2MDM3MiwidGFibGVfbmFtZSI6IlBlcnNvbiIsInJlY29yZF9mayI6Mjk0NjcsImV4cCI6MTc3MzUzMTAwMH0=.fsVPp5-V-D0tC1DpDeGxs5RR4akfkBOvme_nPXi1cMw=&transform=true
30023,https://files2.veracross.com/unishanoi/legacy_files/251461?auth=eyJhbGciOiJIUzI1NiIsInR5cCI6IkpXVCJ9.eyJkYXRhYmFzZSI6InVuaXNoYW5vaSIsInVzZXJuYW1lIjoiZHZjaHV5ZW5AdW5pc2hhbm9pLm9yZyIsImZpbGVfcGsiOjI1MTQ2MSwidGFibGVfbmFtZSI6IlBlcnNvbiIsInJlY29yZF9mayI6MzAwMjMsImV4cCI6MTc3MzUzMTAwMH0=.uvhS17xA_r8FqnSpF9vpdkNXaU8X1-SS6zg93THIS8Y=&transform=true
32429,https://files2.veracross.com/unishanoi/legacy_files/260493?auth=eyJhbGciOiJIUzI1NiIsInR5cCI6IkpXVCJ9.eyJkYXRhYmFzZSI6InVuaXNoYW5vaSIsInVzZXJuYW1lIjoiZHZjaHV5ZW5AdW5pc2hhbm9pLm9yZyIsImZpbGVfcGsiOjI2MDQ5MywidGFibGVfbmFtZSI6IlBlcnNvbiIsInJlY29yZF9mayI6MzI0MjksImV4cCI6MTc3MzUzMTAwMH0=.r-a2i1OTWUCkIjAH67pt0aMuJOgz_9I29d2kBz1y-GQ=&transform=true
34001,https://files2.veracross.com/unishanoi/legacy_files/251472?auth=eyJhbGciOiJIUzI1NiIsInR5cCI6IkpXVCJ9.eyJkYXRhYmFzZSI6InVuaXNoYW5vaSIsInVzZXJuYW1lIjoiZHZjaHV5ZW5AdW5pc2hhbm9pLm9yZyIsImZpbGVfcGsiOjI1MTQ3MiwidGFibGVfbmFtZSI6IlBlcnNvbiIsInJlY29yZF9mayI6MzQwMDEsImV4cCI6MTc3MzUzMTAwMH0=.VdHbXWKuj7iXjt0LyFqaQlDI8yO1_9BG6Ka__ErSZbQ=&transform=true
34838,https://files2.veracross.com/unishanoi/legacy_files/296427?auth=eyJhbGciOiJIUzI1NiIsInR5cCI6IkpXVCJ9.eyJkYXRhYmFzZSI6InVuaXNoYW5vaSIsInVzZXJuYW1lIjoiZHZjaHV5ZW5AdW5pc2hhbm9pLm9yZyIsImZpbGVfcGsiOjI5NjQyNywidGFibGVfbmFtZSI6IlBlcnNvbiIsInJlY29yZF9mayI6MzQ4MzgsImV4cCI6MTc3MzUzMTAwMH0=.9cxeyP5eLfwr4q4z-9GMS93PVVLQG39fGiq44VvsxZc=&transform=true
36061,https://files2.veracross.com/unishanoi/legacy_files/251492?auth=eyJhbGciOiJIUzI1NiIsInR5cCI6IkpXVCJ9.eyJkYXRhYmFzZSI6InVuaXNoYW5vaSIsInVzZXJuYW1lIjoiZHZjaHV5ZW5AdW5pc2hhbm9pLm9yZyIsImZpbGVfcGsiOjI1MTQ5MiwidGFibGVfbmFtZSI6IlBlcnNvbiIsInJlY29yZF9mayI6MzYwNjEsImV4cCI6MTc3MzUzMTAwMH0=.w_ibaaorjEOOy0vBbtSgdvMTXM0212zrsmvnR4a0lXY=&transform=true
36250,https://files2.veracross.com/unishanoi/legacy_files/296347?auth=eyJhbGciOiJIUzI1NiIsInR5cCI6IkpXVCJ9.eyJkYXRhYmFzZSI6InVuaXNoYW5vaSIsInVzZXJuYW1lIjoiZHZjaHV5ZW5AdW5pc2hhbm9pLm9yZyIsImZpbGVfcGsiOjI5NjM0NywidGFibGVfbmFtZSI6IlBlcnNvbiIsInJlY29yZF9mayI6MzYyNTAsImV4cCI6MTc3MzUzMTAwMH0=.q8QgC5rxcZIN6XeUPRHO0Dx7NeNetiI7_ti53xAm3nU=&transform=true
36254,https://files2.veracross.com/unishanoi/legacy_files/296390?auth=eyJhbGciOiJIUzI1NiIsInR5cCI6IkpXVCJ9.eyJkYXRhYmFzZSI6InVuaXNoYW5vaSIsInVzZXJuYW1lIjoiZHZjaHV5ZW5AdW5pc2hhbm9pLm9yZyIsImZpbGVfcGsiOjI5NjM5MCwidGFibGVfbmFtZSI6IlBlcnNvbiIsInJlY29yZF9mayI6MzYyNTQsImV4cCI6MTc3MzUzMTAwMH0=.6h2QfqU44qGd78ZxgToVpWGvy-XPAFIpd7jlNikIOSg=&transform=true
37439,https://files2.veracross.com/unishanoi/legacy_files/278521?auth=eyJhbGciOiJIUzI1NiIsInR5cCI6IkpXVCJ9.eyJkYXRhYmFzZSI6InVuaXNoYW5vaSIsInVzZXJuYW1lIjoiZHZjaHV5ZW5AdW5pc2hhbm9pLm9yZyIsImZpbGVfcGsiOjI3ODUyMSwidGFibGVfbmFtZSI6IlBlcnNvbiIsInJlY29yZF9mayI6Mzc0MzksImV4cCI6MTc3MzUzMTAwMH0=.ZkoSy-hl7EzQb1gH3MGlOPPH2PiXLQaYTSk0UCQTf9c=&transform=true
37461,https://files2.veracross.com/unishanoi/legacy_files/260346?auth=eyJhbGciOiJIUzI1NiIsInR5cCI6IkpXVCJ9.eyJkYXRhYmFzZSI6InVuaXNoYW5vaSIsInVzZXJuYW1lIjoiZHZjaHV5ZW5AdW5pc2hhbm9pLm9yZyIsImZpbGVfcGsiOjI2MDM0NiwidGFibGVfbmFtZSI6IlBlcnNvbiIsInJlY29yZF9mayI6Mzc0NjEsImV4cCI6MTc3MzUzMTAwMH0=.qibAy2XGiFwCKwn0j0_gVUSutO7QWKNZ2FIsYRX5zfs=&transform=true
38545,https://res.cloudinary.com/veracross/image/upload/v1590100679/default.png
38736,https://files2.veracross.com/unishanoi/legacy_files/251518?auth=eyJhbGciOiJIUzI1NiIsInR5cCI6IkpXVCJ9.eyJkYXRhYmFzZSI6InVuaXNoYW5vaSIsInVzZXJuYW1lIjoiZHZjaHV5ZW5AdW5pc2hhbm9pLm9yZyIsImZpbGVfcGsiOjI1MTUxOCwidGFibGVfbmFtZSI6IlBlcnNvbiIsInJlY29yZF9mayI6Mzg3MzYsImV4cCI6MTc3MzUzMTAwMH0=.yU0NI_WzIrIKAfUblzGtIJWs87HFFKQwRpxZMnl4i2A=&transform=true
38866,https://files2.veracross.com/unishanoi/legacy_files/260325?auth=eyJhbGciOiJIUzI1NiIsInR5cCI6IkpXVCJ9.eyJkYXRhYmFzZSI6InVuaXNoYW5vaSIsInVzZXJuYW1lIjoiZHZjaHV5ZW5AdW5pc2hhbm9pLm9yZyIsImZpbGVfcGsiOjI2MDMyNSwidGFibGVfbmFtZSI6IlBlcnNvbiIsInJlY29yZF9mayI6Mzg4NjYsImV4cCI6MTc3MzUzMTAwMH0=.x5MXx-4lfgc-hb2ZRLROXwiSSYjXvP_rZVK8keA0jM0=&transform=true
38964,https://files2.veracross.com/unishanoi/legacy_files/296429?auth=eyJhbGciOiJIUzI1NiIsInR5cCI6IkpXVCJ9.eyJkYXRhYmFzZSI6InVuaXNoYW5vaSIsInVzZXJuYW1lIjoiZHZjaHV5ZW5AdW5pc2hhbm9pLm9yZyIsImZpbGVfcGsiOjI5NjQyOSwidGFibGVfbmFtZSI6IlBlcnNvbiIsInJlY29yZF9mayI6Mzg5NjQsImV4cCI6MTc3MzUzMTAwMH0=.LsQ4UPka8KgWl7Vg6_FS2qNcJ5Y3BUGobWZy3tv0qWY=&transform=true
39343,https://files2.veracross.com/unishanoi/legacy_files/260466?auth=eyJhbGciOiJIUzI1NiIsInR5cCI6IkpXVCJ9.eyJkYXRhYmFzZSI6InVuaXNoYW5vaSIsInVzZXJuYW1lIjoiZHZjaHV5ZW5AdW5pc2hhbm9pLm9yZyIsImZpbGVfcGsiOjI2MDQ2NiwidGFibGVfbmFtZSI6IlBlcnNvbiIsInJlY29yZF9mayI6MzkzNDMsImV4cCI6MTc3MzUzMTAwMH0=.1mKLFClXRNWNWvLz1_Pfo0SG_RmCXwINq-ASozWE96c=&transform=true
39585,https://files2.veracross.com/unishanoi/legacy_files/296477?auth=eyJhbGciOiJIUzI1NiIsInR5cCI6IkpXVCJ9.eyJkYXRhYmFzZSI6InVuaXNoYW5vaSIsInVzZXJuYW1lIjoiZHZjaHV5ZW5AdW5pc2hhbm9pLm9yZyIsImZpbGVfcGsiOjI5NjQ3NywidGFibGVfbmFtZSI6IlBlcnNvbiIsInJlY29yZF9mayI6Mzk1ODUsImV4cCI6MTc3MzUzMTAwMH0=.U62PSrn7dmK_rSHp4eHXQXO6m_W6OEgrQrazFLbpKuM=&transform=true
39684,https://res.cloudinary.com/veracross/image/upload/v1590100679/default.png
40836,https://files2.veracross.com/unishanoi/legacy_files/296412?auth=eyJhbGciOiJIUzI1NiIsInR5cCI6IkpXVCJ9.eyJkYXRhYmFzZSI6InVuaXNoYW5vaSIsInVzZXJuYW1lIjoiZHZjaHV5ZW5AdW5pc2hhbm9pLm9yZyIsImZpbGVfcGsiOjI5NjQxMiwidGFibGVfbmFtZSI6IlBlcnNvbiIsInJlY29yZF9mayI6NDA4MzYsImV4cCI6MTc3MzUzMTAwMH0=.gDgffnxbAoklTGjGoxL8Wc7MWBjyYoYSzhvRlFy6pFI=&transform=true
41162,https://files2.veracross.com/unishanoi/legacy_files/251529?auth=eyJhbGciOiJIUzI1NiIsInR5cCI6IkpXVCJ9.eyJkYXRhYmFzZSI6InVuaXNoYW5vaSIsInVzZXJuYW1lIjoiZHZjaHV5ZW5AdW5pc2hhbm9pLm9yZyIsImZpbGVfcGsiOjI1MTUyOSwidGFibGVfbmFtZSI6IlBlcnNvbiIsInJlY29yZF9mayI6NDExNjIsImV4cCI6MTc3MzUzMTAwMH0=.t-Q-rhsXhNXWCo6GoGiqNBQalTqL3VqB8mxUR8t8o3w=&transform=true
43171,https://files2.veracross.com/unishanoi/legacy_files/296504?auth=eyJhbGciOiJIUzI1NiIsInR5cCI6IkpXVCJ9.eyJkYXRhYmFzZSI6InVuaXNoYW5vaSIsInVzZXJuYW1lIjoiZHZjaHV5ZW5AdW5pc2hhbm9pLm9yZyIsImZpbGVfcGsiOjI5NjUwNCwidGFibGVfbmFtZSI6IlBlcnNvbiIsInJlY29yZF9mayI6NDMxNzEsImV4cCI6MTc3MzUzMTAwMH0=.AppPYfNl6CeR002ZlTk73Lj7ckMRL5A-lWJ7OWVViQU=&transform=true
43240,https://files2.veracross.com/unishanoi/legacy_files/278520?auth=eyJhbGciOiJIUzI1NiIsInR5cCI6IkpXVCJ9.eyJkYXRhYmFzZSI6InVuaXNoYW5vaSIsInVzZXJuYW1lIjoiZHZjaHV5ZW5AdW5pc2hhbm9pLm9yZyIsImZpbGVfcGsiOjI3ODUyMCwidGFibGVfbmFtZSI6IlBlcnNvbiIsInJlY29yZF9mayI6NDMyNDAsImV4cCI6MTc3MzUzMTAwMH0=.Bd-7OohaQ9NsPQrxiwWu5afjCJ-yk3X__9t0DAlPUzU=&transform=true
43577,https://files2.veracross.com/unishanoi/legacy_files/296512?auth=eyJhbGciOiJIUzI1NiIsInR5cCI6IkpXVCJ9.eyJkYXRhYmFzZSI6InVuaXNoYW5vaSIsInVzZXJuYW1lIjoiZHZjaHV5ZW5AdW5pc2hhbm9pLm9yZyIsImZpbGVfcGsiOjI5NjUxMiwidGFibGVfbmFtZSI6IlBlcnNvbiIsInJlY29yZF9mayI6NDM1NzcsImV4cCI6MTc3MzUzMTAwMH0=.bJEP3xZn8QZDz738nAudmUKC9_EGx5LHcc0hpeBYNxM=&transform=true
43778,https://files2.veracross.com/unishanoi/legacy_files/296353?auth=eyJhbGciOiJIUzI1NiIsInR5cCI6IkpXVCJ9.eyJkYXRhYmFzZSI6InVuaXNoYW5vaSIsInVzZXJuYW1lIjoiZHZjaHV5ZW5AdW5pc2hhbm9pLm9yZyIsImZpbGVfcGsiOjI5NjM1MywidGFibGVfbmFtZSI6IlBlcnNvbiIsInJlY29yZF9mayI6NDM3NzgsImV4cCI6MTc3MzUzMTAwMH0=.lmKCxLm94GWMzDK1UnDhm9lAUj8YiuZP4LRX_yVyPwk=&transform=true
44245,https://files2.veracross.com/unishanoi/legacy_files/296456?auth=eyJhbGciOiJIUzI1NiIsInR5cCI6IkpXVCJ9.eyJkYXRhYmFzZSI6InVuaXNoYW5vaSIsInVzZXJuYW1lIjoiZHZjaHV5ZW5AdW5pc2hhbm9pLm9yZyIsImZpbGVfcGsiOjI5NjQ1NiwidGFibGVfbmFtZSI6IlBlcnNvbiIsInJlY29yZF9mayI6NDQyNDUsImV4cCI6MTc3MzUzMTAwMH0=.I0M6CrBdzt-15CZ3NWujyjJ52NW-wvQECCFGU2fP8gY=&transform=true
45204,https://files2.veracross.com/unishanoi/legacy_files/251560?auth=eyJhbGciOiJIUzI1NiIsInR5cCI6IkpXVCJ9.eyJkYXRhYmFzZSI6InVuaXNoYW5vaSIsInVzZXJuYW1lIjoiZHZjaHV5ZW5AdW5pc2hhbm9pLm9yZyIsImZpbGVfcGsiOjI1MTU2MCwidGFibGVfbmFtZSI6IlBlcnNvbiIsInJlY29yZF9mayI6NDUyMDQsImV4cCI6MTc3MzUzMTAwMH0=.H8IZPJo9imkpscgjBOelQqmH-Iyk0lRj5-ZhJ3LS5kM=&transform=true
45680,https://files2.veracross.com/unishanoi/legacy_files/296377?auth=eyJhbGciOiJIUzI1NiIsInR5cCI6IkpXVCJ9.eyJkYXRhYmFzZSI6InVuaXNoYW5vaSIsInVzZXJuYW1lIjoiZHZjaHV5ZW5AdW5pc2hhbm9pLm9yZyIsImZpbGVfcGsiOjI5NjM3NywidGFibGVfbmFtZSI6IlBlcnNvbiIsInJlY29yZF9mayI6NDU2ODAsImV4cCI6MTc3MzUzMTAwMH0=.MGJaGbKB85zlqBa-TUvS_KU0GyT4ex5jS8I3UaJ3CFs=&transform=true
46081,https://files2.veracross.com/unishanoi/legacy_files/251564?auth=eyJhbGciOiJIUzI1NiIsInR5cCI6IkpXVCJ9.eyJkYXRhYmFzZSI6InVuaXNoYW5vaSIsInVzZXJuYW1lIjoiZHZjaHV5ZW5AdW5pc2hhbm9pLm9yZyIsImZpbGVfcGsiOjI1MTU2NCwidGFibGVfbmFtZSI6IlBlcnNvbiIsInJlY29yZF9mayI6NDYwODEsImV4cCI6MTc3MzUzMTAwMH0=.O5O4MimWy_Gvu63LjcJn2uSZKUz1fD9eNfDECH3IqII=&transform=true
47201,https://files2.veracross.com/unishanoi/legacy_files/260418?auth=eyJhbGciOiJIUzI1NiIsInR5cCI6IkpXVCJ9.eyJkYXRhYmFzZSI6InVuaXNoYW5vaSIsInVzZXJuYW1lIjoiZHZjaHV5ZW5AdW5pc2hhbm9pLm9yZyIsImZpbGVfcGsiOjI2MDQxOCwidGFibGVfbmFtZSI6IlBlcnNvbiIsInJlY29yZF9mayI6NDcyMDEsImV4cCI6MTc3MzUzMTAwMH0=.ZMHB2ZFABIZZ5NKoaQoC77hmW5QvQ7z16gRzKHC_17Y=&transform=true
47567,https://files2.veracross.com/unishanoi/legacy_files/296450?auth=eyJhbGciOiJIUzI1NiIsInR5cCI6IkpXVCJ9.eyJkYXRhYmFzZSI6InVuaXNoYW5vaSIsInVzZXJuYW1lIjoiZHZjaHV5ZW5AdW5pc2hhbm9pLm9yZyIsImZpbGVfcGsiOjI5NjQ1MCwidGFibGVfbmFtZSI6IlBlcnNvbiIsInJlY29yZF9mayI6NDc1NjcsImV4cCI6MTc3MzUzMTAwMH0=.CjXxBAzbM7F2GoP7B1SBNMo7lL2sIbWMnh1csg8SG4E=&transform=true
47610,https://files2.veracross.com/unishanoi/legacy_files/296455?auth=eyJhbGciOiJIUzI1NiIsInR5cCI6IkpXVCJ9.eyJkYXRhYmFzZSI6InVuaXNoYW5vaSIsInVzZXJuYW1lIjoiZHZjaHV5ZW5AdW5pc2hhbm9pLm9yZyIsImZpbGVfcGsiOjI5NjQ1NSwidGFibGVfbmFtZSI6IlBlcnNvbiIsInJlY29yZF9mayI6NDc2MTAsImV4cCI6MTc3MzUzMTAwMH0=.TrdZs5JjRyXsaGntnzDttJHpY13y3Jrala0Y2ljI8d8=&transform=true
47655,https://files2.veracross.com/unishanoi/legacy_files/251592?auth=eyJhbGciOiJIUzI1NiIsInR5cCI6IkpXVCJ9.eyJkYXRhYmFzZSI6InVuaXNoYW5vaSIsInVzZXJuYW1lIjoiZHZjaHV5ZW5AdW5pc2hhbm9pLm9yZyIsImZpbGVfcGsiOjI1MTU5MiwidGFibGVfbmFtZSI6IlBlcnNvbiIsInJlY29yZF9mayI6NDc2NTUsImV4cCI6MTc3MzUzMTAwMH0=.WdEoMy-sZU8ScIMxspQh0vmBzGfsYSkUFmrgFTFtUV4=&transform=true
48232,https://files2.veracross.com/unishanoi/legacy_files/260491?auth=eyJhbGciOiJIUzI1NiIsInR5cCI6IkpXVCJ9.eyJkYXRhYmFzZSI6InVuaXNoYW5vaSIsInVzZXJuYW1lIjoiZHZjaHV5ZW5AdW5pc2hhbm9pLm9yZyIsImZpbGVfcGsiOjI2MDQ5MSwidGFibGVfbmFtZSI6IlBlcnNvbiIsInJlY29yZF9mayI6NDgyMzIsImV4cCI6MTc3MzUzMTAwMH0=.x-ndpkWVLPJ3jxARqO-RVHPDkaV9O1PJmkwzH9nWQ_0=&transform=true
48237,https://files2.veracross.com/unishanoi/legacy_files/260470?auth=eyJhbGciOiJIUzI1NiIsInR5cCI6IkpXVCJ9.eyJkYXRhYmFzZSI6InVuaXNoYW5vaSIsInVzZXJuYW1lIjoiZHZjaHV5ZW5AdW5pc2hhbm9pLm9yZyIsImZpbGVfcGsiOjI2MDQ3MCwidGFibGVfbmFtZSI6IlBlcnNvbiIsInJlY29yZF9mayI6NDgyMzcsImV4cCI6MTc3MzUzMTAwMH0=.6S7w8fAuKV6D-MWoH3oT0mJ-Jd13FCD4wsovkQsdo_o=&transform=true
48545,https://files2.veracross.com/unishanoi/legacy_files/251604?auth=eyJhbGciOiJIUzI1NiIsInR5cCI6IkpXVCJ9.eyJkYXRhYmFzZSI6InVuaXNoYW5vaSIsInVzZXJuYW1lIjoiZHZjaHV5ZW5AdW5pc2hhbm9pLm9yZyIsImZpbGVfcGsiOjI1MTYwNCwidGFibGVfbmFtZSI6IlBlcnNvbiIsInJlY29yZF9mayI6NDg1NDUsImV4cCI6MTc3MzUzMTAwMH0=.owZiuAjwxL5T6NrhZ4QsExnuOxrn3geT0KO2VI9ieDs=&transform=true
48809,https://files2.veracross.com/unishanoi/legacy_files/296363?auth=eyJhbGciOiJIUzI1NiIsInR5cCI6IkpXVCJ9.eyJkYXRhYmFzZSI6InVuaXNoYW5vaSIsInVzZXJuYW1lIjoiZHZjaHV5ZW5AdW5pc2hhbm9pLm9yZyIsImZpbGVfcGsiOjI5NjM2MywidGFibGVfbmFtZSI6IlBlcnNvbiIsInJlY29yZF9mayI6NDg4MDksImV4cCI6MTc3MzUzMTAwMH0=.bhlt5QyfyjNm3vzebVnAb1Kbh4UzzeAhMQWJeQOvs5I=&transform=true
48903,https://files2.veracross.com/unishanoi/legacy_files/296446?auth=eyJhbGciOiJIUzI1NiIsInR5cCI6IkpXVCJ9.eyJkYXRhYmFzZSI6InVuaXNoYW5vaSIsInVzZXJuYW1lIjoiZHZjaHV5ZW5AdW5pc2hhbm9pLm9yZyIsImZpbGVfcGsiOjI5NjQ0NiwidGFibGVfbmFtZSI6IlBlcnNvbiIsInJlY29yZF9mayI6NDg5MDMsImV4cCI6MTc3MzUzMTAwMH0=.Pmmg0ktiYs9elFFKj5XgC25nl09DDKtLNIjK1P2uEy8=&transform=true
48971,https://files2.veracross.com/unishanoi/legacy_files/296503?auth=eyJhbGciOiJIUzI1NiIsInR5cCI6IkpXVCJ9.eyJkYXRhYmFzZSI6InVuaXNoYW5vaSIsInVzZXJuYW1lIjoiZHZjaHV5ZW5AdW5pc2hhbm9pLm9yZyIsImZpbGVfcGsiOjI5NjUwMywidGFibGVfbmFtZSI6IlBlcnNvbiIsInJlY29yZF9mayI6NDg5NzEsImV4cCI6MTc3MzUzMTAwMH0=.sEmbH5g6c1O5WRE1QxyttzEyqd8yEKE6KiTIdeewsWM=&transform=true
49015,https://files2.veracross.com/unishanoi/legacy_files/260405?auth=eyJhbGciOiJIUzI1NiIsInR5cCI6IkpXVCJ9.eyJkYXRhYmFzZSI6InVuaXNoYW5vaSIsInVzZXJuYW1lIjoiZHZjaHV5ZW5AdW5pc2hhbm9pLm9yZyIsImZpbGVfcGsiOjI2MDQwNSwidGFibGVfbmFtZSI6IlBlcnNvbiIsInJlY29yZF9mayI6NDkwMTUsImV4cCI6MTc3MzUzMTAwMH0=.EcAlZ01N3hXLSilhGS-0tawQkic-cOG-f9UQs9kSB-8=&transform=true
49063,https://files2.veracross.com/unishanoi/legacy_files/296466?auth=eyJhbGciOiJIUzI1NiIsInR5cCI6IkpXVCJ9.eyJkYXRhYmFzZSI6InVuaXNoYW5vaSIsInVzZXJuYW1lIjoiZHZjaHV5ZW5AdW5pc2hhbm9pLm9yZyIsImZpbGVfcGsiOjI5NjQ2NiwidGFibGVfbmFtZSI6IlBlcnNvbiIsInJlY29yZF9mayI6NDkwNjMsImV4cCI6MTc3MzUzMTAwMH0=.R4MiTQGBYDMdd-yitRvmpWlK_a601-SKxQSkm0asJIo=&transform=true
49064,https://files2.veracross.com/unishanoi/legacy_files/252644?auth=eyJhbGciOiJIUzI1NiIsInR5cCI6IkpXVCJ9.eyJkYXRhYmFzZSI6InVuaXNoYW5vaSIsInVzZXJuYW1lIjoiZHZjaHV5ZW5AdW5pc2hhbm9pLm9yZyIsImZpbGVfcGsiOjI1MjY0NCwidGFibGVfbmFtZSI6IlBlcnNvbiIsInJlY29yZF9mayI6NDkwNjQsImV4cCI6MTc3MzUzMTAwMH0=.xAlAxbmfYMkpR4k3rqP526PqzUCr80KLX91wdiQivhA=&transform=true
49102,https://files2.veracross.com/unishanoi/legacy_files/296474?auth=eyJhbGciOiJIUzI1NiIsInR5cCI6IkpXVCJ9.eyJkYXRhYmFzZSI6InVuaXNoYW5vaSIsInVzZXJuYW1lIjoiZHZjaHV5ZW5AdW5pc2hhbm9pLm9yZyIsImZpbGVfcGsiOjI5NjQ3NCwidGFibGVfbmFtZSI6IlBlcnNvbiIsInJlY29yZF9mayI6NDkxMDIsImV4cCI6MTc3MzUzMTAwMH0=.5njUn8Ect1O2Uy_0lbkEy87WeC-dMoO9wh7JDPKun3M=&transform=true
49121,https://files2.veracross.com/unishanoi/legacy_files/278510?auth=eyJhbGciOiJIUzI1NiIsInR5cCI6IkpXVCJ9.eyJkYXRhYmFzZSI6InVuaXNoYW5vaSIsInVzZXJuYW1lIjoiZHZjaHV5ZW5AdW5pc2hhbm9pLm9yZyIsImZpbGVfcGsiOjI3ODUxMCwidGFibGVfbmFtZSI6IlBlcnNvbiIsInJlY29yZF9mayI6NDkxMjEsImV4cCI6MTc3MzUzMTAwMH0=.v4KzHc8AHUju00iy2tev8Vdz3J7dUgop4bfl08wgnWc=&transform=true
49192,https://files2.veracross.com/unishanoi/legacy_files/260386?auth=eyJhbGciOiJIUzI1NiIsInR5cCI6IkpXVCJ9.eyJkYXRhYmFzZSI6InVuaXNoYW5vaSIsInVzZXJuYW1lIjoiZHZjaHV5ZW5AdW5pc2hhbm9pLm9yZyIsImZpbGVfcGsiOjI2MDM4NiwidGFibGVfbmFtZSI6IlBlcnNvbiIsInJlY29yZF9mayI6NDkxOTIsImV4cCI6MTc3MzUzMTAwMH0=.kkbDHFRHAlf05pPotRlDtOc11rIsSWqLiZCFkneqQls=&transform=true
49195,https://files2.veracross.com/unishanoi/legacy_files/296408?auth=eyJhbGciOiJIUzI1NiIsInR5cCI6IkpXVCJ9.eyJkYXRhYmFzZSI6InVuaXNoYW5vaSIsInVzZXJuYW1lIjoiZHZjaHV5ZW5AdW5pc2hhbm9pLm9yZyIsImZpbGVfcGsiOjI5NjQwOCwidGFibGVfbmFtZSI6IlBlcnNvbiIsInJlY29yZF9mayI6NDkxOTUsImV4cCI6MTc3MzUzMTAwMH0=.nhgLApdp9U1lDaym8Nluakyhz4JrrDkewuCFLZiNAM4=&transform=true
49211,https://files2.veracross.com/unishanoi/legacy_files/296457?auth=eyJhbGciOiJIUzI1NiIsInR5cCI6IkpXVCJ9.eyJkYXRhYmFzZSI6InVuaXNoYW5vaSIsInVzZXJuYW1lIjoiZHZjaHV5ZW5AdW5pc2hhbm9pLm9yZyIsImZpbGVfcGsiOjI5NjQ1NywidGFibGVfbmFtZSI6IlBlcnNvbiIsInJlY29yZF9mayI6NDkyMTEsImV4cCI6MTc3MzUzMTAwMH0=.jJPyLOS6d3CBDkk2bqLiPUmXdZZRK7KLaY8ZyyOHPbI=&transform=true
49386,https://files2.veracross.com/unishanoi/legacy_files/251642?auth=eyJhbGciOiJIUzI1NiIsInR5cCI6IkpXVCJ9.eyJkYXRhYmFzZSI6InVuaXNoYW5vaSIsInVzZXJuYW1lIjoiZHZjaHV5ZW5AdW5pc2hhbm9pLm9yZyIsImZpbGVfcGsiOjI1MTY0MiwidGFibGVfbmFtZSI6IlBlcnNvbiIsInJlY29yZF9mayI6NDkzODYsImV4cCI6MTc3MzUzMTAwMH0=.TjgwkcGtDyGsZmOF5Z2tsehySg5J9wDRqDSKymHXlik=&transform=true
49679,https://res.cloudinary.com/veracross/image/upload/v1590100679/default.png
49681,https://files2.veracross.com/unishanoi/legacy_files/296370?auth=eyJhbGciOiJIUzI1NiIsInR5cCI6IkpXVCJ9.eyJkYXRhYmFzZSI6InVuaXNoYW5vaSIsInVzZXJuYW1lIjoiZHZjaHV5ZW5AdW5pc2hhbm9pLm9yZyIsImZpbGVfcGsiOjI5NjM3MCwidGFibGVfbmFtZSI6IlBlcnNvbiIsInJlY29yZF9mayI6NDk2ODEsImV4cCI6MTc3MzUzMTAwMH0=.rLRBDV3p9p7IcrkqP6aivZCn3WrrEpp2FVqEYars9es=&transform=true
49682,https://files2.veracross.com/unishanoi/legacy_files/296387?auth=eyJhbGciOiJIUzI1NiIsInR5cCI6IkpXVCJ9.eyJkYXRhYmFzZSI6InVuaXNoYW5vaSIsInVzZXJuYW1lIjoiZHZjaHV5ZW5AdW5pc2hhbm9pLm9yZyIsImZpbGVfcGsiOjI5NjM4NywidGFibGVfbmFtZSI6IlBlcnNvbiIsInJlY29yZF9mayI6NDk2ODIsImV4cCI6MTc3MzUzMTAwMH0=.TfUxHfx89OOWJS523gvcb2mGa7Scqgael3Z1mLK_6HQ=&transform=true
49694,https://files2.veracross.com/unishanoi/legacy_files/296372?auth=eyJhbGciOiJIUzI1NiIsInR5cCI6IkpXVCJ9.eyJkYXRhYmFzZSI6InVuaXNoYW5vaSIsInVzZXJuYW1lIjoiZHZjaHV5ZW5AdW5pc2hhbm9pLm9yZyIsImZpbGVfcGsiOjI5NjM3MiwidGFibGVfbmFtZSI6IlBlcnNvbiIsInJlY29yZF9mayI6NDk2OTQsImV4cCI6MTc3MzUzMTAwMH0=.hniNEwypP58_6yXUx_-041uUXACrYlc7bIvjbWKmF1Q=&transform=true
49737,https://files2.veracross.com/unishanoi/legacy_files/260316?auth=eyJhbGciOiJIUzI1NiIsInR5cCI6IkpXVCJ9.eyJkYXRhYmFzZSI6InVuaXNoYW5vaSIsInVzZXJuYW1lIjoiZHZjaHV5ZW5AdW5pc2hhbm9pLm9yZyIsImZpbGVfcGsiOjI2MDMxNiwidGFibGVfbmFtZSI6IlBlcnNvbiIsInJlY29yZF9mayI6NDk3MzcsImV4cCI6MTc3MzUzMTAwMH0=.7F3aPSR1jRNcce6_-iyVpRqIayts_WfotYT8j0Xtb4Y=&transform=true
50236,https://files2.veracross.com/unishanoi/legacy_files/251648?auth=eyJhbGciOiJIUzI1NiIsInR5cCI6IkpXVCJ9.eyJkYXRhYmFzZSI6InVuaXNoYW5vaSIsInVzZXJuYW1lIjoiZHZjaHV5ZW5AdW5pc2hhbm9pLm9yZyIsImZpbGVfcGsiOjI1MTY0OCwidGFibGVfbmFtZSI6IlBlcnNvbiIsInJlY29yZF9mayI6NTAyMzYsImV4cCI6MTc3MzUzMTAwMH0=.JfIrV1kGWlH9WeSCYuMDo90s_QDmQskxdV2IMR3cxlg=&transform=true
50305,https://files2.veracross.com/unishanoi/legacy_files/296395?auth=eyJhbGciOiJIUzI1NiIsInR5cCI6IkpXVCJ9.eyJkYXRhYmFzZSI6InVuaXNoYW5vaSIsInVzZXJuYW1lIjoiZHZjaHV5ZW5AdW5pc2hhbm9pLm9yZyIsImZpbGVfcGsiOjI5NjM5NSwidGFibGVfbmFtZSI6IlBlcnNvbiIsInJlY29yZF9mayI6NTAzMDUsImV4cCI6MTc3MzUzMTAwMH0=.Tu11rw493-eWgftYFNgOB1WbnS9q5A-7HwXVtgiUWss=&transform=true
51482,https://files2.veracross.com/unishanoi/legacy_files/260377?auth=eyJhbGciOiJIUzI1NiIsInR5cCI6IkpXVCJ9.eyJkYXRhYmFzZSI6InVuaXNoYW5vaSIsInVzZXJuYW1lIjoiZHZjaHV5ZW5AdW5pc2hhbm9pLm9yZyIsImZpbGVfcGsiOjI2MDM3NywidGFibGVfbmFtZSI6IlBlcnNvbiIsInJlY29yZF9mayI6NTE0ODIsImV4cCI6MTc3MzUzMTAwMH0=.jIX4mxb_iorDkpPrW_wuPX5HS_SpMwxgc2__OIHL9dg=&transform=true
51701,https://files2.veracross.com/unishanoi/legacy_files/296452?auth=eyJhbGciOiJIUzI1NiIsInR5cCI6IkpXVCJ9.eyJkYXRhYmFzZSI6InVuaXNoYW5vaSIsInVzZXJuYW1lIjoiZHZjaHV5ZW5AdW5pc2hhbm9pLm9yZyIsImZpbGVfcGsiOjI5NjQ1MiwidGFibGVfbmFtZSI6IlBlcnNvbiIsInJlY29yZF9mayI6NTE3MDEsImV4cCI6MTc3MzUzMTAwMH0=.CCwxdTDxj6A4aJ--hVkIp5y13pJDd1LBVPyZ-jJeqtE=&transform=true
52194,https://files2.veracross.com/unishanoi/legacy_files/278516?auth=eyJhbGciOiJIUzI1NiIsInR5cCI6IkpXVCJ9.eyJkYXRhYmFzZSI6InVuaXNoYW5vaSIsInVzZXJuYW1lIjoiZHZjaHV5ZW5AdW5pc2hhbm9pLm9yZyIsImZpbGVfcGsiOjI3ODUxNiwidGFibGVfbmFtZSI6IlBlcnNvbiIsInJlY29yZF9mayI6NTIxOTQsImV4cCI6MTc3MzUzMTAwMH0=.pA0MmVp5xajJKB-2Yv8A5bw4Hhyxj2UJE750R_W5rKk=&transform=true
52438,https://files2.veracross.com/unishanoi/legacy_files/260379?auth=eyJhbGciOiJIUzI1NiIsInR5cCI6IkpXVCJ9.eyJkYXRhYmFzZSI6InVuaXNoYW5vaSIsInVzZXJuYW1lIjoiZHZjaHV5ZW5AdW5pc2hhbm9pLm9yZyIsImZpbGVfcGsiOjI2MDM3OSwidGFibGVfbmFtZSI6IlBlcnNvbiIsInJlY29yZF9mayI6NTI0MzgsImV4cCI6MTc3MzUzMTAwMH0=.uNau2wX0_WlmcXhMgZ-L65lYAHs5knLV3aTlNEVY4ls=&transform=true
52440,https://files2.veracross.com/unishanoi/legacy_files/260453?auth=eyJhbGciOiJIUzI1NiIsInR5cCI6IkpXVCJ9.eyJkYXRhYmFzZSI6InVuaXNoYW5vaSIsInVzZXJuYW1lIjoiZHZjaHV5ZW5AdW5pc2hhbm9pLm9yZyIsImZpbGVfcGsiOjI2MDQ1MywidGFibGVfbmFtZSI6IlBlcnNvbiIsInJlY29yZF9mayI6NTI0NDAsImV4cCI6MTc3MzUzMTAwMH0=.pEKwjMqcTtcWTrKtf5K19cWkQzmiCcL9Px2KzQp2q0A=&transform=true
52491,https://files2.veracross.com/unishanoi/legacy_files/296516?auth=eyJhbGciOiJIUzI1NiIsInR5cCI6IkpXVCJ9.eyJkYXRhYmFzZSI6InVuaXNoYW5vaSIsInVzZXJuYW1lIjoiZHZjaHV5ZW5AdW5pc2hhbm9pLm9yZyIsImZpbGVfcGsiOjI5NjUxNiwidGFibGVfbmFtZSI6IlBlcnNvbiIsInJlY29yZF9mayI6NTI0OTEsImV4cCI6MTc3MzUzMTAwMH0=.CI8KaNzaQplHnnSx-L_OKkVnHnUaaYhuX4ytIkuLPAU=&transform=true
52509,https://files2.veracross.com/unishanoi/legacy_files/296487?auth=eyJhbGciOiJIUzI1NiIsInR5cCI6IkpXVCJ9.eyJkYXRhYmFzZSI6InVuaXNoYW5vaSIsInVzZXJuYW1lIjoiZHZjaHV5ZW5AdW5pc2hhbm9pLm9yZyIsImZpbGVfcGsiOjI5NjQ4NywidGFibGVfbmFtZSI6IlBlcnNvbiIsInJlY29yZF9mayI6NTI1MDksImV4cCI6MTc3MzUzMTAwMH0=.TV291Z_hyLiBt1DlLJpquK1D5WuSKdP_NL7gp95GKuI=&transform=true
53522,https://files2.veracross.com/unishanoi/legacy_files/260349?auth=eyJhbGciOiJIUzI1NiIsInR5cCI6IkpXVCJ9.eyJkYXRhYmFzZSI6InVuaXNoYW5vaSIsInVzZXJuYW1lIjoiZHZjaHV5ZW5AdW5pc2hhbm9pLm9yZyIsImZpbGVfcGsiOjI2MDM0OSwidGFibGVfbmFtZSI6IlBlcnNvbiIsInJlY29yZF9mayI6NTM1MjIsImV4cCI6MTc3MzUzMTAwMH0=.rPD8j8jBLasMYDgkhOWDtDG84rfm8J39UmgY7Sdhdzo=&transform=true
53637,https://files2.veracross.com/unishanoi/legacy_files/278511?auth=eyJhbGciOiJIUzI1NiIsInR5cCI6IkpXVCJ9.eyJkYXRhYmFzZSI6InVuaXNoYW5vaSIsInVzZXJuYW1lIjoiZHZjaHV5ZW5AdW5pc2hhbm9pLm9yZyIsImZpbGVfcGsiOjI3ODUxMSwidGFibGVfbmFtZSI6IlBlcnNvbiIsInJlY29yZF9mayI6NTM2MzcsImV4cCI6MTc3MzUzMTAwMH0=.orPkE1RSLMbQxeIP4jIfGt4e9CMct9BPan2MPLaw4ls=&transform=true
54185,https://files2.veracross.com/unishanoi/legacy_files/278515?auth=eyJhbGciOiJIUzI1NiIsInR5cCI6IkpXVCJ9.eyJkYXRhYmFzZSI6InVuaXNoYW5vaSIsInVzZXJuYW1lIjoiZHZjaHV5ZW5AdW5pc2hhbm9pLm9yZyIsImZpbGVfcGsiOjI3ODUxNSwidGFibGVfbmFtZSI6IlBlcnNvbiIsInJlY29yZF9mayI6NTQxODUsImV4cCI6MTc3MzUzMTAwMH0=.Xtnt-gzW7Ml94Jj6UsMqPjKoQBDUlS3wj5CqgO1EOfA=&transform=true
54955,https://files2.veracross.com/unishanoi/legacy_files/296378?auth=eyJhbGciOiJIUzI1NiIsInR5cCI6IkpXVCJ9.eyJkYXRhYmFzZSI6InVuaXNoYW5vaSIsInVzZXJuYW1lIjoiZHZjaHV5ZW5AdW5pc2hhbm9pLm9yZyIsImZpbGVfcGsiOjI5NjM3OCwidGFibGVfbmFtZSI6IlBlcnNvbiIsInJlY29yZF9mayI6NTQ5NTUsImV4cCI6MTc3MzUzMTAwMH0=.laMQqktDBZfm9450oUQcs5zWUVJggqeYIlpMjBWcfwE=&transform=true
55283,https://files2.veracross.com/unishanoi/legacy_files/296386?auth=eyJhbGciOiJIUzI1NiIsInR5cCI6IkpXVCJ9.eyJkYXRhYmFzZSI6InVuaXNoYW5vaSIsInVzZXJuYW1lIjoiZHZjaHV5ZW5AdW5pc2hhbm9pLm9yZyIsImZpbGVfcGsiOjI5NjM4NiwidGFibGVfbmFtZSI6IlBlcnNvbiIsInJlY29yZF9mayI6NTUyODMsImV4cCI6MTc3MzUzMTAwMH0=.0RKBGAmv7nlDeTEj_rI431hcYwqvNn8owiST0p3Uda4=&transform=true
55284,https://files2.veracross.com/unishanoi/legacy_files/296360?auth=eyJhbGciOiJIUzI1NiIsInR5cCI6IkpXVCJ9.eyJkYXRhYmFzZSI6InVuaXNoYW5vaSIsInVzZXJuYW1lIjoiZHZjaHV5ZW5AdW5pc2hhbm9pLm9yZyIsImZpbGVfcGsiOjI5NjM2MCwidGFibGVfbmFtZSI6IlBlcnNvbiIsInJlY29yZF9mayI6NTUyODQsImV4cCI6MTc3MzUzMTAwMH0=.dz6OAY6T3cpmpni9j4k7ldxR5V4asmL3fMJyXt1MlFQ=&transform=true
55323,https://files2.veracross.com/unishanoi/legacy_files/296367?auth=eyJhbGciOiJIUzI1NiIsInR5cCI6IkpXVCJ9.eyJkYXRhYmFzZSI6InVuaXNoYW5vaSIsInVzZXJuYW1lIjoiZHZjaHV5ZW5AdW5pc2hhbm9pLm9yZyIsImZpbGVfcGsiOjI5NjM2NywidGFibGVfbmFtZSI6IlBlcnNvbiIsInJlY29yZF9mayI6NTUzMjMsImV4cCI6MTc3MzUzMTAwMH0=.3MaH7weZPXg4i4jmNPVRj7hiJc4jW5MbSAhDI30rkno=&transform=true
55967,https://files2.veracross.com/unishanoi/legacy_files/278495?auth=eyJhbGciOiJIUzI1NiIsInR5cCI6IkpXVCJ9.eyJkYXRhYmFzZSI6InVuaXNoYW5vaSIsInVzZXJuYW1lIjoiZHZjaHV5ZW5AdW5pc2hhbm9pLm9yZyIsImZpbGVfcGsiOjI3ODQ5NSwidGFibGVfbmFtZSI6IlBlcnNvbiIsInJlY29yZF9mayI6NTU5NjcsImV4cCI6MTc3MzUzMTAwMH0=.BHBL7Tzng9PuhfcgbSg_pfEEIFDWW2mnM1epJFrApEM=&transform=true
56802,https://files2.veracross.com/unishanoi/legacy_files/296469?auth=eyJhbGciOiJIUzI1NiIsInR5cCI6IkpXVCJ9.eyJkYXRhYmFzZSI6InVuaXNoYW5vaSIsInVzZXJuYW1lIjoiZHZjaHV5ZW5AdW5pc2hhbm9pLm9yZyIsImZpbGVfcGsiOjI5NjQ2OSwidGFibGVfbmFtZSI6IlBlcnNvbiIsInJlY29yZF9mayI6NTY4MDIsImV4cCI6MTc3MzUzMTAwMH0=.xFVH08Il10Ux20u3nV08-IWSCQ6qI5j4u_XqTu09msY=&transform=true
57069,https://files2.veracross.com/unishanoi/legacy_files/306510?auth=eyJhbGciOiJIUzI1NiIsInR5cCI6IkpXVCJ9.eyJkYXRhYmFzZSI6InVuaXNoYW5vaSIsInVzZXJuYW1lIjoiZHZjaHV5ZW5AdW5pc2hhbm9pLm9yZyIsImZpbGVfcGsiOjMwNjUxMCwidGFibGVfbmFtZSI6IlBlcnNvbiIsInJlY29yZF9mayI6NTcwNjksImV4cCI6MTc3MzUzMTAwMH0=.n1dPxuPAxY6iqNSIy23LrnOsvVRUMA-19UGN29LKnb0=&transform=true
57562,https://files2.veracross.com/unishanoi/legacy_files/296451?auth=eyJhbGciOiJIUzI1NiIsInR5cCI6IkpXVCJ9.eyJkYXRhYmFzZSI6InVuaXNoYW5vaSIsInVzZXJuYW1lIjoiZHZjaHV5ZW5AdW5pc2hhbm9pLm9yZyIsImZpbGVfcGsiOjI5NjQ1MSwidGFibGVfbmFtZSI6IlBlcnNvbiIsInJlY29yZF9mayI6NTc1NjIsImV4cCI6MTc3MzUzMTAwMH0=.EKsdAfNr3eCaeaPEaXawwFybE3AFYL4JaBCUfQA4Q7o=&transform=true
57757,https://files2.veracross.com/unishanoi/legacy_files/309283?auth=eyJhbGciOiJIUzI1NiIsInR5cCI6IkpXVCJ9.eyJkYXRhYmFzZSI6InVuaXNoYW5vaSIsInVzZXJuYW1lIjoiZHZjaHV5ZW5AdW5pc2hhbm9pLm9yZyIsImZpbGVfcGsiOjMwOTI4MywidGFibGVfbmFtZSI6IlBlcnNvbiIsInJlY29yZF9mayI6NTc3NTcsImV4cCI6MTc3MzUzMTAwMH0=.UYkClPSvYLQtf7hMasMFziQdEyqruNzeparlW51JdJo=&transform=true
57785,https://files2.veracross.com/unishanoi/legacy_files/308513?auth=eyJhbGciOiJIUzI1NiIsInR5cCI6IkpXVCJ9.eyJkYXRhYmFzZSI6InVuaXNoYW5vaSIsInVzZXJuYW1lIjoiZHZjaHV5ZW5AdW5pc2hhbm9pLm9yZyIsImZpbGVfcGsiOjMwODUxMywidGFibGVfbmFtZSI6IlBlcnNvbiIsInJlY29yZF9mayI6NTc3ODUsImV4cCI6MTc3MzUzMTAwMH0=._WfeaNlmNPpXUWYzYONDU8A4oLN3TgvllODGUKWqgpY=&transform=true
57800,https://files2.veracross.com/unishanoi/legacy_files/309284?auth=eyJhbGciOiJIUzI1NiIsInR5cCI6IkpXVCJ9.eyJkYXRhYmFzZSI6InVuaXNoYW5vaSIsInVzZXJuYW1lIjoiZHZjaHV5ZW5AdW5pc2hhbm9pLm9yZyIsImZpbGVfcGsiOjMwOTI4NCwidGFibGVfbmFtZSI6IlBlcnNvbiIsInJlY29yZF9mayI6NTc4MDAsImV4cCI6MTc3MzUzMTAwMH0=.gX_pnMMGYRTf_OV096-wwqI6OXRC5f8-an4Kk1GWU-M=&transform=true
57877,https://files2.veracross.com/unishanoi/legacy_files/308515?auth=eyJhbGciOiJIUzI1NiIsInR5cCI6IkpXVCJ9.eyJkYXRhYmFzZSI6InVuaXNoYW5vaSIsInVzZXJuYW1lIjoiZHZjaHV5ZW5AdW5pc2hhbm9pLm9yZyIsImZpbGVfcGsiOjMwODUxNSwidGFibGVfbmFtZSI6IlBlcnNvbiIsInJlY29yZF9mayI6NTc4NzcsImV4cCI6MTc3MzUzMTAwMH0=.3ME6jxhPJHg6BHATDFgRZQ3Y8oMtFv98Kdz5lJsyuqU=&transform=true
57894,https://files2.veracross.com/unishanoi/legacy_files/309285?auth=eyJhbGciOiJIUzI1NiIsInR5cCI6IkpXVCJ9.eyJkYXRhYmFzZSI6InVuaXNoYW5vaSIsInVzZXJuYW1lIjoiZHZjaHV5ZW5AdW5pc2hhbm9pLm9yZyIsImZpbGVfcGsiOjMwOTI4NSwidGFibGVfbmFtZSI6IlBlcnNvbiIsInJlY29yZF9mayI6NTc4OTQsImV4cCI6MTc3MzUzMTAwMH0=.WljpkIvLhHfYEhxo8XRofiY0bJP5PUDDIfxZzjQmgTU=&transform=true
60131,https://files2.veracross.com/unishanoi/legacy_files/315496?auth=eyJhbGciOiJIUzI1NiIsInR5cCI6IkpXVCJ9.eyJkYXRhYmFzZSI6InVuaXNoYW5vaSIsInVzZXJuYW1lIjoiZHZjaHV5ZW5AdW5pc2hhbm9pLm9yZyIsImZpbGVfcGsiOjMxNTQ5NiwidGFibGVfbmFtZSI6IlBlcnNvbiIsInJlY29yZF9mayI6NjAxMzEsImV4cCI6MTc3MzUzMTAwMH0=.rMT75R9zHKMK2QdapLcBR-oBm8GSqE_a6TaCfcqXoho=&transform=true
60785,https://res.cloudinary.com/veracross/image/upload/v1590100679/default.png
60836,https://files2.veracross.com/unishanoi/legacy_files/319247?auth=eyJhbGciOiJIUzI1NiIsInR5cCI6IkpXVCJ9.eyJkYXRhYmFzZSI6InVuaXNoYW5vaSIsInVzZXJuYW1lIjoiZHZjaHV5ZW5AdW5pc2hhbm9pLm9yZyIsImZpbGVfcGsiOjMxOTI0NywidGFibGVfbmFtZSI6IlBlcnNvbiIsInJlY29yZF9mayI6NjA4MzYsImV4cCI6MTc3MzUzMTAwMH0=.HZVBugf_QRsNv0duQQQbU6z6-XZbPnvabTEViG6UyTw=&transform=true
61133,https://files2.veracross.com/unishanoi/legacy_files/323890?auth=eyJhbGciOiJIUzI1NiIsInR5cCI6IkpXVCJ9.eyJkYXRhYmFzZSI6InVuaXNoYW5vaSIsInVzZXJuYW1lIjoiZHZjaHV5ZW5AdW5pc2hhbm9pLm9yZyIsImZpbGVfcGsiOjMyMzg5MCwidGFibGVfbmFtZSI6IlBlcnNvbiIsInJlY29yZF9mayI6NjExMzMsImV4cCI6MTc3MzUzMTAwMH0=.CVKO0lDxL4f_9mRads5CcqtGAcMIFHOY1qGrcZHZJxQ=&transform=true
61372,https://files2.veracross.com/unishanoi/legacy_files/324739?auth=eyJhbGciOiJIUzI1NiIsInR5cCI6IkpXVCJ9.eyJkYXRhYmFzZSI6InVuaXNoYW5vaSIsInVzZXJuYW1lIjoiZHZjaHV5ZW5AdW5pc2hhbm9pLm9yZyIsImZpbGVfcGsiOjMyNDczOSwidGFibGVfbmFtZSI6IlBlcnNvbiIsInJlY29yZF9mayI6NjEzNzIsImV4cCI6MTc3MzUzMTAwMH0=.uGrO4M6LyXVu_alW9NYZtIawxv_ljWq-bmF84wqMJ5g=&transform=true
61643,https://files2.veracross.com/unishanoi/legacy_files/328623?auth=eyJhbGciOiJIUzI1NiIsInR5cCI6IkpXVCJ9.eyJkYXRhYmFzZSI6InVuaXNoYW5vaSIsInVzZXJuYW1lIjoiZHZjaHV5ZW5AdW5pc2hhbm9pLm9yZyIsImZpbGVfcGsiOjMyODYyMywidGFibGVfbmFtZSI6IlBlcnNvbiIsInJlY29yZF9mayI6NjE2NDMsImV4cCI6MTc3MzUzMTAwMH0=.byyTvOzhC2mVHdjXbBWy11nBUhgVmFN0GZRMAHCBkSI=&transform=true
62191,https://files2.veracross.com/unishanoi/legacy_files/336480?auth=eyJhbGciOiJIUzI1NiIsInR5cCI6IkpXVCJ9.eyJkYXRhYmFzZSI6InVuaXNoYW5vaSIsInVzZXJuYW1lIjoiZHZjaHV5ZW5AdW5pc2hhbm9pLm9yZyIsImZpbGVfcGsiOjMzNjQ4MCwidGFibGVfbmFtZSI6IlBlcnNvbiIsInJlY29yZF9mayI6NjIxOTEsImV4cCI6MTc3MzUzMTAwMH0=.1FYdO4Yziy_f2IrkQoMx8IAiC7rlelS1fXgQ-lF7vpc=&transform=true
62196,https://res.cloudinary.com/veracross/image/upload/v1590100679/default.png
6726,https://files2.veracross.com/unishanoi/legacy_files/325469?auth=eyJhbGciOiJIUzI1NiIsInR5cCI6IkpXVCJ9.eyJkYXRhYmFzZSI6InVuaXNoYW5vaSIsInVzZXJuYW1lIjoiZHZjaHV5ZW5AdW5pc2hhbm9pLm9yZyIsImZpbGVfcGsiOjMyNTQ2OSwidGFibGVfbmFtZSI6IlBlcnNvbiIsInJlY29yZF9mayI6NjcyNiwiZXhwIjoxNzczNTMxMDAwfQ==._X59bab9zB-CVl6xY3fVCS0QCEOLNORlyfOpgt_RIto=&transform=true
6948,https://files2.veracross.com/unishanoi/legacy_files/325843?auth=eyJhbGciOiJIUzI1NiIsInR5cCI6IkpXVCJ9.eyJkYXRhYmFzZSI6InVuaXNoYW5vaSIsInVzZXJuYW1lIjoiZHZjaHV5ZW5AdW5pc2hhbm9pLm9yZyIsImZpbGVfcGsiOjMyNTg0MywidGFibGVfbmFtZSI6IlBlcnNvbiIsInJlY29yZF9mayI6Njk0OCwiZXhwIjoxNzczNTMxMDAwfQ==.5bQWJ07nIsB64ixKjlY6Cz2i985hoMuZGTbwpNqyViE=&transform=true
7282,https://files2.veracross.com/unishanoi/legacy_files/324976?auth=eyJhbGciOiJIUzI1NiIsInR5cCI6IkpXVCJ9.eyJkYXRhYmFzZSI6InVuaXNoYW5vaSIsInVzZXJuYW1lIjoiZHZjaHV5ZW5AdW5pc2hhbm9pLm9yZyIsImZpbGVfcGsiOjMyNDk3NiwidGFibGVfbmFtZSI6IlBlcnNvbiIsInJlY29yZF9mayI6NzI4MiwiZXhwIjoxNzczNTMxMDAwfQ==.ihZpPP7WzazISQbwoU2MRodTXM1xvVUPpgV0HptMetY=&transform=true
27106,https://files2.veracross.com/unishanoi/legacy_files/325202?auth=eyJhbGciOiJIUzI1NiIsInR5cCI6IkpXVCJ9.eyJkYXRhYmFzZSI6InVuaXNoYW5vaSIsInVzZXJuYW1lIjoiZHZjaHV5ZW5AdW5pc2hhbm9pLm9yZyIsImZpbGVfcGsiOjMyNTIwMiwidGFibGVfbmFtZSI6IlBlcnNvbiIsInJlY29yZF9mayI6MjcxMDYsImV4cCI6MTc3MzUzMTAwMH0=.Gi5pHo7973Fq3WXsEQrMBx5i2rojD7sfTXMSAZm9pjk=&transform=true
28241,https://files2.veracross.com/unishanoi/legacy_files/325021?auth=eyJhbGciOiJIUzI1NiIsInR5cCI6IkpXVCJ9.eyJkYXRhYmFzZSI6InVuaXNoYW5vaSIsInVzZXJuYW1lIjoiZHZjaHV5ZW5AdW5pc2hhbm9pLm9yZyIsImZpbGVfcGsiOjMyNTAyMSwidGFibGVfbmFtZSI6IlBlcnNvbiIsInJlY29yZF9mayI6MjgyNDEsImV4cCI6MTc3MzUzMTAwMH0=.nr0K9C5MzUSzBGQaUTNRUy29Gt20dtlW9gyQKOVGmN0=&transform=true
28340,https://files2.veracross.com/unishanoi/legacy_files/325177?auth=eyJhbGciOiJIUzI1NiIsInR5cCI6IkpXVCJ9.eyJkYXRhYmFzZSI6InVuaXNoYW5vaSIsInVzZXJuYW1lIjoiZHZjaHV5ZW5AdW5pc2hhbm9pLm9yZyIsImZpbGVfcGsiOjMyNTE3NywidGFibGVfbmFtZSI6IlBlcnNvbiIsInJlY29yZF9mayI6MjgzNDAsImV4cCI6MTc3MzUzMTAwMH0=.fAbcLrwgaBka_HAiXntdU8Y3VJobqJRxrtS-MsOEq0Q=&transform=true
28557,https://files2.veracross.com/unishanoi/legacy_files/325131?auth=eyJhbGciOiJIUzI1NiIsInR5cCI6IkpXVCJ9.eyJkYXRhYmFzZSI6InVuaXNoYW5vaSIsInVzZXJuYW1lIjoiZHZjaHV5ZW5AdW5pc2hhbm9pLm9yZyIsImZpbGVfcGsiOjMyNTEzMSwidGFibGVfbmFtZSI6IlBlcnNvbiIsInJlY29yZF9mayI6Mjg1NTcsImV4cCI6MTc3MzUzMTAwMH0=.OHW0CO9G_2o2xGgfO4UDn5jTrokdXY2Xwu4nbvlAX8U=&transform=true
29172,https://files2.veracross.com/unishanoi/legacy_files/324837?auth=eyJhbGciOiJIUzI1NiIsInR5cCI6IkpXVCJ9.eyJkYXRhYmFzZSI6InVuaXNoYW5vaSIsInVzZXJuYW1lIjoiZHZjaHV5ZW5AdW5pc2hhbm9pLm9yZyIsImZpbGVfcGsiOjMyNDgzNywidGFibGVfbmFtZSI6IlBlcnNvbiIsInJlY29yZF9mayI6MjkxNzIsImV4cCI6MTc3MzUzMTAwMH0=.IT5rrSahUUdgd2t77DDmgYQykwGdbSYvssowQ3o_2e8=&transform=true
29693,https://files2.veracross.com/unishanoi/legacy_files/325496?auth=eyJhbGciOiJIUzI1NiIsInR5cCI6IkpXVCJ9.eyJkYXRhYmFzZSI6InVuaXNoYW5vaSIsInVzZXJuYW1lIjoiZHZjaHV5ZW5AdW5pc2hhbm9pLm9yZyIsImZpbGVfcGsiOjMyNTQ5NiwidGFibGVfbmFtZSI6IlBlcnNvbiIsInJlY29yZF9mayI6Mjk2OTMsImV4cCI6MTc3MzUzMTAwMH0=.AzzQmoUcctXV5qXrkHsG73bvkfHqm0xC1P2RVLs0lt8=&transform=true
30406,https://files2.veracross.com/unishanoi/legacy_files/325815?auth=eyJhbGciOiJIUzI1NiIsInR5cCI6IkpXVCJ9.eyJkYXRhYmFzZSI6InVuaXNoYW5vaSIsInVzZXJuYW1lIjoiZHZjaHV5ZW5AdW5pc2hhbm9pLm9yZyIsImZpbGVfcGsiOjMyNTgxNSwidGFibGVfbmFtZSI6IlBlcnNvbiIsInJlY29yZF9mayI6MzA0MDYsImV4cCI6MTc3MzUzMTAwMH0=._GFWIp0zYPp5gi4EDi1QLrI0A_SrhgsVfWFZiSHbEUw=&transform=true
30734,https://files2.veracross.com/unishanoi/legacy_files/325113?auth=eyJhbGciOiJIUzI1NiIsInR5cCI6IkpXVCJ9.eyJkYXRhYmFzZSI6InVuaXNoYW5vaSIsInVzZXJuYW1lIjoiZHZjaHV5ZW5AdW5pc2hhbm9pLm9yZyIsImZpbGVfcGsiOjMyNTExMywidGFibGVfbmFtZSI6IlBlcnNvbiIsInJlY29yZF9mayI6MzA3MzQsImV4cCI6MTc3MzUzMTAwMH0=.RGPjDOQ2ZcVfZElUHWHbJDlcsJDDEKIJ_OVexVtxLRk=&transform=true
30909,https://files2.veracross.com/unishanoi/legacy_files/325587?auth=eyJhbGciOiJIUzI1NiIsInR5cCI6IkpXVCJ9.eyJkYXRhYmFzZSI6InVuaXNoYW5vaSIsInVzZXJuYW1lIjoiZHZjaHV5ZW5AdW5pc2hhbm9pLm9yZyIsImZpbGVfcGsiOjMyNTU4NywidGFibGVfbmFtZSI6IlBlcnNvbiIsInJlY29yZF9mayI6MzA5MDksImV4cCI6MTc3MzUzMTAwMH0=.wpqGt5wWn0pUszRsBAzAEEMRFRZp1Ck0vriu9ejS_8g=&transform=true
31128,https://files2.veracross.com/unishanoi/legacy_files/324938?auth=eyJhbGciOiJIUzI1NiIsInR5cCI6IkpXVCJ9.eyJkYXRhYmFzZSI6InVuaXNoYW5vaSIsInVzZXJuYW1lIjoiZHZjaHV5ZW5AdW5pc2hhbm9pLm9yZyIsImZpbGVfcGsiOjMyNDkzOCwidGFibGVfbmFtZSI6IlBlcnNvbiIsInJlY29yZF9mayI6MzExMjgsImV4cCI6MTc3MzUzMTAwMH0=.CFfDc5IS-3Pa09tNDHadREYnWAVe2wKPt46l16-60NY=&transform=true
31378,https://files2.veracross.com/unishanoi/legacy_files/325447?auth=eyJhbGciOiJIUzI1NiIsInR5cCI6IkpXVCJ9.eyJkYXRhYmFzZSI6InVuaXNoYW5vaSIsInVzZXJuYW1lIjoiZHZjaHV5ZW5AdW5pc2hhbm9pLm9yZyIsImZpbGVfcGsiOjMyNTQ0NywidGFibGVfbmFtZSI6IlBlcnNvbiIsInJlY29yZF9mayI6MzEzNzgsImV4cCI6MTc3MzUzMTAwMH0=.AmBrbYkNp4bwUKRr_b7F1kMu1cYO3688fyp5wpWPbyU=&transform=true
32479,https://files2.veracross.com/unishanoi/legacy_files/325094?auth=eyJhbGciOiJIUzI1NiIsInR5cCI6IkpXVCJ9.eyJkYXRhYmFzZSI6InVuaXNoYW5vaSIsInVzZXJuYW1lIjoiZHZjaHV5ZW5AdW5pc2hhbm9pLm9yZyIsImZpbGVfcGsiOjMyNTA5NCwidGFibGVfbmFtZSI6IlBlcnNvbiIsInJlY29yZF9mayI6MzI0NzksImV4cCI6MTc3MzUzMTAwMH0=.B0qMywc527Bl5gca5_7Kg426XswcbjMRR-V6qZI8zTk=&transform=true
32842,https://files2.veracross.com/unishanoi/legacy_files/325448?auth=eyJhbGciOiJIUzI1NiIsInR5cCI6IkpXVCJ9.eyJkYXRhYmFzZSI6InVuaXNoYW5vaSIsInVzZXJuYW1lIjoiZHZjaHV5ZW5AdW5pc2hhbm9pLm9yZyIsImZpbGVfcGsiOjMyNTQ0OCwidGFibGVfbmFtZSI6IlBlcnNvbiIsInJlY29yZF9mayI6MzI4NDIsImV4cCI6MTc3MzUzMTAwMH0=.-koeB7ug0calBpzgMi3PbN3kHJEGFXj6vsXT7BW1m2o=&transform=true
32887,https://files2.veracross.com/unishanoi/legacy_files/325580?auth=eyJhbGciOiJIUzI1NiIsInR5cCI6IkpXVCJ9.eyJkYXRhYmFzZSI6InVuaXNoYW5vaSIsInVzZXJuYW1lIjoiZHZjaHV5ZW5AdW5pc2hhbm9pLm9yZyIsImZpbGVfcGsiOjMyNTU4MCwidGFibGVfbmFtZSI6IlBlcnNvbiIsInJlY29yZF9mayI6MzI4ODcsImV4cCI6MTc3MzUzMTAwMH0=._qDErdtyzSf4lf2qvi3esKv562MXSujcio4SM_6GEb4=&transform=true
32967,https://files2.veracross.com/unishanoi/legacy_files/325007?auth=eyJhbGciOiJIUzI1NiIsInR5cCI6IkpXVCJ9.eyJkYXRhYmFzZSI6InVuaXNoYW5vaSIsInVzZXJuYW1lIjoiZHZjaHV5ZW5AdW5pc2hhbm9pLm9yZyIsImZpbGVfcGsiOjMyNTAwNywidGFibGVfbmFtZSI6IlBlcnNvbiIsInJlY29yZF9mayI6MzI5NjcsImV4cCI6MTc3MzUzMTAwMH0=.2RuDQoa9Avl7lGWr3WOeCrE_xRikp57YSPicSMqZWkk=&transform=true
32992,https://files2.veracross.com/unishanoi/legacy_files/325754?auth=eyJhbGciOiJIUzI1NiIsInR5cCI6IkpXVCJ9.eyJkYXRhYmFzZSI6InVuaXNoYW5vaSIsInVzZXJuYW1lIjoiZHZjaHV5ZW5AdW5pc2hhbm9pLm9yZyIsImZpbGVfcGsiOjMyNTc1NCwidGFibGVfbmFtZSI6IlBlcnNvbiIsInJlY29yZF9mayI6MzI5OTIsImV4cCI6MTc3MzUzMTAwMH0=.eAXugu6ItNMBQlACcNhPAHgrHOvdYbGX28--omzMQ1A=&transform=true
33596,https://files2.veracross.com/unishanoi/legacy_files/325593?auth=eyJhbGciOiJIUzI1NiIsInR5cCI6IkpXVCJ9.eyJkYXRhYmFzZSI6InVuaXNoYW5vaSIsInVzZXJuYW1lIjoiZHZjaHV5ZW5AdW5pc2hhbm9pLm9yZyIsImZpbGVfcGsiOjMyNTU5MywidGFibGVfbmFtZSI6IlBlcnNvbiIsInJlY29yZF9mayI6MzM1OTYsImV4cCI6MTc3MzUzMTAwMH0=.gyTqLvqOUsTLJ9FmkUwpG42Fqd5KwF-EihinOAejHe0=&transform=true
33807,https://files2.veracross.com/unishanoi/legacy_files/325499?auth=eyJhbGciOiJIUzI1NiIsInR5cCI6IkpXVCJ9.eyJkYXRhYmFzZSI6InVuaXNoYW5vaSIsInVzZXJuYW1lIjoiZHZjaHV5ZW5AdW5pc2hhbm9pLm9yZyIsImZpbGVfcGsiOjMyNTQ5OSwidGFibGVfbmFtZSI6IlBlcnNvbiIsInJlY29yZF9mayI6MzM4MDcsImV4cCI6MTc3MzUzMTAwMH0=.RbNQlwtYq17hExM4A9R2fS8dLnGk6OTEPEZJbs1Oygw=&transform=true
33832,https://files2.veracross.com/unishanoi/legacy_files/325204?auth=eyJhbGciOiJIUzI1NiIsInR5cCI6IkpXVCJ9.eyJkYXRhYmFzZSI6InVuaXNoYW5vaSIsInVzZXJuYW1lIjoiZHZjaHV5ZW5AdW5pc2hhbm9pLm9yZyIsImZpbGVfcGsiOjMyNTIwNCwidGFibGVfbmFtZSI6IlBlcnNvbiIsInJlY29yZF9mayI6MzM4MzIsImV4cCI6MTc3MzUzMTAwMH0=.AVXxa_-Wf_wIiATr2f4nGJBWkYHZ3pPp_UCFhAXbqGI=&transform=true
33882,https://files2.veracross.com/unishanoi/legacy_files/324884?auth=eyJhbGciOiJIUzI1NiIsInR5cCI6IkpXVCJ9.eyJkYXRhYmFzZSI6InVuaXNoYW5vaSIsInVzZXJuYW1lIjoiZHZjaHV5ZW5AdW5pc2hhbm9pLm9yZyIsImZpbGVfcGsiOjMyNDg4NCwidGFibGVfbmFtZSI6IlBlcnNvbiIsInJlY29yZF9mayI6MzM4ODIsImV4cCI6MTc3MzUzMTAwMH0=.UnRR89N86QD6XAzTFuZGdwkH_TGLpSDVt9aRbm31ZVo=&transform=true
33883,https://files2.veracross.com/unishanoi/legacy_files/324899?auth=eyJhbGciOiJIUzI1NiIsInR5cCI6IkpXVCJ9.eyJkYXRhYmFzZSI6InVuaXNoYW5vaSIsInVzZXJuYW1lIjoiZHZjaHV5ZW5AdW5pc2hhbm9pLm9yZyIsImZpbGVfcGsiOjMyNDg5OSwidGFibGVfbmFtZSI6IlBlcnNvbiIsInJlY29yZF9mayI6MzM4ODMsImV4cCI6MTc3MzUzMTAwMH0=.Cnx2iP4WEw43EwYH3v-HM2mkXpXZ6m8_cjd4_qaVa1Q=&transform=true
33891,https://files2.veracross.com/unishanoi/legacy_files/325020?auth=eyJhbGciOiJIUzI1NiIsInR5cCI6IkpXVCJ9.eyJkYXRhYmFzZSI6InVuaXNoYW5vaSIsInVzZXJuYW1lIjoiZHZjaHV5ZW5AdW5pc2hhbm9pLm9yZyIsImZpbGVfcGsiOjMyNTAyMCwidGFibGVfbmFtZSI6IlBlcnNvbiIsInJlY29yZF9mayI6MzM4OTEsImV4cCI6MTc3MzUzMTAwMH0=.nsfM6oBh49Nzm5xIOdKH7GaBYzZ27aFJWrTZyLzo2ak=&transform=true
34094,https://files2.veracross.com/unishanoi/legacy_files/329421?auth=eyJhbGciOiJIUzI1NiIsInR5cCI6IkpXVCJ9.eyJkYXRhYmFzZSI6InVuaXNoYW5vaSIsInVzZXJuYW1lIjoiZHZjaHV5ZW5AdW5pc2hhbm9pLm9yZyIsImZpbGVfcGsiOjMyOTQyMSwidGFibGVfbmFtZSI6IlBlcnNvbiIsInJlY29yZF9mayI6MzQwOTQsImV4cCI6MTc3MzUzMTAwMH0=.VeSuyH8v23ep4a8sD0aVakCB5la5ZBoNjeD1c5t50AA=&transform=true
34140,https://files2.veracross.com/unishanoi/legacy_files/295473?auth=eyJhbGciOiJIUzI1NiIsInR5cCI6IkpXVCJ9.eyJkYXRhYmFzZSI6InVuaXNoYW5vaSIsInVzZXJuYW1lIjoiZHZjaHV5ZW5AdW5pc2hhbm9pLm9yZyIsImZpbGVfcGsiOjI5NTQ3MywidGFibGVfbmFtZSI6IlBlcnNvbiIsInJlY29yZF9mayI6MzQxNDAsImV4cCI6MTc3MzUzMTAwMH0=.GKJg_BRGKRQi7coHo7TdfrirvyymdVEhCyn-BV03b6c=&transform=true
34196,https://files2.veracross.com/unishanoi/legacy_files/325063?auth=eyJhbGciOiJIUzI1NiIsInR5cCI6IkpXVCJ9.eyJkYXRhYmFzZSI6InVuaXNoYW5vaSIsInVzZXJuYW1lIjoiZHZjaHV5ZW5AdW5pc2hhbm9pLm9yZyIsImZpbGVfcGsiOjMyNTA2MywidGFibGVfbmFtZSI6IlBlcnNvbiIsInJlY29yZF9mayI6MzQxOTYsImV4cCI6MTc3MzUzMTAwMH0=.00uKwtc55jWfRmZMh1qY04omPzNO1G03qEoRWyzjHhc=&transform=true
34205,https://files2.veracross.com/unishanoi/legacy_files/325511?auth=eyJhbGciOiJIUzI1NiIsInR5cCI6IkpXVCJ9.eyJkYXRhYmFzZSI6InVuaXNoYW5vaSIsInVzZXJuYW1lIjoiZHZjaHV5ZW5AdW5pc2hhbm9pLm9yZyIsImZpbGVfcGsiOjMyNTUxMSwidGFibGVfbmFtZSI6IlBlcnNvbiIsInJlY29yZF9mayI6MzQyMDUsImV4cCI6MTc3MzUzMTAwMH0=.3KijFixulkiBjQCL1V7a43j2KfRzZyNc2BoM8Vd3Tlo=&transform=true
34294,https://files2.veracross.com/unishanoi/legacy_files/324865?auth=eyJhbGciOiJIUzI1NiIsInR5cCI6IkpXVCJ9.eyJkYXRhYmFzZSI6InVuaXNoYW5vaSIsInVzZXJuYW1lIjoiZHZjaHV5ZW5AdW5pc2hhbm9pLm9yZyIsImZpbGVfcGsiOjMyNDg2NSwidGFibGVfbmFtZSI6IlBlcnNvbiIsInJlY29yZF9mayI6MzQyOTQsImV4cCI6MTc3MzUzMTAwMH0=.Bu-oFqsyUsDOD-ccirAVwjXosOHcnAsWvJGa420YkcM=&transform=true
34383,https://files2.veracross.com/unishanoi/legacy_files/325134?auth=eyJhbGciOiJIUzI1NiIsInR5cCI6IkpXVCJ9.eyJkYXRhYmFzZSI6InVuaXNoYW5vaSIsInVzZXJuYW1lIjoiZHZjaHV5ZW5AdW5pc2hhbm9pLm9yZyIsImZpbGVfcGsiOjMyNTEzNCwidGFibGVfbmFtZSI6IlBlcnNvbiIsInJlY29yZF9mayI6MzQzODMsImV4cCI6MTc3MzUzMTAwMH0=.zlQ2iYq38kgYD3jzlKxQL1P-fNEUXdoPGCWIErL_1c8=&transform=true
34571,https://files2.veracross.com/unishanoi/legacy_files/325347?auth=eyJhbGciOiJIUzI1NiIsInR5cCI6IkpXVCJ9.eyJkYXRhYmFzZSI6InVuaXNoYW5vaSIsInVzZXJuYW1lIjoiZHZjaHV5ZW5AdW5pc2hhbm9pLm9yZyIsImZpbGVfcGsiOjMyNTM0NywidGFibGVfbmFtZSI6IlBlcnNvbiIsInJlY29yZF9mayI6MzQ1NzEsImV4cCI6MTc3MzUzMTAwMH0=.kssfGVrwciyZshGKKc0QkB8mns6P40H-hqrtOXzuNOE=&transform=true
34572,https://files2.veracross.com/unishanoi/legacy_files/325446?auth=eyJhbGciOiJIUzI1NiIsInR5cCI6IkpXVCJ9.eyJkYXRhYmFzZSI6InVuaXNoYW5vaSIsInVzZXJuYW1lIjoiZHZjaHV5ZW5AdW5pc2hhbm9pLm9yZyIsImZpbGVfcGsiOjMyNTQ0NiwidGFibGVfbmFtZSI6IlBlcnNvbiIsInJlY29yZF9mayI6MzQ1NzIsImV4cCI6MTc3MzUzMTAwMH0=.6Xv5jwqe1SLNcpOJQ4VvxOa-528onMla9FUqUPl1ezs=&transform=true
34625,https://files2.veracross.com/unishanoi/legacy_files/325148?auth=eyJhbGciOiJIUzI1NiIsInR5cCI6IkpXVCJ9.eyJkYXRhYmFzZSI6InVuaXNoYW5vaSIsInVzZXJuYW1lIjoiZHZjaHV5ZW5AdW5pc2hhbm9pLm9yZyIsImZpbGVfcGsiOjMyNTE0OCwidGFibGVfbmFtZSI6IlBlcnNvbiIsInJlY29yZF9mayI6MzQ2MjUsImV4cCI6MTc3MzUzMTAwMH0=.hAokxbP__THB3F1YI2NYqQW-Q-TphxgcDVv8ueP8fqA=&transform=true
34713,https://files2.veracross.com/unishanoi/legacy_files/325711?auth=eyJhbGciOiJIUzI1NiIsInR5cCI6IkpXVCJ9.eyJkYXRhYmFzZSI6InVuaXNoYW5vaSIsInVzZXJuYW1lIjoiZHZjaHV5ZW5AdW5pc2hhbm9pLm9yZyIsImZpbGVfcGsiOjMyNTcxMSwidGFibGVfbmFtZSI6IlBlcnNvbiIsInJlY29yZF9mayI6MzQ3MTMsImV4cCI6MTc3MzUzMTAwMH0=.4xacR6jJ0yQuwoCR-nQHJefpzOmqFSZZsf-H_Q9_iO8=&transform=true
34733,https://files2.veracross.com/unishanoi/legacy_files/324874?auth=eyJhbGciOiJIUzI1NiIsInR5cCI6IkpXVCJ9.eyJkYXRhYmFzZSI6InVuaXNoYW5vaSIsInVzZXJuYW1lIjoiZHZjaHV5ZW5AdW5pc2hhbm9pLm9yZyIsImZpbGVfcGsiOjMyNDg3NCwidGFibGVfbmFtZSI6IlBlcnNvbiIsInJlY29yZF9mayI6MzQ3MzMsImV4cCI6MTc3MzUzMTAwMH0=.6fX4yF1qtCfcX-RfypYcNxadcCG2RfcLT6iOCVvdlZE=&transform=true
35026,https://files2.veracross.com/unishanoi/legacy_files/325822?auth=eyJhbGciOiJIUzI1NiIsInR5cCI6IkpXVCJ9.eyJkYXRhYmFzZSI6InVuaXNoYW5vaSIsInVzZXJuYW1lIjoiZHZjaHV5ZW5AdW5pc2hhbm9pLm9yZyIsImZpbGVfcGsiOjMyNTgyMiwidGFibGVfbmFtZSI6IlBlcnNvbiIsInJlY29yZF9mayI6MzUwMjYsImV4cCI6MTc3MzUzMTAwMH0=.EzSZxYWynxujjM8pZQY_8Jj6snRQ9IwdblvaaF1Ejl4=&transform=true
35071,https://files2.veracross.com/unishanoi/legacy_files/325253?auth=eyJhbGciOiJIUzI1NiIsInR5cCI6IkpXVCJ9.eyJkYXRhYmFzZSI6InVuaXNoYW5vaSIsInVzZXJuYW1lIjoiZHZjaHV5ZW5AdW5pc2hhbm9pLm9yZyIsImZpbGVfcGsiOjMyNTI1MywidGFibGVfbmFtZSI6IlBlcnNvbiIsInJlY29yZF9mayI6MzUwNzEsImV4cCI6MTc3MzUzMTAwMH0=.vSD-W8ZR-b69OVKlvtpg5QQEGmrJDGKkOIdfJwK4HUA=&transform=true
35253,https://files2.veracross.com/unishanoi/legacy_files/325548?auth=eyJhbGciOiJIUzI1NiIsInR5cCI6IkpXVCJ9.eyJkYXRhYmFzZSI6InVuaXNoYW5vaSIsInVzZXJuYW1lIjoiZHZjaHV5ZW5AdW5pc2hhbm9pLm9yZyIsImZpbGVfcGsiOjMyNTU0OCwidGFibGVfbmFtZSI6IlBlcnNvbiIsInJlY29yZF9mayI6MzUyNTMsImV4cCI6MTc3MzUzMTAwMH0=.ssOVfvzQ9byWEfIRt1bKmCUuA_U6J6KYvixW85vwWX8=&transform=true
35625,https://files2.veracross.com/unishanoi/legacy_files/325602?auth=eyJhbGciOiJIUzI1NiIsInR5cCI6IkpXVCJ9.eyJkYXRhYmFzZSI6InVuaXNoYW5vaSIsInVzZXJuYW1lIjoiZHZjaHV5ZW5AdW5pc2hhbm9pLm9yZyIsImZpbGVfcGsiOjMyNTYwMiwidGFibGVfbmFtZSI6IlBlcnNvbiIsInJlY29yZF9mayI6MzU2MjUsImV4cCI6MTc3MzUzMTAwMH0=.eVvA6dzzxEAZqkTUDCuXwDD__kZQHsenOrmMVVf2KDQ=&transform=true
35674,https://files2.veracross.com/unishanoi/legacy_files/325219?auth=eyJhbGciOiJIUzI1NiIsInR5cCI6IkpXVCJ9.eyJkYXRhYmFzZSI6InVuaXNoYW5vaSIsInVzZXJuYW1lIjoiZHZjaHV5ZW5AdW5pc2hhbm9pLm9yZyIsImZpbGVfcGsiOjMyNTIxOSwidGFibGVfbmFtZSI6IlBlcnNvbiIsInJlY29yZF9mayI6MzU2NzQsImV4cCI6MTc3MzUzMTAwMH0=.QAQkl01LTbaPYRZlifkE-OH68Tk-3e44EuqLnXI_ugM=&transform=true
35792,https://files2.veracross.com/unishanoi/legacy_files/325620?auth=eyJhbGciOiJIUzI1NiIsInR5cCI6IkpXVCJ9.eyJkYXRhYmFzZSI6InVuaXNoYW5vaSIsInVzZXJuYW1lIjoiZHZjaHV5ZW5AdW5pc2hhbm9pLm9yZyIsImZpbGVfcGsiOjMyNTYyMCwidGFibGVfbmFtZSI6IlBlcnNvbiIsInJlY29yZF9mayI6MzU3OTIsImV4cCI6MTc3MzUzMTAwMH0=.WSqwQcD9F2pzR5SnqQCW3VUgRrR82rS8fo3UYWb-aAQ=&transform=true
36053,https://files2.veracross.com/unishanoi/legacy_files/326239?auth=eyJhbGciOiJIUzI1NiIsInR5cCI6IkpXVCJ9.eyJkYXRhYmFzZSI6InVuaXNoYW5vaSIsInVzZXJuYW1lIjoiZHZjaHV5ZW5AdW5pc2hhbm9pLm9yZyIsImZpbGVfcGsiOjMyNjIzOSwidGFibGVfbmFtZSI6IlBlcnNvbiIsInJlY29yZF9mayI6MzYwNTMsImV4cCI6MTc3MzUzMTAwMH0=.I73rKaIPJcdNafoE421xRUuheCCusYjyt5AMDd4-tDg=&transform=true
36075,https://files2.veracross.com/unishanoi/legacy_files/325768?auth=eyJhbGciOiJIUzI1NiIsInR5cCI6IkpXVCJ9.eyJkYXRhYmFzZSI6InVuaXNoYW5vaSIsInVzZXJuYW1lIjoiZHZjaHV5ZW5AdW5pc2hhbm9pLm9yZyIsImZpbGVfcGsiOjMyNTc2OCwidGFibGVfbmFtZSI6IlBlcnNvbiIsInJlY29yZF9mayI6MzYwNzUsImV4cCI6MTc3MzUzMTAwMH0=.9E-mA_7NM4TEn1eYXoYp2BkIbEMnOW_TXeobfVhf7wY=&transform=true
36099,https://files2.veracross.com/unishanoi/legacy_files/325612?auth=eyJhbGciOiJIUzI1NiIsInR5cCI6IkpXVCJ9.eyJkYXRhYmFzZSI6InVuaXNoYW5vaSIsInVzZXJuYW1lIjoiZHZjaHV5ZW5AdW5pc2hhbm9pLm9yZyIsImZpbGVfcGsiOjMyNTYxMiwidGFibGVfbmFtZSI6IlBlcnNvbiIsInJlY29yZF9mayI6MzYwOTksImV4cCI6MTc3MzUzMTAwMH0=.2xf3ef4YwCkNNAN-pdAJ6MLpM6q1N7pDJUU0wqbsYHE=&transform=true
36549,https://files2.veracross.com/unishanoi/legacy_files/325311?auth=eyJhbGciOiJIUzI1NiIsInR5cCI6IkpXVCJ9.eyJkYXRhYmFzZSI6InVuaXNoYW5vaSIsInVzZXJuYW1lIjoiZHZjaHV5ZW5AdW5pc2hhbm9pLm9yZyIsImZpbGVfcGsiOjMyNTMxMSwidGFibGVfbmFtZSI6IlBlcnNvbiIsInJlY29yZF9mayI6MzY1NDksImV4cCI6MTc3MzUzMTAwMH0=.YX77TDGwdrpwlqPoFf84XFYCDR6k6EA2WaRcXCo4vlw=&transform=true
36565,https://files2.veracross.com/unishanoi/legacy_files/325558?auth=eyJhbGciOiJIUzI1NiIsInR5cCI6IkpXVCJ9.eyJkYXRhYmFzZSI6InVuaXNoYW5vaSIsInVzZXJuYW1lIjoiZHZjaHV5ZW5AdW5pc2hhbm9pLm9yZyIsImZpbGVfcGsiOjMyNTU1OCwidGFibGVfbmFtZSI6IlBlcnNvbiIsInJlY29yZF9mayI6MzY1NjUsImV4cCI6MTc3MzUzMTAwMH0=.f6kJ1PHFMYnQ-Fa_LQEjBS0xAvO5jcAugGxmXVft4Yg=&transform=true
36587,https://files2.veracross.com/unishanoi/legacy_files/325255?auth=eyJhbGciOiJIUzI1NiIsInR5cCI6IkpXVCJ9.eyJkYXRhYmFzZSI6InVuaXNoYW5vaSIsInVzZXJuYW1lIjoiZHZjaHV5ZW5AdW5pc2hhbm9pLm9yZyIsImZpbGVfcGsiOjMyNTI1NSwidGFibGVfbmFtZSI6IlBlcnNvbiIsInJlY29yZF9mayI6MzY1ODcsImV4cCI6MTc3MzUzMTAwMH0=.ZfFtDURzR8B2op1Gmu6dNl7WXeEpEbzOargfx1BFYcg=&transform=true
36589,https://files2.veracross.com/unishanoi/legacy_files/325400?auth=eyJhbGciOiJIUzI1NiIsInR5cCI6IkpXVCJ9.eyJkYXRhYmFzZSI6InVuaXNoYW5vaSIsInVzZXJuYW1lIjoiZHZjaHV5ZW5AdW5pc2hhbm9pLm9yZyIsImZpbGVfcGsiOjMyNTQwMCwidGFibGVfbmFtZSI6IlBlcnNvbiIsInJlY29yZF9mayI6MzY1ODksImV4cCI6MTc3MzUzMTAwMH0=.RYooAyboXhgiL8qyYmrGomsNtJ1WQdMJutZHCKihnjI=&transform=true
36780,https://files2.veracross.com/unishanoi/legacy_files/325089?auth=eyJhbGciOiJIUzI1NiIsInR5cCI6IkpXVCJ9.eyJkYXRhYmFzZSI6InVuaXNoYW5vaSIsInVzZXJuYW1lIjoiZHZjaHV5ZW5AdW5pc2hhbm9pLm9yZyIsImZpbGVfcGsiOjMyNTA4OSwidGFibGVfbmFtZSI6IlBlcnNvbiIsInJlY29yZF9mayI6MzY3ODAsImV4cCI6MTc3MzUzMTAwMH0=.ezJNVvxRwdqqhREXKZdKHMzvlJfehstBfMGxQN5V5eA=&transform=true
36964,https://files2.veracross.com/unishanoi/legacy_files/325088?auth=eyJhbGciOiJIUzI1NiIsInR5cCI6IkpXVCJ9.eyJkYXRhYmFzZSI6InVuaXNoYW5vaSIsInVzZXJuYW1lIjoiZHZjaHV5ZW5AdW5pc2hhbm9pLm9yZyIsImZpbGVfcGsiOjMyNTA4OCwidGFibGVfbmFtZSI6IlBlcnNvbiIsInJlY29yZF9mayI6MzY5NjQsImV4cCI6MTc3MzUzMTAwMH0=.kIO0wh1v9A-_qBgfyD4QCFBiuK-Q0tdKSPDtETsEThw=&transform=true
37054,https://files2.veracross.com/unishanoi/legacy_files/325533?auth=eyJhbGciOiJIUzI1NiIsInR5cCI6IkpXVCJ9.eyJkYXRhYmFzZSI6InVuaXNoYW5vaSIsInVzZXJuYW1lIjoiZHZjaHV5ZW5AdW5pc2hhbm9pLm9yZyIsImZpbGVfcGsiOjMyNTUzMywidGFibGVfbmFtZSI6IlBlcnNvbiIsInJlY29yZF9mayI6MzcwNTQsImV4cCI6MTc3MzUzMTAwMH0=.REIW6jKZS-ZtQsN3BRiVuFU3w5KmZzcFtQfjIiOhe5s=&transform=true
37181,https://files2.veracross.com/unishanoi/legacy_files/325837?auth=eyJhbGciOiJIUzI1NiIsInR5cCI6IkpXVCJ9.eyJkYXRhYmFzZSI6InVuaXNoYW5vaSIsInVzZXJuYW1lIjoiZHZjaHV5ZW5AdW5pc2hhbm9pLm9yZyIsImZpbGVfcGsiOjMyNTgzNywidGFibGVfbmFtZSI6IlBlcnNvbiIsInJlY29yZF9mayI6MzcxODEsImV4cCI6MTc3MzUzMTAwMH0=.vXg3rS-RcrTj-cab_GUClzCvktg8blh0dd5gf50Ep1Y=&transform=true
37357,https://files2.veracross.com/unishanoi/legacy_files/325771?auth=eyJhbGciOiJIUzI1NiIsInR5cCI6IkpXVCJ9.eyJkYXRhYmFzZSI6InVuaXNoYW5vaSIsInVzZXJuYW1lIjoiZHZjaHV5ZW5AdW5pc2hhbm9pLm9yZyIsImZpbGVfcGsiOjMyNTc3MSwidGFibGVfbmFtZSI6IlBlcnNvbiIsInJlY29yZF9mayI6MzczNTcsImV4cCI6MTc3MzUzMTAwMH0=.3FC0JWMmz-_Mu-DGzfgcW3UFHpZYkwzTBt42fmKDszM=&transform=true
37500,https://files2.veracross.com/unishanoi/legacy_files/325061?auth=eyJhbGciOiJIUzI1NiIsInR5cCI6IkpXVCJ9.eyJkYXRhYmFzZSI6InVuaXNoYW5vaSIsInVzZXJuYW1lIjoiZHZjaHV5ZW5AdW5pc2hhbm9pLm9yZyIsImZpbGVfcGsiOjMyNTA2MSwidGFibGVfbmFtZSI6IlBlcnNvbiIsInJlY29yZF9mayI6Mzc1MDAsImV4cCI6MTc3MzUzMTAwMH0=.Xm6ZoohbK-YQaA6mvlAG28PxsTKdS6UJiJLnn52oKtA=&transform=true
37808,https://files2.veracross.com/unishanoi/legacy_files/324950?auth=eyJhbGciOiJIUzI1NiIsInR5cCI6IkpXVCJ9.eyJkYXRhYmFzZSI6InVuaXNoYW5vaSIsInVzZXJuYW1lIjoiZHZjaHV5ZW5AdW5pc2hhbm9pLm9yZyIsImZpbGVfcGsiOjMyNDk1MCwidGFibGVfbmFtZSI6IlBlcnNvbiIsInJlY29yZF9mayI6Mzc4MDgsImV4cCI6MTc3MzUzMTAwMH0=.eiZw9vZ47LouL_Y-gt-gARXx5LmWBfhBFUiytYuhrvg=&transform=true
37975,https://files2.veracross.com/unishanoi/legacy_files/325732?auth=eyJhbGciOiJIUzI1NiIsInR5cCI6IkpXVCJ9.eyJkYXRhYmFzZSI6InVuaXNoYW5vaSIsInVzZXJuYW1lIjoiZHZjaHV5ZW5AdW5pc2hhbm9pLm9yZyIsImZpbGVfcGsiOjMyNTczMiwidGFibGVfbmFtZSI6IlBlcnNvbiIsInJlY29yZF9mayI6Mzc5NzUsImV4cCI6MTc3MzUzMTAwMH0=.5FQoy5iFfSOLJsiHlqy38N2ZuRx3gol_Xp3d2O4dPTI=&transform=true
38461,https://files2.veracross.com/unishanoi/legacy_files/325734?auth=eyJhbGciOiJIUzI1NiIsInR5cCI6IkpXVCJ9.eyJkYXRhYmFzZSI6InVuaXNoYW5vaSIsInVzZXJuYW1lIjoiZHZjaHV5ZW5AdW5pc2hhbm9pLm9yZyIsImZpbGVfcGsiOjMyNTczNCwidGFibGVfbmFtZSI6IlBlcnNvbiIsInJlY29yZF9mayI6Mzg0NjEsImV4cCI6MTc3MzUzMTAwMH0=.Dnq_1Ek0Oa5ywqF7_cVYArRW9F1JW7HS3tsLeh2P2m4=&transform=true
38783,https://files2.veracross.com/unishanoi/legacy_files/325207?auth=eyJhbGciOiJIUzI1NiIsInR5cCI6IkpXVCJ9.eyJkYXRhYmFzZSI6InVuaXNoYW5vaSIsInVzZXJuYW1lIjoiZHZjaHV5ZW5AdW5pc2hhbm9pLm9yZyIsImZpbGVfcGsiOjMyNTIwNywidGFibGVfbmFtZSI6IlBlcnNvbiIsInJlY29yZF9mayI6Mzg3ODMsImV4cCI6MTc3MzUzMTAwMH0=.F2uq_3pt0VUcG9PgC2GCBd_OZ2kwIS8JUBEzSv9g3tg=&transform=true
38928,https://files2.veracross.com/unishanoi/legacy_files/324882?auth=eyJhbGciOiJIUzI1NiIsInR5cCI6IkpXVCJ9.eyJkYXRhYmFzZSI6InVuaXNoYW5vaSIsInVzZXJuYW1lIjoiZHZjaHV5ZW5AdW5pc2hhbm9pLm9yZyIsImZpbGVfcGsiOjMyNDg4MiwidGFibGVfbmFtZSI6IlBlcnNvbiIsInJlY29yZF9mayI6Mzg5MjgsImV4cCI6MTc3MzUzMTAwMH0=.S9gu0Ij6xRx8jvNdQTmicvt6u7pZmOvcYg9xeaujIBI=&transform=true
39328,https://files2.veracross.com/unishanoi/legacy_files/325128?auth=eyJhbGciOiJIUzI1NiIsInR5cCI6IkpXVCJ9.eyJkYXRhYmFzZSI6InVuaXNoYW5vaSIsInVzZXJuYW1lIjoiZHZjaHV5ZW5AdW5pc2hhbm9pLm9yZyIsImZpbGVfcGsiOjMyNTEyOCwidGFibGVfbmFtZSI6IlBlcnNvbiIsInJlY29yZF9mayI6MzkzMjgsImV4cCI6MTc3MzUzMTAwMH0=.Gv0ZUQsGHYXf3Ag2KQtYVVlaSzo2mxnpyoFijarT8so=&transform=true
39335,https://files2.veracross.com/unishanoi/legacy_files/325387?auth=eyJhbGciOiJIUzI1NiIsInR5cCI6IkpXVCJ9.eyJkYXRhYmFzZSI6InVuaXNoYW5vaSIsInVzZXJuYW1lIjoiZHZjaHV5ZW5AdW5pc2hhbm9pLm9yZyIsImZpbGVfcGsiOjMyNTM4NywidGFibGVfbmFtZSI6IlBlcnNvbiIsInJlY29yZF9mayI6MzkzMzUsImV4cCI6MTc3MzUzMTAwMH0=.RsHtwK2sKqairV2T2NuNkLqSEm9oS_jv8BY3ra4tzP4=&transform=true
39358,https://files2.veracross.com/unishanoi/legacy_files/325023?auth=eyJhbGciOiJIUzI1NiIsInR5cCI6IkpXVCJ9.eyJkYXRhYmFzZSI6InVuaXNoYW5vaSIsInVzZXJuYW1lIjoiZHZjaHV5ZW5AdW5pc2hhbm9pLm9yZyIsImZpbGVfcGsiOjMyNTAyMywidGFibGVfbmFtZSI6IlBlcnNvbiIsInJlY29yZF9mayI6MzkzNTgsImV4cCI6MTc3MzUzMTAwMH0=.m420er6MYAA-aAC8plt308DmOdehJhfSLYYoc9PwQ6o=&transform=true
39367,https://files2.veracross.com/unishanoi/legacy_files/324966?auth=eyJhbGciOiJIUzI1NiIsInR5cCI6IkpXVCJ9.eyJkYXRhYmFzZSI6InVuaXNoYW5vaSIsInVzZXJuYW1lIjoiZHZjaHV5ZW5AdW5pc2hhbm9pLm9yZyIsImZpbGVfcGsiOjMyNDk2NiwidGFibGVfbmFtZSI6IlBlcnNvbiIsInJlY29yZF9mayI6MzkzNjcsImV4cCI6MTc3MzUzMTAwMH0=.b-m1gmOJrX8N3aKmJhWmggCRp3BWU6AZko3RbkvTDUE=&transform=true
39388,https://files2.veracross.com/unishanoi/legacy_files/324879?auth=eyJhbGciOiJIUzI1NiIsInR5cCI6IkpXVCJ9.eyJkYXRhYmFzZSI6InVuaXNoYW5vaSIsInVzZXJuYW1lIjoiZHZjaHV5ZW5AdW5pc2hhbm9pLm9yZyIsImZpbGVfcGsiOjMyNDg3OSwidGFibGVfbmFtZSI6IlBlcnNvbiIsInJlY29yZF9mayI6MzkzODgsImV4cCI6MTc3MzUzMTAwMH0=.R6FkIoQe19-u1APFwnStTxrvCGwpOujALJRfZooJ-lg=&transform=true
39586,https://files2.veracross.com/unishanoi/legacy_files/325720?auth=eyJhbGciOiJIUzI1NiIsInR5cCI6IkpXVCJ9.eyJkYXRhYmFzZSI6InVuaXNoYW5vaSIsInVzZXJuYW1lIjoiZHZjaHV5ZW5AdW5pc2hhbm9pLm9yZyIsImZpbGVfcGsiOjMyNTcyMCwidGFibGVfbmFtZSI6IlBlcnNvbiIsInJlY29yZF9mayI6Mzk1ODYsImV4cCI6MTc3MzUzMTAwMH0=.I2rii2_2RqvO8i2zfVg1Dd6aje816tOxF8yYDcez5Mc=&transform=true
39614,https://files2.veracross.com/unishanoi/legacy_files/325012?auth=eyJhbGciOiJIUzI1NiIsInR5cCI6IkpXVCJ9.eyJkYXRhYmFzZSI6InVuaXNoYW5vaSIsInVzZXJuYW1lIjoiZHZjaHV5ZW5AdW5pc2hhbm9pLm9yZyIsImZpbGVfcGsiOjMyNTAxMiwidGFibGVfbmFtZSI6IlBlcnNvbiIsInJlY29yZF9mayI6Mzk2MTQsImV4cCI6MTc3MzUzMTAwMH0=.89__gIY2YGtjN3I0pFOnFogrbrqDW7_R7j3PVMLR9wo=&transform=true
39646,https://files2.veracross.com/unishanoi/legacy_files/325307?auth=eyJhbGciOiJIUzI1NiIsInR5cCI6IkpXVCJ9.eyJkYXRhYmFzZSI6InVuaXNoYW5vaSIsInVzZXJuYW1lIjoiZHZjaHV5ZW5AdW5pc2hhbm9pLm9yZyIsImZpbGVfcGsiOjMyNTMwNywidGFibGVfbmFtZSI6IlBlcnNvbiIsInJlY29yZF9mayI6Mzk2NDYsImV4cCI6MTc3MzUzMTAwMH0=.Uif_Wm9rTL0v8s6agWkEqeY7E6l-yJqBysNzxt5B1sY=&transform=true
39656,https://files2.veracross.com/unishanoi/legacy_files/325559?auth=eyJhbGciOiJIUzI1NiIsInR5cCI6IkpXVCJ9.eyJkYXRhYmFzZSI6InVuaXNoYW5vaSIsInVzZXJuYW1lIjoiZHZjaHV5ZW5AdW5pc2hhbm9pLm9yZyIsImZpbGVfcGsiOjMyNTU1OSwidGFibGVfbmFtZSI6IlBlcnNvbiIsInJlY29yZF9mayI6Mzk2NTYsImV4cCI6MTc3MzUzMTAwMH0=.EiBT7ogVZ7w3SawycBnuq10RIO43ZgejNkOZH9r-zzg=&transform=true
39657,https://files2.veracross.com/unishanoi/legacy_files/325556?auth=eyJhbGciOiJIUzI1NiIsInR5cCI6IkpXVCJ9.eyJkYXRhYmFzZSI6InVuaXNoYW5vaSIsInVzZXJuYW1lIjoiZHZjaHV5ZW5AdW5pc2hhbm9pLm9yZyIsImZpbGVfcGsiOjMyNTU1NiwidGFibGVfbmFtZSI6IlBlcnNvbiIsInJlY29yZF9mayI6Mzk2NTcsImV4cCI6MTc3MzUzMTAwMH0=.BQzbnXaWkjdLL1DQQyFoPiiAqOKZnDflohoL4hVNkdU=&transform=true
39671,https://files2.veracross.com/unishanoi/legacy_files/325143?auth=eyJhbGciOiJIUzI1NiIsInR5cCI6IkpXVCJ9.eyJkYXRhYmFzZSI6InVuaXNoYW5vaSIsInVzZXJuYW1lIjoiZHZjaHV5ZW5AdW5pc2hhbm9pLm9yZyIsImZpbGVfcGsiOjMyNTE0MywidGFibGVfbmFtZSI6IlBlcnNvbiIsInJlY29yZF9mayI6Mzk2NzEsImV4cCI6MTc3MzUzMTAwMH0=.8ERBWujXG04QmT7jVzHvi-n0ve2z8aKM8Ko0v7Pw0OQ=&transform=true
39673,https://files2.veracross.com/unishanoi/legacy_files/325073?auth=eyJhbGciOiJIUzI1NiIsInR5cCI6IkpXVCJ9.eyJkYXRhYmFzZSI6InVuaXNoYW5vaSIsInVzZXJuYW1lIjoiZHZjaHV5ZW5AdW5pc2hhbm9pLm9yZyIsImZpbGVfcGsiOjMyNTA3MywidGFibGVfbmFtZSI6IlBlcnNvbiIsInJlY29yZF9mayI6Mzk2NzMsImV4cCI6MTc3MzUzMTAwMH0=.JwVrSc7VrCAIfy37-SluVLBImNKD2LK5TNx8UBzoywE=&transform=true
39729,https://files2.veracross.com/unishanoi/legacy_files/325172?auth=eyJhbGciOiJIUzI1NiIsInR5cCI6IkpXVCJ9.eyJkYXRhYmFzZSI6InVuaXNoYW5vaSIsInVzZXJuYW1lIjoiZHZjaHV5ZW5AdW5pc2hhbm9pLm9yZyIsImZpbGVfcGsiOjMyNTE3MiwidGFibGVfbmFtZSI6IlBlcnNvbiIsInJlY29yZF9mayI6Mzk3MjksImV4cCI6MTc3MzUzMTAwMH0=.0w4dsZSpIPs1y7_guXeILb4t1NMPWEsT0MspJ6ompdY=&transform=true
40094,https://files2.veracross.com/unishanoi/legacy_files/325852?auth=eyJhbGciOiJIUzI1NiIsInR5cCI6IkpXVCJ9.eyJkYXRhYmFzZSI6InVuaXNoYW5vaSIsInVzZXJuYW1lIjoiZHZjaHV5ZW5AdW5pc2hhbm9pLm9yZyIsImZpbGVfcGsiOjMyNTg1MiwidGFibGVfbmFtZSI6IlBlcnNvbiIsInJlY29yZF9mayI6NDAwOTQsImV4cCI6MTc3MzUzMTAwMH0=.UvGOl6JTg5wkn4tAhUTFuRtp32unrMQkYFCkb5rg4-I=&transform=true
40095,https://files2.veracross.com/unishanoi/legacy_files/325806?auth=eyJhbGciOiJIUzI1NiIsInR5cCI6IkpXVCJ9.eyJkYXRhYmFzZSI6InVuaXNoYW5vaSIsInVzZXJuYW1lIjoiZHZjaHV5ZW5AdW5pc2hhbm9pLm9yZyIsImZpbGVfcGsiOjMyNTgwNiwidGFibGVfbmFtZSI6IlBlcnNvbiIsInJlY29yZF9mayI6NDAwOTUsImV4cCI6MTc3MzUzMTAwMH0=.lpu-tNj5mFrNwuVeVrpwlGb-5RbMUtjRqFcCGMh4FyI=&transform=true
40951,https://files2.veracross.com/unishanoi/legacy_files/325093?auth=eyJhbGciOiJIUzI1NiIsInR5cCI6IkpXVCJ9.eyJkYXRhYmFzZSI6InVuaXNoYW5vaSIsInVzZXJuYW1lIjoiZHZjaHV5ZW5AdW5pc2hhbm9pLm9yZyIsImZpbGVfcGsiOjMyNTA5MywidGFibGVfbmFtZSI6IlBlcnNvbiIsInJlY29yZF9mayI6NDA5NTEsImV4cCI6MTc3MzUzMTAwMH0=.5kbxOm3unSvkfYwB3sLpCwwpsFlLNY-NdPK2iSD5j8Q=&transform=true
40964,https://files2.veracross.com/unishanoi/legacy_files/325334?auth=eyJhbGciOiJIUzI1NiIsInR5cCI6IkpXVCJ9.eyJkYXRhYmFzZSI6InVuaXNoYW5vaSIsInVzZXJuYW1lIjoiZHZjaHV5ZW5AdW5pc2hhbm9pLm9yZyIsImZpbGVfcGsiOjMyNTMzNCwidGFibGVfbmFtZSI6IlBlcnNvbiIsInJlY29yZF9mayI6NDA5NjQsImV4cCI6MTc3MzUzMTAwMH0=.c-wLYAt66tWLTowfhfgKHWjmRRHuEUCILWTumPUMsXI=&transform=true
40966,https://files2.veracross.com/unishanoi/legacy_files/325380?auth=eyJhbGciOiJIUzI1NiIsInR5cCI6IkpXVCJ9.eyJkYXRhYmFzZSI6InVuaXNoYW5vaSIsInVzZXJuYW1lIjoiZHZjaHV5ZW5AdW5pc2hhbm9pLm9yZyIsImZpbGVfcGsiOjMyNTM4MCwidGFibGVfbmFtZSI6IlBlcnNvbiIsInJlY29yZF9mayI6NDA5NjYsImV4cCI6MTc3MzUzMTAwMH0=.0OdPNXP57RNCou4D2XfFdlCI8gi8aqH1cIZUAK_M4hM=&transform=true
40977,https://files2.veracross.com/unishanoi/legacy_files/325467?auth=eyJhbGciOiJIUzI1NiIsInR5cCI6IkpXVCJ9.eyJkYXRhYmFzZSI6InVuaXNoYW5vaSIsInVzZXJuYW1lIjoiZHZjaHV5ZW5AdW5pc2hhbm9pLm9yZyIsImZpbGVfcGsiOjMyNTQ2NywidGFibGVfbmFtZSI6IlBlcnNvbiIsInJlY29yZF9mayI6NDA5NzcsImV4cCI6MTc3MzUzMTAwMH0=.QZiFoFPdWAdSR-5LIRCQkcBmucTMQe2iy8UI2gTQTWc=&transform=true
41057,https://files2.veracross.com/unishanoi/legacy_files/325187?auth=eyJhbGciOiJIUzI1NiIsInR5cCI6IkpXVCJ9.eyJkYXRhYmFzZSI6InVuaXNoYW5vaSIsInVzZXJuYW1lIjoiZHZjaHV5ZW5AdW5pc2hhbm9pLm9yZyIsImZpbGVfcGsiOjMyNTE4NywidGFibGVfbmFtZSI6IlBlcnNvbiIsInJlY29yZF9mayI6NDEwNTcsImV4cCI6MTc3MzUzMTAwMH0=.3GA8wrHyCETmJoV1AiyUulAIYXpnt7SMYk3ymOuRuhY=&transform=true
41100,https://files2.veracross.com/unishanoi/legacy_files/325591?auth=eyJhbGciOiJIUzI1NiIsInR5cCI6IkpXVCJ9.eyJkYXRhYmFzZSI6InVuaXNoYW5vaSIsInVzZXJuYW1lIjoiZHZjaHV5ZW5AdW5pc2hhbm9pLm9yZyIsImZpbGVfcGsiOjMyNTU5MSwidGFibGVfbmFtZSI6IlBlcnNvbiIsInJlY29yZF9mayI6NDExMDAsImV4cCI6MTc3MzUzMTAwMH0=.gLqIOfOCrKF0NLUGfPLc0m82RWTZu0jfDeR8vI_JLAU=&transform=true
41189,https://files2.veracross.com/unishanoi/legacy_files/325798?auth=eyJhbGciOiJIUzI1NiIsInR5cCI6IkpXVCJ9.eyJkYXRhYmFzZSI6InVuaXNoYW5vaSIsInVzZXJuYW1lIjoiZHZjaHV5ZW5AdW5pc2hhbm9pLm9yZyIsImZpbGVfcGsiOjMyNTc5OCwidGFibGVfbmFtZSI6IlBlcnNvbiIsInJlY29yZF9mayI6NDExODksImV4cCI6MTc3MzUzMTAwMH0=.eSZa80DCI8-RADE6OH3vIF1qE1dQdfe18ModL2HAsKc=&transform=true
41349,https://files2.veracross.com/unishanoi/legacy_files/325862?auth=eyJhbGciOiJIUzI1NiIsInR5cCI6IkpXVCJ9.eyJkYXRhYmFzZSI6InVuaXNoYW5vaSIsInVzZXJuYW1lIjoiZHZjaHV5ZW5AdW5pc2hhbm9pLm9yZyIsImZpbGVfcGsiOjMyNTg2MiwidGFibGVfbmFtZSI6IlBlcnNvbiIsInJlY29yZF9mayI6NDEzNDksImV4cCI6MTc3MzUzMTAwMH0=.ypalIRAZGV8kCgJUInP57BRABYcsfZEgWQv8IJBfj5s=&transform=true
43317,https://files2.veracross.com/unishanoi/legacy_files/325299?auth=eyJhbGciOiJIUzI1NiIsInR5cCI6IkpXVCJ9.eyJkYXRhYmFzZSI6InVuaXNoYW5vaSIsInVzZXJuYW1lIjoiZHZjaHV5ZW5AdW5pc2hhbm9pLm9yZyIsImZpbGVfcGsiOjMyNTI5OSwidGFibGVfbmFtZSI6IlBlcnNvbiIsInJlY29yZF9mayI6NDMzMTcsImV4cCI6MTc3MzUzMTAwMH0=.rBcYr4mNKTBrA04iWON-lS_fZTHVbP7PdS4UV9Lh3eQ=&transform=true
43344,https://files2.veracross.com/unishanoi/legacy_files/324999?auth=eyJhbGciOiJIUzI1NiIsInR5cCI6IkpXVCJ9.eyJkYXRhYmFzZSI6InVuaXNoYW5vaSIsInVzZXJuYW1lIjoiZHZjaHV5ZW5AdW5pc2hhbm9pLm9yZyIsImZpbGVfcGsiOjMyNDk5OSwidGFibGVfbmFtZSI6IlBlcnNvbiIsInJlY29yZF9mayI6NDMzNDQsImV4cCI6MTc3MzUzMTAwMH0=.bFmgEA0c3LnjnxSemKGDXB5Ql30jmWLKLIUJ2ReZGGw=&transform=true
43711,https://files2.veracross.com/unishanoi/legacy_files/325449?auth=eyJhbGciOiJIUzI1NiIsInR5cCI6IkpXVCJ9.eyJkYXRhYmFzZSI6InVuaXNoYW5vaSIsInVzZXJuYW1lIjoiZHZjaHV5ZW5AdW5pc2hhbm9pLm9yZyIsImZpbGVfcGsiOjMyNTQ0OSwidGFibGVfbmFtZSI6IlBlcnNvbiIsInJlY29yZF9mayI6NDM3MTEsImV4cCI6MTc3MzUzMTAwMH0=.7nOEPpfAIrvkPG3-8p4XwTUnazpsBjQ0TRJAsPMg0Us=&transform=true
43755,https://files2.veracross.com/unishanoi/legacy_files/325044?auth=eyJhbGciOiJIUzI1NiIsInR5cCI6IkpXVCJ9.eyJkYXRhYmFzZSI6InVuaXNoYW5vaSIsInVzZXJuYW1lIjoiZHZjaHV5ZW5AdW5pc2hhbm9pLm9yZyIsImZpbGVfcGsiOjMyNTA0NCwidGFibGVfbmFtZSI6IlBlcnNvbiIsInJlY29yZF9mayI6NDM3NTUsImV4cCI6MTc3MzUzMTAwMH0=.Xwkvn3s_kKrylcvCWfq-ncsXfQ1-Z2lMe9kD2BaD_j0=&transform=true
44091,https://files2.veracross.com/unishanoi/legacy_files/325457?auth=eyJhbGciOiJIUzI1NiIsInR5cCI6IkpXVCJ9.eyJkYXRhYmFzZSI6InVuaXNoYW5vaSIsInVzZXJuYW1lIjoiZHZjaHV5ZW5AdW5pc2hhbm9pLm9yZyIsImZpbGVfcGsiOjMyNTQ1NywidGFibGVfbmFtZSI6IlBlcnNvbiIsInJlY29yZF9mayI6NDQwOTEsImV4cCI6MTc3MzUzMTAwMH0=.-Rl8RY_EtcePmArXWAU0udUUVnt6lbPO1VNvX9Gc7Y8=&transform=true
44121,https://files2.veracross.com/unishanoi/legacy_files/329422?auth=eyJhbGciOiJIUzI1NiIsInR5cCI6IkpXVCJ9.eyJkYXRhYmFzZSI6InVuaXNoYW5vaSIsInVzZXJuYW1lIjoiZHZjaHV5ZW5AdW5pc2hhbm9pLm9yZyIsImZpbGVfcGsiOjMyOTQyMiwidGFibGVfbmFtZSI6IlBlcnNvbiIsInJlY29yZF9mayI6NDQxMjEsImV4cCI6MTc3MzUzMTAwMH0=.W3iEUaKD4KkmYAuj3XypAUKJkIEcErvYa74d4y7Jjeg=&transform=true
44129,https://files2.veracross.com/unishanoi/legacy_files/325071?auth=eyJhbGciOiJIUzI1NiIsInR5cCI6IkpXVCJ9.eyJkYXRhYmFzZSI6InVuaXNoYW5vaSIsInVzZXJuYW1lIjoiZHZjaHV5ZW5AdW5pc2hhbm9pLm9yZyIsImZpbGVfcGsiOjMyNTA3MSwidGFibGVfbmFtZSI6IlBlcnNvbiIsInJlY29yZF9mayI6NDQxMjksImV4cCI6MTc3MzUzMTAwMH0=.LySiifi-8ISH0r8ZHWBsA_Y1RQ-LVRCiY2egVcjC46E=&transform=true
44130,https://files2.veracross.com/unishanoi/legacy_files/325562?auth=eyJhbGciOiJIUzI1NiIsInR5cCI6IkpXVCJ9.eyJkYXRhYmFzZSI6InVuaXNoYW5vaSIsInVzZXJuYW1lIjoiZHZjaHV5ZW5AdW5pc2hhbm9pLm9yZyIsImZpbGVfcGsiOjMyNTU2MiwidGFibGVfbmFtZSI6IlBlcnNvbiIsInJlY29yZF9mayI6NDQxMzAsImV4cCI6MTc3MzUzMTAwMH0=.umLSdO6GxgUYogrMJNj9G3fOtTosIvXrtK52ldCH4Rc=&transform=true
44216,https://files2.veracross.com/unishanoi/legacy_files/324915?auth=eyJhbGciOiJIUzI1NiIsInR5cCI6IkpXVCJ9.eyJkYXRhYmFzZSI6InVuaXNoYW5vaSIsInVzZXJuYW1lIjoiZHZjaHV5ZW5AdW5pc2hhbm9pLm9yZyIsImZpbGVfcGsiOjMyNDkxNSwidGFibGVfbmFtZSI6IlBlcnNvbiIsInJlY29yZF9mayI6NDQyMTYsImV4cCI6MTc3MzUzMTAwMH0=.3Xqy_xemD07CcRW_8G3zXO-qkQs4BaFSw_EXd-xAsyw=&transform=true
44243,https://files2.veracross.com/unishanoi/legacy_files/325339?auth=eyJhbGciOiJIUzI1NiIsInR5cCI6IkpXVCJ9.eyJkYXRhYmFzZSI6InVuaXNoYW5vaSIsInVzZXJuYW1lIjoiZHZjaHV5ZW5AdW5pc2hhbm9pLm9yZyIsImZpbGVfcGsiOjMyNTMzOSwidGFibGVfbmFtZSI6IlBlcnNvbiIsInJlY29yZF9mayI6NDQyNDMsImV4cCI6MTc3MzUzMTAwMH0=.IO5BN_KagnXtd8fqdEcS89Kj_oeMQsLIMI8N3VAhHWQ=&transform=true
44346,https://files2.veracross.com/unishanoi/legacy_files/325773?auth=eyJhbGciOiJIUzI1NiIsInR5cCI6IkpXVCJ9.eyJkYXRhYmFzZSI6InVuaXNoYW5vaSIsInVzZXJuYW1lIjoiZHZjaHV5ZW5AdW5pc2hhbm9pLm9yZyIsImZpbGVfcGsiOjMyNTc3MywidGFibGVfbmFtZSI6IlBlcnNvbiIsInJlY29yZF9mayI6NDQzNDYsImV4cCI6MTc3MzUzMTAwMH0=.kQwizPPOVkNFu9Hvr6E3lx2m0qVZKsk4YmGh_OgGOys=&transform=true
44515,https://files2.veracross.com/unishanoi/legacy_files/325271?auth=eyJhbGciOiJIUzI1NiIsInR5cCI6IkpXVCJ9.eyJkYXRhYmFzZSI6InVuaXNoYW5vaSIsInVzZXJuYW1lIjoiZHZjaHV5ZW5AdW5pc2hhbm9pLm9yZyIsImZpbGVfcGsiOjMyNTI3MSwidGFibGVfbmFtZSI6IlBlcnNvbiIsInJlY29yZF9mayI6NDQ1MTUsImV4cCI6MTc3MzUzMTAwMH0=.rqV2jeRuLlLwqSjAxu7yxemls1g14uRnUGjAQmYZo-s=&transform=true
44662,https://files2.veracross.com/unishanoi/legacy_files/325248?auth=eyJhbGciOiJIUzI1NiIsInR5cCI6IkpXVCJ9.eyJkYXRhYmFzZSI6InVuaXNoYW5vaSIsInVzZXJuYW1lIjoiZHZjaHV5ZW5AdW5pc2hhbm9pLm9yZyIsImZpbGVfcGsiOjMyNTI0OCwidGFibGVfbmFtZSI6IlBlcnNvbiIsInJlY29yZF9mayI6NDQ2NjIsImV4cCI6MTc3MzUzMTAwMH0=.pbha2VsXj3XkVbm0bTI5idzSGExHBPsTkETAEUmjYRg=&transform=true
44734,https://files2.veracross.com/unishanoi/legacy_files/325455?auth=eyJhbGciOiJIUzI1NiIsInR5cCI6IkpXVCJ9.eyJkYXRhYmFzZSI6InVuaXNoYW5vaSIsInVzZXJuYW1lIjoiZHZjaHV5ZW5AdW5pc2hhbm9pLm9yZyIsImZpbGVfcGsiOjMyNTQ1NSwidGFibGVfbmFtZSI6IlBlcnNvbiIsInJlY29yZF9mayI6NDQ3MzQsImV4cCI6MTc3MzUzMTAwMH0=.Mmw1KcTkthnCeM2xdsuqXvr1KzJmwoAc8--kb6BZdxg=&transform=true
44747,https://files2.veracross.com/unishanoi/legacy_files/325729?auth=eyJhbGciOiJIUzI1NiIsInR5cCI6IkpXVCJ9.eyJkYXRhYmFzZSI6InVuaXNoYW5vaSIsInVzZXJuYW1lIjoiZHZjaHV5ZW5AdW5pc2hhbm9pLm9yZyIsImZpbGVfcGsiOjMyNTcyOSwidGFibGVfbmFtZSI6IlBlcnNvbiIsInJlY29yZF9mayI6NDQ3NDcsImV4cCI6MTc3MzUzMTAwMH0=.vR44bAbM2NiDBG2uhZ56UHRORmPeassQTQ6MTcFlMRQ=&transform=true
44766,https://files2.veracross.com/unishanoi/legacy_files/324921?auth=eyJhbGciOiJIUzI1NiIsInR5cCI6IkpXVCJ9.eyJkYXRhYmFzZSI6InVuaXNoYW5vaSIsInVzZXJuYW1lIjoiZHZjaHV5ZW5AdW5pc2hhbm9pLm9yZyIsImZpbGVfcGsiOjMyNDkyMSwidGFibGVfbmFtZSI6IlBlcnNvbiIsInJlY29yZF9mayI6NDQ3NjYsImV4cCI6MTc3MzUzMTAwMH0=.XUNDAeDKXzRtB1RAyBkslWMUAM8hZZf2fWm5_jdOX40=&transform=true
44958,https://files2.veracross.com/unishanoi/legacy_files/325736?auth=eyJhbGciOiJIUzI1NiIsInR5cCI6IkpXVCJ9.eyJkYXRhYmFzZSI6InVuaXNoYW5vaSIsInVzZXJuYW1lIjoiZHZjaHV5ZW5AdW5pc2hhbm9pLm9yZyIsImZpbGVfcGsiOjMyNTczNiwidGFibGVfbmFtZSI6IlBlcnNvbiIsInJlY29yZF9mayI6NDQ5NTgsImV4cCI6MTc3MzUzMTAwMH0=.L3ER-vXjz7olq8tkz-NZjhtwbTlHvnpx7xF865oNX8k=&transform=true
45002,https://files2.veracross.com/unishanoi/legacy_files/325428?auth=eyJhbGciOiJIUzI1NiIsInR5cCI6IkpXVCJ9.eyJkYXRhYmFzZSI6InVuaXNoYW5vaSIsInVzZXJuYW1lIjoiZHZjaHV5ZW5AdW5pc2hhbm9pLm9yZyIsImZpbGVfcGsiOjMyNTQyOCwidGFibGVfbmFtZSI6IlBlcnNvbiIsInJlY29yZF9mayI6NDUwMDIsImV4cCI6MTc3MzUzMTAwMH0=.XhYYMNwqY_6w3JeNYKgG5dZBHRiQ66T2qhmK_Y64haY=&transform=true
45022,https://files2.veracross.com/unishanoi/legacy_files/325125?auth=eyJhbGciOiJIUzI1NiIsInR5cCI6IkpXVCJ9.eyJkYXRhYmFzZSI6InVuaXNoYW5vaSIsInVzZXJuYW1lIjoiZHZjaHV5ZW5AdW5pc2hhbm9pLm9yZyIsImZpbGVfcGsiOjMyNTEyNSwidGFibGVfbmFtZSI6IlBlcnNvbiIsInJlY29yZF9mayI6NDUwMjIsImV4cCI6MTc3MzUzMTAwMH0=.6Ivirfei1B00AR9fmRYZ8Iy9mmrVfEA3_yZcm4Bha_w=&transform=true
45023,https://files2.veracross.com/unishanoi/legacy_files/325150?auth=eyJhbGciOiJIUzI1NiIsInR5cCI6IkpXVCJ9.eyJkYXRhYmFzZSI6InVuaXNoYW5vaSIsInVzZXJuYW1lIjoiZHZjaHV5ZW5AdW5pc2hhbm9pLm9yZyIsImZpbGVfcGsiOjMyNTE1MCwidGFibGVfbmFtZSI6IlBlcnNvbiIsInJlY29yZF9mayI6NDUwMjMsImV4cCI6MTc3MzUzMTAwMH0=.Uz59JsTOEvw8edS1qzFd39NIdDlUjkUf1VLT4IkYycA=&transform=true
45099,https://files2.veracross.com/unishanoi/legacy_files/325814?auth=eyJhbGciOiJIUzI1NiIsInR5cCI6IkpXVCJ9.eyJkYXRhYmFzZSI6InVuaXNoYW5vaSIsInVzZXJuYW1lIjoiZHZjaHV5ZW5AdW5pc2hhbm9pLm9yZyIsImZpbGVfcGsiOjMyNTgxNCwidGFibGVfbmFtZSI6IlBlcnNvbiIsInJlY29yZF9mayI6NDUwOTksImV4cCI6MTc3MzUzMTAwMH0=.zsbu80erxkYuCRa0Y2DvdlvDQouZE6i4V9ZoQ23kOvs=&transform=true
45100,https://files2.veracross.com/unishanoi/legacy_files/329423?auth=eyJhbGciOiJIUzI1NiIsInR5cCI6IkpXVCJ9.eyJkYXRhYmFzZSI6InVuaXNoYW5vaSIsInVzZXJuYW1lIjoiZHZjaHV5ZW5AdW5pc2hhbm9pLm9yZyIsImZpbGVfcGsiOjMyOTQyMywidGFibGVfbmFtZSI6IlBlcnNvbiIsInJlY29yZF9mayI6NDUxMDAsImV4cCI6MTc3MzUzMTAwMH0=.WlTzweGr6ezuhnx643pRojfP1FIIPB0xAGZOyVbtsrI=&transform=true
45235,https://files2.veracross.com/unishanoi/legacy_files/325146?auth=eyJhbGciOiJIUzI1NiIsInR5cCI6IkpXVCJ9.eyJkYXRhYmFzZSI6InVuaXNoYW5vaSIsInVzZXJuYW1lIjoiZHZjaHV5ZW5AdW5pc2hhbm9pLm9yZyIsImZpbGVfcGsiOjMyNTE0NiwidGFibGVfbmFtZSI6IlBlcnNvbiIsInJlY29yZF9mayI6NDUyMzUsImV4cCI6MTc3MzUzMTAwMH0=.E4NdyCXDLhVXuMiqvAXOZ1WQ5aBojrPpua6aVtZvslQ=&transform=true
45265,https://files2.veracross.com/unishanoi/legacy_files/325838?auth=eyJhbGciOiJIUzI1NiIsInR5cCI6IkpXVCJ9.eyJkYXRhYmFzZSI6InVuaXNoYW5vaSIsInVzZXJuYW1lIjoiZHZjaHV5ZW5AdW5pc2hhbm9pLm9yZyIsImZpbGVfcGsiOjMyNTgzOCwidGFibGVfbmFtZSI6IlBlcnNvbiIsInJlY29yZF9mayI6NDUyNjUsImV4cCI6MTc3MzUzMTAwMH0=.prk3mo1F6U23AHybys0_6N0NOG5NwtI5nrKAiPKKaPs=&transform=true
45267,https://files2.veracross.com/unishanoi/legacy_files/325752?auth=eyJhbGciOiJIUzI1NiIsInR5cCI6IkpXVCJ9.eyJkYXRhYmFzZSI6InVuaXNoYW5vaSIsInVzZXJuYW1lIjoiZHZjaHV5ZW5AdW5pc2hhbm9pLm9yZyIsImZpbGVfcGsiOjMyNTc1MiwidGFibGVfbmFtZSI6IlBlcnNvbiIsInJlY29yZF9mayI6NDUyNjcsImV4cCI6MTc3MzUzMTAwMH0=.09x2UkWvQO3wCnI30mNN9sIpIK7ATta3NxzKKsGi664=&transform=true
45268,https://files2.veracross.com/unishanoi/legacy_files/324818?auth=eyJhbGciOiJIUzI1NiIsInR5cCI6IkpXVCJ9.eyJkYXRhYmFzZSI6InVuaXNoYW5vaSIsInVzZXJuYW1lIjoiZHZjaHV5ZW5AdW5pc2hhbm9pLm9yZyIsImZpbGVfcGsiOjMyNDgxOCwidGFibGVfbmFtZSI6IlBlcnNvbiIsInJlY29yZF9mayI6NDUyNjgsImV4cCI6MTc3MzUzMTAwMH0=.K3iM5m5E12VtRcOrZuSthNBLNac3stj-HvPNLyZKMko=&transform=true
45337,https://files2.veracross.com/unishanoi/legacy_files/324868?auth=eyJhbGciOiJIUzI1NiIsInR5cCI6IkpXVCJ9.eyJkYXRhYmFzZSI6InVuaXNoYW5vaSIsInVzZXJuYW1lIjoiZHZjaHV5ZW5AdW5pc2hhbm9pLm9yZyIsImZpbGVfcGsiOjMyNDg2OCwidGFibGVfbmFtZSI6IlBlcnNvbiIsInJlY29yZF9mayI6NDUzMzcsImV4cCI6MTc3MzUzMTAwMH0=.cljLI1fOCP3R4mjlSQizQGgR7HAWd2BfJXcqI4mOtHY=&transform=true
45354,https://files2.veracross.com/unishanoi/legacy_files/325111?auth=eyJhbGciOiJIUzI1NiIsInR5cCI6IkpXVCJ9.eyJkYXRhYmFzZSI6InVuaXNoYW5vaSIsInVzZXJuYW1lIjoiZHZjaHV5ZW5AdW5pc2hhbm9pLm9yZyIsImZpbGVfcGsiOjMyNTExMSwidGFibGVfbmFtZSI6IlBlcnNvbiIsInJlY29yZF9mayI6NDUzNTQsImV4cCI6MTc3MzUzMTAwMH0=.8sFQ0na7c6OZ4MP_pfqFbHjSOK8EbggMi6Tz2HOHbMs=&transform=true
45517,https://files2.veracross.com/unishanoi/legacy_files/325834?auth=eyJhbGciOiJIUzI1NiIsInR5cCI6IkpXVCJ9.eyJkYXRhYmFzZSI6InVuaXNoYW5vaSIsInVzZXJuYW1lIjoiZHZjaHV5ZW5AdW5pc2hhbm9pLm9yZyIsImZpbGVfcGsiOjMyNTgzNCwidGFibGVfbmFtZSI6IlBlcnNvbiIsInJlY29yZF9mayI6NDU1MTcsImV4cCI6MTc3MzUzMTAwMH0=.my5C1w1oNx72lknH5_jkoie3yaGGeZMCqZKG_h3rKrc=&transform=true
45598,https://files2.veracross.com/unishanoi/legacy_files/325402?auth=eyJhbGciOiJIUzI1NiIsInR5cCI6IkpXVCJ9.eyJkYXRhYmFzZSI6InVuaXNoYW5vaSIsInVzZXJuYW1lIjoiZHZjaHV5ZW5AdW5pc2hhbm9pLm9yZyIsImZpbGVfcGsiOjMyNTQwMiwidGFibGVfbmFtZSI6IlBlcnNvbiIsInJlY29yZF9mayI6NDU1OTgsImV4cCI6MTc3MzUzMTAwMH0=.ZtmJJPOCneA31upO9-ftWU34y9AaspzxoM9YKRTw7l4=&transform=true
45600,https://files2.veracross.com/unishanoi/legacy_files/325460?auth=eyJhbGciOiJIUzI1NiIsInR5cCI6IkpXVCJ9.eyJkYXRhYmFzZSI6InVuaXNoYW5vaSIsInVzZXJuYW1lIjoiZHZjaHV5ZW5AdW5pc2hhbm9pLm9yZyIsImZpbGVfcGsiOjMyNTQ2MCwidGFibGVfbmFtZSI6IlBlcnNvbiIsInJlY29yZF9mayI6NDU2MDAsImV4cCI6MTc3MzUzMTAwMH0=.QQt0WQV1w50r9fgZTjKSO9LTEGl-j6kwMiwf-szUthM=&transform=true
45717,https://files2.veracross.com/unishanoi/legacy_files/325746?auth=eyJhbGciOiJIUzI1NiIsInR5cCI6IkpXVCJ9.eyJkYXRhYmFzZSI6InVuaXNoYW5vaSIsInVzZXJuYW1lIjoiZHZjaHV5ZW5AdW5pc2hhbm9pLm9yZyIsImZpbGVfcGsiOjMyNTc0NiwidGFibGVfbmFtZSI6IlBlcnNvbiIsInJlY29yZF9mayI6NDU3MTcsImV4cCI6MTc3MzUzMTAwMH0=.CGImXeQFhpJyYO3kT0BCxVJ_2X8uiDWQUBo9VBUEBi8=&transform=true
45787,https://files2.veracross.com/unishanoi/legacy_files/325130?auth=eyJhbGciOiJIUzI1NiIsInR5cCI6IkpXVCJ9.eyJkYXRhYmFzZSI6InVuaXNoYW5vaSIsInVzZXJuYW1lIjoiZHZjaHV5ZW5AdW5pc2hhbm9pLm9yZyIsImZpbGVfcGsiOjMyNTEzMCwidGFibGVfbmFtZSI6IlBlcnNvbiIsInJlY29yZF9mayI6NDU3ODcsImV4cCI6MTc3MzUzMTAwMH0=.Vnb1l3B5YYxVGdCI-M4FGMCu9tJdeA1RtWxYLRzAFqg=&transform=true
45839,https://files2.veracross.com/unishanoi/legacy_files/325236?auth=eyJhbGciOiJIUzI1NiIsInR5cCI6IkpXVCJ9.eyJkYXRhYmFzZSI6InVuaXNoYW5vaSIsInVzZXJuYW1lIjoiZHZjaHV5ZW5AdW5pc2hhbm9pLm9yZyIsImZpbGVfcGsiOjMyNTIzNiwidGFibGVfbmFtZSI6IlBlcnNvbiIsInJlY29yZF9mayI6NDU4MzksImV4cCI6MTc3MzUzMTAwMH0=.RKsXZ1fGNUz7403FaSo2ms_3M3MnPnO9ImqSAocb7Uc=&transform=true
45875,https://files2.veracross.com/unishanoi/legacy_files/324907?auth=eyJhbGciOiJIUzI1NiIsInR5cCI6IkpXVCJ9.eyJkYXRhYmFzZSI6InVuaXNoYW5vaSIsInVzZXJuYW1lIjoiZHZjaHV5ZW5AdW5pc2hhbm9pLm9yZyIsImZpbGVfcGsiOjMyNDkwNywidGFibGVfbmFtZSI6IlBlcnNvbiIsInJlY29yZF9mayI6NDU4NzUsImV4cCI6MTc3MzUzMTAwMH0=.m3Ds-bSumPKDxZ3xfdlSagiC0gEHDNOgNMZEc2tgv30=&transform=true
45884,https://files2.veracross.com/unishanoi/legacy_files/325803?auth=eyJhbGciOiJIUzI1NiIsInR5cCI6IkpXVCJ9.eyJkYXRhYmFzZSI6InVuaXNoYW5vaSIsInVzZXJuYW1lIjoiZHZjaHV5ZW5AdW5pc2hhbm9pLm9yZyIsImZpbGVfcGsiOjMyNTgwMywidGFibGVfbmFtZSI6IlBlcnNvbiIsInJlY29yZF9mayI6NDU4ODQsImV4cCI6MTc3MzUzMTAwMH0=.5SzlzQ-ZkpF6aJIX0uGFbiqU3MbxQlfYeO-_YbERUNc=&transform=true
45932,https://files2.veracross.com/unishanoi/legacy_files/325842?auth=eyJhbGciOiJIUzI1NiIsInR5cCI6IkpXVCJ9.eyJkYXRhYmFzZSI6InVuaXNoYW5vaSIsInVzZXJuYW1lIjoiZHZjaHV5ZW5AdW5pc2hhbm9pLm9yZyIsImZpbGVfcGsiOjMyNTg0MiwidGFibGVfbmFtZSI6IlBlcnNvbiIsInJlY29yZF9mayI6NDU5MzIsImV4cCI6MTc3MzUzMTAwMH0=.WXwS9Bc9OSw2n7TPjydYNOTvzuT9fkerZhXc7geo6js=&transform=true
45973,https://files2.veracross.com/unishanoi/legacy_files/325201?auth=eyJhbGciOiJIUzI1NiIsInR5cCI6IkpXVCJ9.eyJkYXRhYmFzZSI6InVuaXNoYW5vaSIsInVzZXJuYW1lIjoiZHZjaHV5ZW5AdW5pc2hhbm9pLm9yZyIsImZpbGVfcGsiOjMyNTIwMSwidGFibGVfbmFtZSI6IlBlcnNvbiIsInJlY29yZF9mayI6NDU5NzMsImV4cCI6MTc3MzUzMTAwMH0=.mNGuNOk9_eooykhLFQhDHzsGRgOmteR1_2vjIqmyowg=&transform=true
45990,https://files2.veracross.com/unishanoi/legacy_files/325470?auth=eyJhbGciOiJIUzI1NiIsInR5cCI6IkpXVCJ9.eyJkYXRhYmFzZSI6InVuaXNoYW5vaSIsInVzZXJuYW1lIjoiZHZjaHV5ZW5AdW5pc2hhbm9pLm9yZyIsImZpbGVfcGsiOjMyNTQ3MCwidGFibGVfbmFtZSI6IlBlcnNvbiIsInJlY29yZF9mayI6NDU5OTAsImV4cCI6MTc3MzUzMTAwMH0=.LvmiFZ9jyzWaINlg0hWdRClbJlOfRX1M77-8xrucPFY=&transform=true
46010,https://files2.veracross.com/unishanoi/legacy_files/324887?auth=eyJhbGciOiJIUzI1NiIsInR5cCI6IkpXVCJ9.eyJkYXRhYmFzZSI6InVuaXNoYW5vaSIsInVzZXJuYW1lIjoiZHZjaHV5ZW5AdW5pc2hhbm9pLm9yZyIsImZpbGVfcGsiOjMyNDg4NywidGFibGVfbmFtZSI6IlBlcnNvbiIsInJlY29yZF9mayI6NDYwMTAsImV4cCI6MTc3MzUzMTAwMH0=.bZ73MAMI5QqntfKGRJeEf746pu0jbc45Y37RYeumJUo=&transform=true
46125,https://files2.veracross.com/unishanoi/legacy_files/325281?auth=eyJhbGciOiJIUzI1NiIsInR5cCI6IkpXVCJ9.eyJkYXRhYmFzZSI6InVuaXNoYW5vaSIsInVzZXJuYW1lIjoiZHZjaHV5ZW5AdW5pc2hhbm9pLm9yZyIsImZpbGVfcGsiOjMyNTI4MSwidGFibGVfbmFtZSI6IlBlcnNvbiIsInJlY29yZF9mayI6NDYxMjUsImV4cCI6MTc3MzUzMTAwMH0=.Mny5BO-3buL--S4LCdpd9r3TaLQ8sr5Eb_zZwiMW7VU=&transform=true
46160,https://files2.veracross.com/unishanoi/legacy_files/324982?auth=eyJhbGciOiJIUzI1NiIsInR5cCI6IkpXVCJ9.eyJkYXRhYmFzZSI6InVuaXNoYW5vaSIsInVzZXJuYW1lIjoiZHZjaHV5ZW5AdW5pc2hhbm9pLm9yZyIsImZpbGVfcGsiOjMyNDk4MiwidGFibGVfbmFtZSI6IlBlcnNvbiIsInJlY29yZF9mayI6NDYxNjAsImV4cCI6MTc3MzUzMTAwMH0=.ECvWbH_48T0E5LD5U9NZnF1u9KWw_1E1KPIMRqTG7KM=&transform=true
46161,https://files2.veracross.com/unishanoi/legacy_files/324928?auth=eyJhbGciOiJIUzI1NiIsInR5cCI6IkpXVCJ9.eyJkYXRhYmFzZSI6InVuaXNoYW5vaSIsInVzZXJuYW1lIjoiZHZjaHV5ZW5AdW5pc2hhbm9pLm9yZyIsImZpbGVfcGsiOjMyNDkyOCwidGFibGVfbmFtZSI6IlBlcnNvbiIsInJlY29yZF9mayI6NDYxNjEsImV4cCI6MTc3MzUzMTAwMH0=.Ky8TsftlPFxbYN9Ga7G56swD-dqy5xf9o-w3eRP4TCw=&transform=true
46179,https://files2.veracross.com/unishanoi/legacy_files/325658?auth=eyJhbGciOiJIUzI1NiIsInR5cCI6IkpXVCJ9.eyJkYXRhYmFzZSI6InVuaXNoYW5vaSIsInVzZXJuYW1lIjoiZHZjaHV5ZW5AdW5pc2hhbm9pLm9yZyIsImZpbGVfcGsiOjMyNTY1OCwidGFibGVfbmFtZSI6IlBlcnNvbiIsInJlY29yZF9mayI6NDYxNzksImV4cCI6MTc3MzUzMTAwMH0=.ynV5kw-1_zJD4L0WrFhD0QHKormJY3HR3F1fsqNu3bc=&transform=true
46254,https://files2.veracross.com/unishanoi/legacy_files/325494?auth=eyJhbGciOiJIUzI1NiIsInR5cCI6IkpXVCJ9.eyJkYXRhYmFzZSI6InVuaXNoYW5vaSIsInVzZXJuYW1lIjoiZHZjaHV5ZW5AdW5pc2hhbm9pLm9yZyIsImZpbGVfcGsiOjMyNTQ5NCwidGFibGVfbmFtZSI6IlBlcnNvbiIsInJlY29yZF9mayI6NDYyNTQsImV4cCI6MTc3MzUzMTAwMH0=.uHB5oNVGcGTLX_XfR05S-IdfR5AXNsYWiPYI1Oi3Jws=&transform=true
46285,https://files2.veracross.com/unishanoi/legacy_files/325326?auth=eyJhbGciOiJIUzI1NiIsInR5cCI6IkpXVCJ9.eyJkYXRhYmFzZSI6InVuaXNoYW5vaSIsInVzZXJuYW1lIjoiZHZjaHV5ZW5AdW5pc2hhbm9pLm9yZyIsImZpbGVfcGsiOjMyNTMyNiwidGFibGVfbmFtZSI6IlBlcnNvbiIsInJlY29yZF9mayI6NDYyODUsImV4cCI6MTc3MzUzMTAwMH0=.hYAOr3GljbKHU-mXPO6XQxhavXeNDyq4rZEgQBMYKqs=&transform=true
46317,https://files2.veracross.com/unishanoi/legacy_files/325233?auth=eyJhbGciOiJIUzI1NiIsInR5cCI6IkpXVCJ9.eyJkYXRhYmFzZSI6InVuaXNoYW5vaSIsInVzZXJuYW1lIjoiZHZjaHV5ZW5AdW5pc2hhbm9pLm9yZyIsImZpbGVfcGsiOjMyNTIzMywidGFibGVfbmFtZSI6IlBlcnNvbiIsInJlY29yZF9mayI6NDYzMTcsImV4cCI6MTc3MzUzMTAwMH0=.QG2ZD8R-6UDQF3GIRPba1Mf_xnRowBAC0meTdxWHsSE=&transform=true
46354,https://files2.veracross.com/unishanoi/legacy_files/325860?auth=eyJhbGciOiJIUzI1NiIsInR5cCI6IkpXVCJ9.eyJkYXRhYmFzZSI6InVuaXNoYW5vaSIsInVzZXJuYW1lIjoiZHZjaHV5ZW5AdW5pc2hhbm9pLm9yZyIsImZpbGVfcGsiOjMyNTg2MCwidGFibGVfbmFtZSI6IlBlcnNvbiIsInJlY29yZF9mayI6NDYzNTQsImV4cCI6MTc3MzUzMTAwMH0=.43YThM4NS6_doLt-EnKHGr8QcV_eG2vvi8jZZo4aG5A=&transform=true
47091,https://files2.veracross.com/unishanoi/legacy_files/324842?auth=eyJhbGciOiJIUzI1NiIsInR5cCI6IkpXVCJ9.eyJkYXRhYmFzZSI6InVuaXNoYW5vaSIsInVzZXJuYW1lIjoiZHZjaHV5ZW5AdW5pc2hhbm9pLm9yZyIsImZpbGVfcGsiOjMyNDg0MiwidGFibGVfbmFtZSI6IlBlcnNvbiIsInJlY29yZF9mayI6NDcwOTEsImV4cCI6MTc3MzUzMTAwMH0=.aoaYjdP-IVYGVEJOg1YnIGailLRJOgReuR92lF1YIe0=&transform=true
47543,https://files2.veracross.com/unishanoi/legacy_files/325110?auth=eyJhbGciOiJIUzI1NiIsInR5cCI6IkpXVCJ9.eyJkYXRhYmFzZSI6InVuaXNoYW5vaSIsInVzZXJuYW1lIjoiZHZjaHV5ZW5AdW5pc2hhbm9pLm9yZyIsImZpbGVfcGsiOjMyNTExMCwidGFibGVfbmFtZSI6IlBlcnNvbiIsInJlY29yZF9mayI6NDc1NDMsImV4cCI6MTc3MzUzMTAwMH0=.RgdoOuSZee6_un7BV65QPYOkv0cVt4cCekJPmqcXpZE=&transform=true
47568,https://files2.veracross.com/unishanoi/legacy_files/325049?auth=eyJhbGciOiJIUzI1NiIsInR5cCI6IkpXVCJ9.eyJkYXRhYmFzZSI6InVuaXNoYW5vaSIsInVzZXJuYW1lIjoiZHZjaHV5ZW5AdW5pc2hhbm9pLm9yZyIsImZpbGVfcGsiOjMyNTA0OSwidGFibGVfbmFtZSI6IlBlcnNvbiIsInJlY29yZF9mayI6NDc1NjgsImV4cCI6MTc3MzUzMTAwMH0=.1OKrQqUTWYtkTKzQGz6a3LygayBWuUfpeb4KsdgBiiw=&transform=true
47571,https://files2.veracross.com/unishanoi/legacy_files/325590?auth=eyJhbGciOiJIUzI1NiIsInR5cCI6IkpXVCJ9.eyJkYXRhYmFzZSI6InVuaXNoYW5vaSIsInVzZXJuYW1lIjoiZHZjaHV5ZW5AdW5pc2hhbm9pLm9yZyIsImZpbGVfcGsiOjMyNTU5MCwidGFibGVfbmFtZSI6IlBlcnNvbiIsInJlY29yZF9mayI6NDc1NzEsImV4cCI6MTc3MzUzMTAwMH0=.hLcOPimFRJo9AT1sLiMUPPxWVUNm3jz1YSRptkQ-s9A=&transform=true
47582,https://files2.veracross.com/unishanoi/legacy_files/325101?auth=eyJhbGciOiJIUzI1NiIsInR5cCI6IkpXVCJ9.eyJkYXRhYmFzZSI6InVuaXNoYW5vaSIsInVzZXJuYW1lIjoiZHZjaHV5ZW5AdW5pc2hhbm9pLm9yZyIsImZpbGVfcGsiOjMyNTEwMSwidGFibGVfbmFtZSI6IlBlcnNvbiIsInJlY29yZF9mayI6NDc1ODIsImV4cCI6MTc3MzUzMTAwMH0=.Y81JPmLVrTd91UwFyGFlNTO-6XrlFwTIzI5rkOrTng4=&transform=true
47661,https://files2.veracross.com/unishanoi/legacy_files/325639?auth=eyJhbGciOiJIUzI1NiIsInR5cCI6IkpXVCJ9.eyJkYXRhYmFzZSI6InVuaXNoYW5vaSIsInVzZXJuYW1lIjoiZHZjaHV5ZW5AdW5pc2hhbm9pLm9yZyIsImZpbGVfcGsiOjMyNTYzOSwidGFibGVfbmFtZSI6IlBlcnNvbiIsInJlY29yZF9mayI6NDc2NjEsImV4cCI6MTc3MzUzMTAwMH0=.Lxiz97uxv7uR_7fqRKm-1oUJAanajQW9lbFsYvEwXhM=&transform=true
47794,https://files2.veracross.com/unishanoi/legacy_files/325091?auth=eyJhbGciOiJIUzI1NiIsInR5cCI6IkpXVCJ9.eyJkYXRhYmFzZSI6InVuaXNoYW5vaSIsInVzZXJuYW1lIjoiZHZjaHV5ZW5AdW5pc2hhbm9pLm9yZyIsImZpbGVfcGsiOjMyNTA5MSwidGFibGVfbmFtZSI6IlBlcnNvbiIsInJlY29yZF9mayI6NDc3OTQsImV4cCI6MTc3MzUzMTAwMH0=.JlFwKwvA1zQl6MZ-7XAvEJMknv5WYLtFOXtnm_Xhx5Q=&transform=true
47800,https://files2.veracross.com/unishanoi/legacy_files/325243?auth=eyJhbGciOiJIUzI1NiIsInR5cCI6IkpXVCJ9.eyJkYXRhYmFzZSI6InVuaXNoYW5vaSIsInVzZXJuYW1lIjoiZHZjaHV5ZW5AdW5pc2hhbm9pLm9yZyIsImZpbGVfcGsiOjMyNTI0MywidGFibGVfbmFtZSI6IlBlcnNvbiIsInJlY29yZF9mayI6NDc4MDAsImV4cCI6MTc3MzUzMTAwMH0=.AatcNEllSgvLMSPwsaUx7r-xv4XdgWTW_IQZgbG0ehg=&transform=true
47815,https://files2.veracross.com/unishanoi/legacy_files/325261?auth=eyJhbGciOiJIUzI1NiIsInR5cCI6IkpXVCJ9.eyJkYXRhYmFzZSI6InVuaXNoYW5vaSIsInVzZXJuYW1lIjoiZHZjaHV5ZW5AdW5pc2hhbm9pLm9yZyIsImZpbGVfcGsiOjMyNTI2MSwidGFibGVfbmFtZSI6IlBlcnNvbiIsInJlY29yZF9mayI6NDc4MTUsImV4cCI6MTc3MzUzMTAwMH0=.1S2zcnLJmRIq_COHU1o9BqjCT6RlPqIONX8-9SwavXU=&transform=true
47835,https://files2.veracross.com/unishanoi/legacy_files/325549?auth=eyJhbGciOiJIUzI1NiIsInR5cCI6IkpXVCJ9.eyJkYXRhYmFzZSI6InVuaXNoYW5vaSIsInVzZXJuYW1lIjoiZHZjaHV5ZW5AdW5pc2hhbm9pLm9yZyIsImZpbGVfcGsiOjMyNTU0OSwidGFibGVfbmFtZSI6IlBlcnNvbiIsInJlY29yZF9mayI6NDc4MzUsImV4cCI6MTc3MzUzMTAwMH0=.dLz7sEYN7k1FLCN3NxL_iTqP1cTuWbF3yj_G__ehxdQ=&transform=true
47838,https://files2.veracross.com/unishanoi/legacy_files/325082?auth=eyJhbGciOiJIUzI1NiIsInR5cCI6IkpXVCJ9.eyJkYXRhYmFzZSI6InVuaXNoYW5vaSIsInVzZXJuYW1lIjoiZHZjaHV5ZW5AdW5pc2hhbm9pLm9yZyIsImZpbGVfcGsiOjMyNTA4MiwidGFibGVfbmFtZSI6IlBlcnNvbiIsInJlY29yZF9mayI6NDc4MzgsImV4cCI6MTc3MzUzMTAwMH0=.pUExxNrKi-jXOTS30Xkqwn70fbUMSbk6hfpactAOPMc=&transform=true
47904,https://files2.veracross.com/unishanoi/legacy_files/324908?auth=eyJhbGciOiJIUzI1NiIsInR5cCI6IkpXVCJ9.eyJkYXRhYmFzZSI6InVuaXNoYW5vaSIsInVzZXJuYW1lIjoiZHZjaHV5ZW5AdW5pc2hhbm9pLm9yZyIsImZpbGVfcGsiOjMyNDkwOCwidGFibGVfbmFtZSI6IlBlcnNvbiIsInJlY29yZF9mayI6NDc5MDQsImV4cCI6MTc3MzUzMTAwMH0=.NP0PGrILSCYHaSldGfeAppyn7YyXmqI-RjUnq94mZLo=&transform=true
47923,https://files2.veracross.com/unishanoi/legacy_files/325853?auth=eyJhbGciOiJIUzI1NiIsInR5cCI6IkpXVCJ9.eyJkYXRhYmFzZSI6InVuaXNoYW5vaSIsInVzZXJuYW1lIjoiZHZjaHV5ZW5AdW5pc2hhbm9pLm9yZyIsImZpbGVfcGsiOjMyNTg1MywidGFibGVfbmFtZSI6IlBlcnNvbiIsInJlY29yZF9mayI6NDc5MjMsImV4cCI6MTc3MzUzMTAwMH0=.fQRr3Bs4i0uzlDuMYEARTMzq4Fz5VoF_pClAtV34yp0=&transform=true
47964,https://files2.veracross.com/unishanoi/legacy_files/325096?auth=eyJhbGciOiJIUzI1NiIsInR5cCI6IkpXVCJ9.eyJkYXRhYmFzZSI6InVuaXNoYW5vaSIsInVzZXJuYW1lIjoiZHZjaHV5ZW5AdW5pc2hhbm9pLm9yZyIsImZpbGVfcGsiOjMyNTA5NiwidGFibGVfbmFtZSI6IlBlcnNvbiIsInJlY29yZF9mayI6NDc5NjQsImV4cCI6MTc3MzUzMTAwMH0=.DgNpm93K3U9tW4CI5qQxak66ZGFNt2c_ezzRXBmb20o=&transform=true
47980,https://files2.veracross.com/unishanoi/legacy_files/325504?auth=eyJhbGciOiJIUzI1NiIsInR5cCI6IkpXVCJ9.eyJkYXRhYmFzZSI6InVuaXNoYW5vaSIsInVzZXJuYW1lIjoiZHZjaHV5ZW5AdW5pc2hhbm9pLm9yZyIsImZpbGVfcGsiOjMyNTUwNCwidGFibGVfbmFtZSI6IlBlcnNvbiIsInJlY29yZF9mayI6NDc5ODAsImV4cCI6MTc3MzUzMTAwMH0=.Mtaw4tQMOnei0JcC32DidhImDEdvgRQwthBkaSqvbSA=&transform=true
47999,https://files2.veracross.com/unishanoi/legacy_files/325121?auth=eyJhbGciOiJIUzI1NiIsInR5cCI6IkpXVCJ9.eyJkYXRhYmFzZSI6InVuaXNoYW5vaSIsInVzZXJuYW1lIjoiZHZjaHV5ZW5AdW5pc2hhbm9pLm9yZyIsImZpbGVfcGsiOjMyNTEyMSwidGFibGVfbmFtZSI6IlBlcnNvbiIsInJlY29yZF9mayI6NDc5OTksImV4cCI6MTc3MzUzMTAwMH0=.flkOpJmoCSbDoBJZpQdvArmmVDZLxp0kjD3-G_pG3yc=&transform=true
48020,https://files2.veracross.com/unishanoi/legacy_files/325691?auth=eyJhbGciOiJIUzI1NiIsInR5cCI6IkpXVCJ9.eyJkYXRhYmFzZSI6InVuaXNoYW5vaSIsInVzZXJuYW1lIjoiZHZjaHV5ZW5AdW5pc2hhbm9pLm9yZyIsImZpbGVfcGsiOjMyNTY5MSwidGFibGVfbmFtZSI6IlBlcnNvbiIsInJlY29yZF9mayI6NDgwMjAsImV4cCI6MTc3MzUzMTAwMH0=.yMB3evLJk8_EtTpXaLYIERfLjtO33lD53VdmaHOCCB4=&transform=true
48056,https://files2.veracross.com/unishanoi/legacy_files/325417?auth=eyJhbGciOiJIUzI1NiIsInR5cCI6IkpXVCJ9.eyJkYXRhYmFzZSI6InVuaXNoYW5vaSIsInVzZXJuYW1lIjoiZHZjaHV5ZW5AdW5pc2hhbm9pLm9yZyIsImZpbGVfcGsiOjMyNTQxNywidGFibGVfbmFtZSI6IlBlcnNvbiIsInJlY29yZF9mayI6NDgwNTYsImV4cCI6MTc3MzUzMTAwMH0=.f4BE361suB37yMYcZ9fDE2AFs8Mo4fnxe2Esw2auW0w=&transform=true
48063,https://files2.veracross.com/unishanoi/legacy_files/325144?auth=eyJhbGciOiJIUzI1NiIsInR5cCI6IkpXVCJ9.eyJkYXRhYmFzZSI6InVuaXNoYW5vaSIsInVzZXJuYW1lIjoiZHZjaHV5ZW5AdW5pc2hhbm9pLm9yZyIsImZpbGVfcGsiOjMyNTE0NCwidGFibGVfbmFtZSI6IlBlcnNvbiIsInJlY29yZF9mayI6NDgwNjMsImV4cCI6MTc3MzUzMTAwMH0=.VVQUrT-BXVdSCjq2c3XbXWG6xpot9HD9F3XBZK5rcI8=&transform=true
48066,https://files2.veracross.com/unishanoi/legacy_files/325197?auth=eyJhbGciOiJIUzI1NiIsInR5cCI6IkpXVCJ9.eyJkYXRhYmFzZSI6InVuaXNoYW5vaSIsInVzZXJuYW1lIjoiZHZjaHV5ZW5AdW5pc2hhbm9pLm9yZyIsImZpbGVfcGsiOjMyNTE5NywidGFibGVfbmFtZSI6IlBlcnNvbiIsInJlY29yZF9mayI6NDgwNjYsImV4cCI6MTc3MzUzMTAwMH0=._WnHDpa_sSZDEyShMIRIbpeAjbdhYwYnUAbuDs9NRf4=&transform=true
48073,https://files2.veracross.com/unishanoi/legacy_files/325185?auth=eyJhbGciOiJIUzI1NiIsInR5cCI6IkpXVCJ9.eyJkYXRhYmFzZSI6InVuaXNoYW5vaSIsInVzZXJuYW1lIjoiZHZjaHV5ZW5AdW5pc2hhbm9pLm9yZyIsImZpbGVfcGsiOjMyNTE4NSwidGFibGVfbmFtZSI6IlBlcnNvbiIsInJlY29yZF9mayI6NDgwNzMsImV4cCI6MTc3MzUzMTAwMH0=.AEbRkGw2Y40dy5BuhBHEotQC_XZMgqhuCfb01F1yMps=&transform=true
48105,https://files2.veracross.com/unishanoi/legacy_files/325278?auth=eyJhbGciOiJIUzI1NiIsInR5cCI6IkpXVCJ9.eyJkYXRhYmFzZSI6InVuaXNoYW5vaSIsInVzZXJuYW1lIjoiZHZjaHV5ZW5AdW5pc2hhbm9pLm9yZyIsImZpbGVfcGsiOjMyNTI3OCwidGFibGVfbmFtZSI6IlBlcnNvbiIsInJlY29yZF9mayI6NDgxMDUsImV4cCI6MTc3MzUzMTAwMH0=.Ov34tFF8omOAMgTKgXyp3LbOUo1PZX4JPrI-1pVQjyg=&transform=true
48125,https://files2.veracross.com/unishanoi/legacy_files/325528?auth=eyJhbGciOiJIUzI1NiIsInR5cCI6IkpXVCJ9.eyJkYXRhYmFzZSI6InVuaXNoYW5vaSIsInVzZXJuYW1lIjoiZHZjaHV5ZW5AdW5pc2hhbm9pLm9yZyIsImZpbGVfcGsiOjMyNTUyOCwidGFibGVfbmFtZSI6IlBlcnNvbiIsInJlY29yZF9mayI6NDgxMjUsImV4cCI6MTc3MzUzMTAwMH0=.PR4D4H10E8faIgu2n6K9e6gycJ73zSjht71wE-q1TyI=&transform=true
48147,https://files2.veracross.com/unishanoi/legacy_files/325873?auth=eyJhbGciOiJIUzI1NiIsInR5cCI6IkpXVCJ9.eyJkYXRhYmFzZSI6InVuaXNoYW5vaSIsInVzZXJuYW1lIjoiZHZjaHV5ZW5AdW5pc2hhbm9pLm9yZyIsImZpbGVfcGsiOjMyNTg3MywidGFibGVfbmFtZSI6IlBlcnNvbiIsInJlY29yZF9mayI6NDgxNDcsImV4cCI6MTc3MzUzMTAwMH0=.blMBRv1ELHzOKFhq_pK4vihpr2-VdBlZtKmBFultz6Y=&transform=true
48159,https://files2.veracross.com/unishanoi/legacy_files/324983?auth=eyJhbGciOiJIUzI1NiIsInR5cCI6IkpXVCJ9.eyJkYXRhYmFzZSI6InVuaXNoYW5vaSIsInVzZXJuYW1lIjoiZHZjaHV5ZW5AdW5pc2hhbm9pLm9yZyIsImZpbGVfcGsiOjMyNDk4MywidGFibGVfbmFtZSI6IlBlcnNvbiIsInJlY29yZF9mayI6NDgxNTksImV4cCI6MTc3MzUzMTAwMH0=.dInTxti7Mf-PAyN8aOiIJ-f1xANzANNTkNGsr1qBsl0=&transform=true
48214,https://files2.veracross.com/unishanoi/legacy_files/324815?auth=eyJhbGciOiJIUzI1NiIsInR5cCI6IkpXVCJ9.eyJkYXRhYmFzZSI6InVuaXNoYW5vaSIsInVzZXJuYW1lIjoiZHZjaHV5ZW5AdW5pc2hhbm9pLm9yZyIsImZpbGVfcGsiOjMyNDgxNSwidGFibGVfbmFtZSI6IlBlcnNvbiIsInJlY29yZF9mayI6NDgyMTQsImV4cCI6MTc3MzUzMTAwMH0=.1WRJCzMGmtrpyDq-ots5k_CkYBJ-SRzMZaWcDinhdSI=&transform=true
48246,https://files2.veracross.com/unishanoi/legacy_files/325572?auth=eyJhbGciOiJIUzI1NiIsInR5cCI6IkpXVCJ9.eyJkYXRhYmFzZSI6InVuaXNoYW5vaSIsInVzZXJuYW1lIjoiZHZjaHV5ZW5AdW5pc2hhbm9pLm9yZyIsImZpbGVfcGsiOjMyNTU3MiwidGFibGVfbmFtZSI6IlBlcnNvbiIsInJlY29yZF9mayI6NDgyNDYsImV4cCI6MTc3MzUzMTAwMH0=.aTJXrw5R15atXHUWbuEqTa22CwBqSrio121OZLdvwUk=&transform=true
48282,https://files2.veracross.com/unishanoi/legacy_files/325390?auth=eyJhbGciOiJIUzI1NiIsInR5cCI6IkpXVCJ9.eyJkYXRhYmFzZSI6InVuaXNoYW5vaSIsInVzZXJuYW1lIjoiZHZjaHV5ZW5AdW5pc2hhbm9pLm9yZyIsImZpbGVfcGsiOjMyNTM5MCwidGFibGVfbmFtZSI6IlBlcnNvbiIsInJlY29yZF9mayI6NDgyODIsImV4cCI6MTc3MzUzMTAwMH0=.NWTVqYIUd_oTiGa9FuS5pWSJsmjFMXdv_aBLNT5_ask=&transform=true
48333,https://files2.veracross.com/unishanoi/legacy_files/325539?auth=eyJhbGciOiJIUzI1NiIsInR5cCI6IkpXVCJ9.eyJkYXRhYmFzZSI6InVuaXNoYW5vaSIsInVzZXJuYW1lIjoiZHZjaHV5ZW5AdW5pc2hhbm9pLm9yZyIsImZpbGVfcGsiOjMyNTUzOSwidGFibGVfbmFtZSI6IlBlcnNvbiIsInJlY29yZF9mayI6NDgzMzMsImV4cCI6MTc3MzUzMTAwMH0=.UuTN9UITsqr3-VvRsTgmFwTsWsEQbxV4jH1TFzM8fi0=&transform=true
48358,https://files2.veracross.com/unishanoi/legacy_files/325033?auth=eyJhbGciOiJIUzI1NiIsInR5cCI6IkpXVCJ9.eyJkYXRhYmFzZSI6InVuaXNoYW5vaSIsInVzZXJuYW1lIjoiZHZjaHV5ZW5AdW5pc2hhbm9pLm9yZyIsImZpbGVfcGsiOjMyNTAzMywidGFibGVfbmFtZSI6IlBlcnNvbiIsInJlY29yZF9mayI6NDgzNTgsImV4cCI6MTc3MzUzMTAwMH0=.fBbxW5vLZwQNAhfdYlHocGP3Aq5LuE9zccoViyPCq9U=&transform=true
48361,https://files2.veracross.com/unishanoi/legacy_files/324847?auth=eyJhbGciOiJIUzI1NiIsInR5cCI6IkpXVCJ9.eyJkYXRhYmFzZSI6InVuaXNoYW5vaSIsInVzZXJuYW1lIjoiZHZjaHV5ZW5AdW5pc2hhbm9pLm9yZyIsImZpbGVfcGsiOjMyNDg0NywidGFibGVfbmFtZSI6IlBlcnNvbiIsInJlY29yZF9mayI6NDgzNjEsImV4cCI6MTc3MzUzMTAwMH0=.ET2v2anPogjdgByG-zlKw5UkfPmeNJH9zr5jZiNdT-Y=&transform=true
48391,https://files2.veracross.com/unishanoi/legacy_files/325779?auth=eyJhbGciOiJIUzI1NiIsInR5cCI6IkpXVCJ9.eyJkYXRhYmFzZSI6InVuaXNoYW5vaSIsInVzZXJuYW1lIjoiZHZjaHV5ZW5AdW5pc2hhbm9pLm9yZyIsImZpbGVfcGsiOjMyNTc3OSwidGFibGVfbmFtZSI6IlBlcnNvbiIsInJlY29yZF9mayI6NDgzOTEsImV4cCI6MTc3MzUzMTAwMH0=.2mBnh8VVOGdcNnJUqzPDSCRJesP_IniGosCMmbTbNsg=&transform=true
48406,https://files2.veracross.com/unishanoi/legacy_files/324811?auth=eyJhbGciOiJIUzI1NiIsInR5cCI6IkpXVCJ9.eyJkYXRhYmFzZSI6InVuaXNoYW5vaSIsInVzZXJuYW1lIjoiZHZjaHV5ZW5AdW5pc2hhbm9pLm9yZyIsImZpbGVfcGsiOjMyNDgxMSwidGFibGVfbmFtZSI6IlBlcnNvbiIsInJlY29yZF9mayI6NDg0MDYsImV4cCI6MTc3MzUzMTAwMH0=.-AElIgOSdrbZUR949zv1f0_q3OQ4bB5MxV2Y_Y4n-Jk=&transform=true
48407,https://files2.veracross.com/unishanoi/legacy_files/324848?auth=eyJhbGciOiJIUzI1NiIsInR5cCI6IkpXVCJ9.eyJkYXRhYmFzZSI6InVuaXNoYW5vaSIsInVzZXJuYW1lIjoiZHZjaHV5ZW5AdW5pc2hhbm9pLm9yZyIsImZpbGVfcGsiOjMyNDg0OCwidGFibGVfbmFtZSI6IlBlcnNvbiIsInJlY29yZF9mayI6NDg0MDcsImV4cCI6MTc3MzUzMTAwMH0=.Qs3XNiPRA2BKGlo_mHnxfeyIm2vxxlhE6ktFYKwo5fE=&transform=true
48408,https://files2.veracross.com/unishanoi/legacy_files/325781?auth=eyJhbGciOiJIUzI1NiIsInR5cCI6IkpXVCJ9.eyJkYXRhYmFzZSI6InVuaXNoYW5vaSIsInVzZXJuYW1lIjoiZHZjaHV5ZW5AdW5pc2hhbm9pLm9yZyIsImZpbGVfcGsiOjMyNTc4MSwidGFibGVfbmFtZSI6IlBlcnNvbiIsInJlY29yZF9mayI6NDg0MDgsImV4cCI6MTc3MzUzMTAwMH0=.Kiw7fRXltRYb7rD41NIGzyry1CP440t_mx_B5H3HZS8=&transform=true
48570,https://files2.veracross.com/unishanoi/legacy_files/324901?auth=eyJhbGciOiJIUzI1NiIsInR5cCI6IkpXVCJ9.eyJkYXRhYmFzZSI6InVuaXNoYW5vaSIsInVzZXJuYW1lIjoiZHZjaHV5ZW5AdW5pc2hhbm9pLm9yZyIsImZpbGVfcGsiOjMyNDkwMSwidGFibGVfbmFtZSI6IlBlcnNvbiIsInJlY29yZF9mayI6NDg1NzAsImV4cCI6MTc3MzUzMTAwMH0=.j1vBL4s7701i2ZB3T-bwwCwKr467XI_VzVHHP3quQpc=&transform=true
48571,https://files2.veracross.com/unishanoi/legacy_files/324880?auth=eyJhbGciOiJIUzI1NiIsInR5cCI6IkpXVCJ9.eyJkYXRhYmFzZSI6InVuaXNoYW5vaSIsInVzZXJuYW1lIjoiZHZjaHV5ZW5AdW5pc2hhbm9pLm9yZyIsImZpbGVfcGsiOjMyNDg4MCwidGFibGVfbmFtZSI6IlBlcnNvbiIsInJlY29yZF9mayI6NDg1NzEsImV4cCI6MTc3MzUzMTAwMH0=.w2Tz7pVsWMknGQ8vr8vrTE5rXxVhHfoz7L1pTBu3b88=&transform=true
48635,https://files2.veracross.com/unishanoi/legacy_files/325877?auth=eyJhbGciOiJIUzI1NiIsInR5cCI6IkpXVCJ9.eyJkYXRhYmFzZSI6InVuaXNoYW5vaSIsInVzZXJuYW1lIjoiZHZjaHV5ZW5AdW5pc2hhbm9pLm9yZyIsImZpbGVfcGsiOjMyNTg3NywidGFibGVfbmFtZSI6IlBlcnNvbiIsInJlY29yZF9mayI6NDg2MzUsImV4cCI6MTc3MzUzMTAwMH0=.5WqQiYEw_QQYzlCFiVz6wshkH_aM7NPkMNxf4BKTU0A=&transform=true
48664,https://files2.veracross.com/unishanoi/legacy_files/325108?auth=eyJhbGciOiJIUzI1NiIsInR5cCI6IkpXVCJ9.eyJkYXRhYmFzZSI6InVuaXNoYW5vaSIsInVzZXJuYW1lIjoiZHZjaHV5ZW5AdW5pc2hhbm9pLm9yZyIsImZpbGVfcGsiOjMyNTEwOCwidGFibGVfbmFtZSI6IlBlcnNvbiIsInJlY29yZF9mayI6NDg2NjQsImV4cCI6MTc3MzUzMTAwMH0=.-1GnPX9lopfg8xOmEDW8L3dJnQbyOk_ge8jko4d6WLY=&transform=true
48726,https://files2.veracross.com/unishanoi/legacy_files/325302?auth=eyJhbGciOiJIUzI1NiIsInR5cCI6IkpXVCJ9.eyJkYXRhYmFzZSI6InVuaXNoYW5vaSIsInVzZXJuYW1lIjoiZHZjaHV5ZW5AdW5pc2hhbm9pLm9yZyIsImZpbGVfcGsiOjMyNTMwMiwidGFibGVfbmFtZSI6IlBlcnNvbiIsInJlY29yZF9mayI6NDg3MjYsImV4cCI6MTc3MzUzMTAwMH0=.9sI9LLRY_W4Lvcf4SHADaHdvLzwefUSXGPWrFA1AXEQ=&transform=true
48789,https://files2.veracross.com/unishanoi/legacy_files/324958?auth=eyJhbGciOiJIUzI1NiIsInR5cCI6IkpXVCJ9.eyJkYXRhYmFzZSI6InVuaXNoYW5vaSIsInVzZXJuYW1lIjoiZHZjaHV5ZW5AdW5pc2hhbm9pLm9yZyIsImZpbGVfcGsiOjMyNDk1OCwidGFibGVfbmFtZSI6IlBlcnNvbiIsInJlY29yZF9mayI6NDg3ODksImV4cCI6MTc3MzUzMTAwMH0=.GWsl7ibVyfFDZZNyTXGIaRLmMy1NeeMxFLDsiA1QXRw=&transform=true
48835,https://files2.veracross.com/unishanoi/legacy_files/324918?auth=eyJhbGciOiJIUzI1NiIsInR5cCI6IkpXVCJ9.eyJkYXRhYmFzZSI6InVuaXNoYW5vaSIsInVzZXJuYW1lIjoiZHZjaHV5ZW5AdW5pc2hhbm9pLm9yZyIsImZpbGVfcGsiOjMyNDkxOCwidGFibGVfbmFtZSI6IlBlcnNvbiIsInJlY29yZF9mayI6NDg4MzUsImV4cCI6MTc3MzUzMTAwMH0=.1hAE2Gw_f22BvNdXu1_ueC5EfARBOG5ON5R_AYYSljQ=&transform=true
48889,https://files2.veracross.com/unishanoi/legacy_files/325365?auth=eyJhbGciOiJIUzI1NiIsInR5cCI6IkpXVCJ9.eyJkYXRhYmFzZSI6InVuaXNoYW5vaSIsInVzZXJuYW1lIjoiZHZjaHV5ZW5AdW5pc2hhbm9pLm9yZyIsImZpbGVfcGsiOjMyNTM2NSwidGFibGVfbmFtZSI6IlBlcnNvbiIsInJlY29yZF9mayI6NDg4ODksImV4cCI6MTc3MzUzMTAwMH0=.aBlVyVUw7fQ_FpZ3f6W0GJ8Nofwe6kIxbr4dLqMVYlQ=&transform=true
48892,https://files2.veracross.com/unishanoi/legacy_files/325228?auth=eyJhbGciOiJIUzI1NiIsInR5cCI6IkpXVCJ9.eyJkYXRhYmFzZSI6InVuaXNoYW5vaSIsInVzZXJuYW1lIjoiZHZjaHV5ZW5AdW5pc2hhbm9pLm9yZyIsImZpbGVfcGsiOjMyNTIyOCwidGFibGVfbmFtZSI6IlBlcnNvbiIsInJlY29yZF9mayI6NDg4OTIsImV4cCI6MTc3MzUzMTAwMH0=.2MIURqXgrfBtlQ3K2FNsHCxDbtiVE0lc5hKPhcce9Zo=&transform=true
48896,https://files2.veracross.com/unishanoi/legacy_files/325106?auth=eyJhbGciOiJIUzI1NiIsInR5cCI6IkpXVCJ9.eyJkYXRhYmFzZSI6InVuaXNoYW5vaSIsInVzZXJuYW1lIjoiZHZjaHV5ZW5AdW5pc2hhbm9pLm9yZyIsImZpbGVfcGsiOjMyNTEwNiwidGFibGVfbmFtZSI6IlBlcnNvbiIsInJlY29yZF9mayI6NDg4OTYsImV4cCI6MTc3MzUzMTAwMH0=.RMSqvciyDKVzupgdC8G52Gq7kc0dnfjG_KEEBmcVnIs=&transform=true
49085,https://files2.veracross.com/unishanoi/legacy_files/325027?auth=eyJhbGciOiJIUzI1NiIsInR5cCI6IkpXVCJ9.eyJkYXRhYmFzZSI6InVuaXNoYW5vaSIsInVzZXJuYW1lIjoiZHZjaHV5ZW5AdW5pc2hhbm9pLm9yZyIsImZpbGVfcGsiOjMyNTAyNywidGFibGVfbmFtZSI6IlBlcnNvbiIsInJlY29yZF9mayI6NDkwODUsImV4cCI6MTc3MzUzMTAwMH0=.oBDxWSFEN0KeZcjvJmf7J1Vvukp-xgib48STDLd6pq8=&transform=true
49145,https://files2.veracross.com/unishanoi/legacy_files/334704?auth=eyJhbGciOiJIUzI1NiIsInR5cCI6IkpXVCJ9.eyJkYXRhYmFzZSI6InVuaXNoYW5vaSIsInVzZXJuYW1lIjoiZHZjaHV5ZW5AdW5pc2hhbm9pLm9yZyIsImZpbGVfcGsiOjMzNDcwNCwidGFibGVfbmFtZSI6IlBlcnNvbiIsInJlY29yZF9mayI6NDkxNDUsImV4cCI6MTc3MzUzMTAwMH0=.ZBxub7lZOxhcDu_CYrz0Ws-D_XKAXH63Qr_b5NsmWyI=&transform=true
49152,https://files2.veracross.com/unishanoi/legacy_files/325206?auth=eyJhbGciOiJIUzI1NiIsInR5cCI6IkpXVCJ9.eyJkYXRhYmFzZSI6InVuaXNoYW5vaSIsInVzZXJuYW1lIjoiZHZjaHV5ZW5AdW5pc2hhbm9pLm9yZyIsImZpbGVfcGsiOjMyNTIwNiwidGFibGVfbmFtZSI6IlBlcnNvbiIsInJlY29yZF9mayI6NDkxNTIsImV4cCI6MTc3MzUzMTAwMH0=.xLWxJCxbTM2tqE6MFc46VPB2pAp0Wa4KaZT0B8kAO20=&transform=true
49175,https://files2.veracross.com/unishanoi/legacy_files/325330?auth=eyJhbGciOiJIUzI1NiIsInR5cCI6IkpXVCJ9.eyJkYXRhYmFzZSI6InVuaXNoYW5vaSIsInVzZXJuYW1lIjoiZHZjaHV5ZW5AdW5pc2hhbm9pLm9yZyIsImZpbGVfcGsiOjMyNTMzMCwidGFibGVfbmFtZSI6IlBlcnNvbiIsInJlY29yZF9mayI6NDkxNzUsImV4cCI6MTc3MzUzMTAwMH0=.RwceO4bD06mH9fBQygDCU3MXvc1737Zv_juKdE4whUI=&transform=true
49220,https://files2.veracross.com/unishanoi/legacy_files/325107?auth=eyJhbGciOiJIUzI1NiIsInR5cCI6IkpXVCJ9.eyJkYXRhYmFzZSI6InVuaXNoYW5vaSIsInVzZXJuYW1lIjoiZHZjaHV5ZW5AdW5pc2hhbm9pLm9yZyIsImZpbGVfcGsiOjMyNTEwNywidGFibGVfbmFtZSI6IlBlcnNvbiIsInJlY29yZF9mayI6NDkyMjAsImV4cCI6MTc3MzUzMTAwMH0=.h0Xi-goIucMfOR2yDxIr_pBeYnVGqsdqHJZsZGzv2D0=&transform=true
49223,https://files2.veracross.com/unishanoi/legacy_files/325047?auth=eyJhbGciOiJIUzI1NiIsInR5cCI6IkpXVCJ9.eyJkYXRhYmFzZSI6InVuaXNoYW5vaSIsInVzZXJuYW1lIjoiZHZjaHV5ZW5AdW5pc2hhbm9pLm9yZyIsImZpbGVfcGsiOjMyNTA0NywidGFibGVfbmFtZSI6IlBlcnNvbiIsInJlY29yZF9mayI6NDkyMjMsImV4cCI6MTc3MzUzMTAwMH0=.ACPOYvpTQ5AAQO8zHRC-KWKiuuVZFO9wI_wTBU-gyEE=&transform=true
49329,https://files2.veracross.com/unishanoi/legacy_files/325622?auth=eyJhbGciOiJIUzI1NiIsInR5cCI6IkpXVCJ9.eyJkYXRhYmFzZSI6InVuaXNoYW5vaSIsInVzZXJuYW1lIjoiZHZjaHV5ZW5AdW5pc2hhbm9pLm9yZyIsImZpbGVfcGsiOjMyNTYyMiwidGFibGVfbmFtZSI6IlBlcnNvbiIsInJlY29yZF9mayI6NDkzMjksImV4cCI6MTc3MzUzMTAwMH0=.0QOQG8dm81bhT1ks4sLl4UxbYxBXCswlRsooiqdwsB4=&transform=true
49333,https://files2.veracross.com/unishanoi/legacy_files/324963?auth=eyJhbGciOiJIUzI1NiIsInR5cCI6IkpXVCJ9.eyJkYXRhYmFzZSI6InVuaXNoYW5vaSIsInVzZXJuYW1lIjoiZHZjaHV5ZW5AdW5pc2hhbm9pLm9yZyIsImZpbGVfcGsiOjMyNDk2MywidGFibGVfbmFtZSI6IlBlcnNvbiIsInJlY29yZF9mayI6NDkzMzMsImV4cCI6MTc3MzUzMTAwMH0=.E_VHd6huMtakyj5uvCtjyiyhDUyaZBJVLZIx0RZRfuU=&transform=true
49341,https://files2.veracross.com/unishanoi/legacy_files/325147?auth=eyJhbGciOiJIUzI1NiIsInR5cCI6IkpXVCJ9.eyJkYXRhYmFzZSI6InVuaXNoYW5vaSIsInVzZXJuYW1lIjoiZHZjaHV5ZW5AdW5pc2hhbm9pLm9yZyIsImZpbGVfcGsiOjMyNTE0NywidGFibGVfbmFtZSI6IlBlcnNvbiIsInJlY29yZF9mayI6NDkzNDEsImV4cCI6MTc3MzUzMTAwMH0=.VnAO_rwgOMYQSpo45DjCn77L1nuqStxDx-aVjHNBd6M=&transform=true
49353,https://files2.veracross.com/unishanoi/legacy_files/325256?auth=eyJhbGciOiJIUzI1NiIsInR5cCI6IkpXVCJ9.eyJkYXRhYmFzZSI6InVuaXNoYW5vaSIsInVzZXJuYW1lIjoiZHZjaHV5ZW5AdW5pc2hhbm9pLm9yZyIsImZpbGVfcGsiOjMyNTI1NiwidGFibGVfbmFtZSI6IlBlcnNvbiIsInJlY29yZF9mayI6NDkzNTMsImV4cCI6MTc3MzUzMTAwMH0=.YFoZ6Qd7hAD7Rwx0Ay4VQshGCosee-74Ivw1K0E79y8=&transform=true
49402,https://files2.veracross.com/unishanoi/legacy_files/325479?auth=eyJhbGciOiJIUzI1NiIsInR5cCI6IkpXVCJ9.eyJkYXRhYmFzZSI6InVuaXNoYW5vaSIsInVzZXJuYW1lIjoiZHZjaHV5ZW5AdW5pc2hhbm9pLm9yZyIsImZpbGVfcGsiOjMyNTQ3OSwidGFibGVfbmFtZSI6IlBlcnNvbiIsInJlY29yZF9mayI6NDk0MDIsImV4cCI6MTc3MzUzMTAwMH0=.Hqq037TRXd666KvjF--VaqWJrjMWjopxg1iWwm3quuw=&transform=true
49405,https://files2.veracross.com/unishanoi/legacy_files/325321?auth=eyJhbGciOiJIUzI1NiIsInR5cCI6IkpXVCJ9.eyJkYXRhYmFzZSI6InVuaXNoYW5vaSIsInVzZXJuYW1lIjoiZHZjaHV5ZW5AdW5pc2hhbm9pLm9yZyIsImZpbGVfcGsiOjMyNTMyMSwidGFibGVfbmFtZSI6IlBlcnNvbiIsInJlY29yZF9mayI6NDk0MDUsImV4cCI6MTc3MzUzMTAwMH0=.DHdgc4QHY6v5Se_CYrdxqYAKfqv83TBLHTfwJaVo-hY=&transform=true
49406,https://files2.veracross.com/unishanoi/legacy_files/325423?auth=eyJhbGciOiJIUzI1NiIsInR5cCI6IkpXVCJ9.eyJkYXRhYmFzZSI6InVuaXNoYW5vaSIsInVzZXJuYW1lIjoiZHZjaHV5ZW5AdW5pc2hhbm9pLm9yZyIsImZpbGVfcGsiOjMyNTQyMywidGFibGVfbmFtZSI6IlBlcnNvbiIsInJlY29yZF9mayI6NDk0MDYsImV4cCI6MTc3MzUzMTAwMH0=.lifJntlWRdtqJ91g1k9m4DNrJrK--fJ0Ol5hNjTDR3Q=&transform=true
49440,https://files2.veracross.com/unishanoi/legacy_files/324953?auth=eyJhbGciOiJIUzI1NiIsInR5cCI6IkpXVCJ9.eyJkYXRhYmFzZSI6InVuaXNoYW5vaSIsInVzZXJuYW1lIjoiZHZjaHV5ZW5AdW5pc2hhbm9pLm9yZyIsImZpbGVfcGsiOjMyNDk1MywidGFibGVfbmFtZSI6IlBlcnNvbiIsInJlY29yZF9mayI6NDk0NDAsImV4cCI6MTc3MzUzMTAwMH0=.nKvLaUYOCWCJZq2q3bNNeGPKC1FT4tgh9JduEwuyxkc=&transform=true
49452,https://files2.veracross.com/unishanoi/legacy_files/324819?auth=eyJhbGciOiJIUzI1NiIsInR5cCI6IkpXVCJ9.eyJkYXRhYmFzZSI6InVuaXNoYW5vaSIsInVzZXJuYW1lIjoiZHZjaHV5ZW5AdW5pc2hhbm9pLm9yZyIsImZpbGVfcGsiOjMyNDgxOSwidGFibGVfbmFtZSI6IlBlcnNvbiIsInJlY29yZF9mayI6NDk0NTIsImV4cCI6MTc3MzUzMTAwMH0=.RdMix9iMDQD7J2a99Qs44U66DzuWmugm5h1CMriA3Jg=&transform=true
49745,https://files2.veracross.com/unishanoi/legacy_files/325157?auth=eyJhbGciOiJIUzI1NiIsInR5cCI6IkpXVCJ9.eyJkYXRhYmFzZSI6InVuaXNoYW5vaSIsInVzZXJuYW1lIjoiZHZjaHV5ZW5AdW5pc2hhbm9pLm9yZyIsImZpbGVfcGsiOjMyNTE1NywidGFibGVfbmFtZSI6IlBlcnNvbiIsInJlY29yZF9mayI6NDk3NDUsImV4cCI6MTc3MzUzMTAwMH0=.pWzHN8VoLFuUkm1VNBgf08EK7qGuuHrgZ_rdNduw2Bo=&transform=true
50024,https://files2.veracross.com/unishanoi/legacy_files/325529?auth=eyJhbGciOiJIUzI1NiIsInR5cCI6IkpXVCJ9.eyJkYXRhYmFzZSI6InVuaXNoYW5vaSIsInVzZXJuYW1lIjoiZHZjaHV5ZW5AdW5pc2hhbm9pLm9yZyIsImZpbGVfcGsiOjMyNTUyOSwidGFibGVfbmFtZSI6IlBlcnNvbiIsInJlY29yZF9mayI6NTAwMjQsImV4cCI6MTc3MzUzMTAwMH0=.eeQYA-OUZZ9ki6Mfjdw2OP5HYfW5qDfLJoCsoiljzGQ=&transform=true
50045,https://files2.veracross.com/unishanoi/legacy_files/325789?auth=eyJhbGciOiJIUzI1NiIsInR5cCI6IkpXVCJ9.eyJkYXRhYmFzZSI6InVuaXNoYW5vaSIsInVzZXJuYW1lIjoiZHZjaHV5ZW5AdW5pc2hhbm9pLm9yZyIsImZpbGVfcGsiOjMyNTc4OSwidGFibGVfbmFtZSI6IlBlcnNvbiIsInJlY29yZF9mayI6NTAwNDUsImV4cCI6MTc3MzUzMTAwMH0=.FjlTWcQE17jN094bK-dOa6ynwfdRmCt7EZQdrlmP3XE=&transform=true
50257,https://files2.veracross.com/unishanoi/legacy_files/325665?auth=eyJhbGciOiJIUzI1NiIsInR5cCI6IkpXVCJ9.eyJkYXRhYmFzZSI6InVuaXNoYW5vaSIsInVzZXJuYW1lIjoiZHZjaHV5ZW5AdW5pc2hhbm9pLm9yZyIsImZpbGVfcGsiOjMyNTY2NSwidGFibGVfbmFtZSI6IlBlcnNvbiIsInJlY29yZF9mayI6NTAyNTcsImV4cCI6MTc3MzUzMTAwMH0=.xTr28oK2fdO5DLkg6sNZrG4x-M0B7iJpefOeX58ztK8=&transform=true
50289,https://files2.veracross.com/unishanoi/legacy_files/324875?auth=eyJhbGciOiJIUzI1NiIsInR5cCI6IkpXVCJ9.eyJkYXRhYmFzZSI6InVuaXNoYW5vaSIsInVzZXJuYW1lIjoiZHZjaHV5ZW5AdW5pc2hhbm9pLm9yZyIsImZpbGVfcGsiOjMyNDg3NSwidGFibGVfbmFtZSI6IlBlcnNvbiIsInJlY29yZF9mayI6NTAyODksImV4cCI6MTc3MzUzMTAwMH0=.7H-zIX32MuA2r4jNzzUhrS_c4LLcbsxqK62NIfMzVWk=&transform=true
50415,https://files2.veracross.com/unishanoi/legacy_files/325239?auth=eyJhbGciOiJIUzI1NiIsInR5cCI6IkpXVCJ9.eyJkYXRhYmFzZSI6InVuaXNoYW5vaSIsInVzZXJuYW1lIjoiZHZjaHV5ZW5AdW5pc2hhbm9pLm9yZyIsImZpbGVfcGsiOjMyNTIzOSwidGFibGVfbmFtZSI6IlBlcnNvbiIsInJlY29yZF9mayI6NTA0MTUsImV4cCI6MTc3MzUzMTAwMH0=.Co-Lr9RXthMXYnge1HPKHJIIUI4jygVWJbSVFHwuOsU=&transform=true
50422,https://files2.veracross.com/unishanoi/legacy_files/325498?auth=eyJhbGciOiJIUzI1NiIsInR5cCI6IkpXVCJ9.eyJkYXRhYmFzZSI6InVuaXNoYW5vaSIsInVzZXJuYW1lIjoiZHZjaHV5ZW5AdW5pc2hhbm9pLm9yZyIsImZpbGVfcGsiOjMyNTQ5OCwidGFibGVfbmFtZSI6IlBlcnNvbiIsInJlY29yZF9mayI6NTA0MjIsImV4cCI6MTc3MzUzMTAwMH0=.Apts6STyUs50sdp9FimydNv_Nx_V-JOUfSguUAgnQSg=&transform=true
50427,https://files2.veracross.com/unishanoi/legacy_files/325433?auth=eyJhbGciOiJIUzI1NiIsInR5cCI6IkpXVCJ9.eyJkYXRhYmFzZSI6InVuaXNoYW5vaSIsInVzZXJuYW1lIjoiZHZjaHV5ZW5AdW5pc2hhbm9pLm9yZyIsImZpbGVfcGsiOjMyNTQzMywidGFibGVfbmFtZSI6IlBlcnNvbiIsInJlY29yZF9mayI6NTA0MjcsImV4cCI6MTc3MzUzMTAwMH0=.QWG19MQQknxJtYIe6odL_WDQLwoGKb4heZG4TH9PY1w=&transform=true
50431,https://files2.veracross.com/unishanoi/legacy_files/325297?auth=eyJhbGciOiJIUzI1NiIsInR5cCI6IkpXVCJ9.eyJkYXRhYmFzZSI6InVuaXNoYW5vaSIsInVzZXJuYW1lIjoiZHZjaHV5ZW5AdW5pc2hhbm9pLm9yZyIsImZpbGVfcGsiOjMyNTI5NywidGFibGVfbmFtZSI6IlBlcnNvbiIsInJlY29yZF9mayI6NTA0MzEsImV4cCI6MTc3MzUzMTAwMH0=.oHFLTjUzqH5uqFixnTalkpgiDWUlShDhdO3mb5aqq8s=&transform=true
50435,https://files2.veracross.com/unishanoi/legacy_files/325570?auth=eyJhbGciOiJIUzI1NiIsInR5cCI6IkpXVCJ9.eyJkYXRhYmFzZSI6InVuaXNoYW5vaSIsInVzZXJuYW1lIjoiZHZjaHV5ZW5AdW5pc2hhbm9pLm9yZyIsImZpbGVfcGsiOjMyNTU3MCwidGFibGVfbmFtZSI6IlBlcnNvbiIsInJlY29yZF9mayI6NTA0MzUsImV4cCI6MTc3MzUzMTAwMH0=.PDT4gX9WWvpJ7cy_ZvX1Ta9fILr_CnBJlLyyVBk7YiE=&transform=true
50437,https://files2.veracross.com/unishanoi/legacy_files/325472?auth=eyJhbGciOiJIUzI1NiIsInR5cCI6IkpXVCJ9.eyJkYXRhYmFzZSI6InVuaXNoYW5vaSIsInVzZXJuYW1lIjoiZHZjaHV5ZW5AdW5pc2hhbm9pLm9yZyIsImZpbGVfcGsiOjMyNTQ3MiwidGFibGVfbmFtZSI6IlBlcnNvbiIsInJlY29yZF9mayI6NTA0MzcsImV4cCI6MTc3MzUzMTAwMH0=.iQw7dsLrfScWmjkMoRDI2wk4_WeAeP5UGwPz2wKm7Do=&transform=true
50438,https://files2.veracross.com/unishanoi/legacy_files/325064?auth=eyJhbGciOiJIUzI1NiIsInR5cCI6IkpXVCJ9.eyJkYXRhYmFzZSI6InVuaXNoYW5vaSIsInVzZXJuYW1lIjoiZHZjaHV5ZW5AdW5pc2hhbm9pLm9yZyIsImZpbGVfcGsiOjMyNTA2NCwidGFibGVfbmFtZSI6IlBlcnNvbiIsInJlY29yZF9mayI6NTA0MzgsImV4cCI6MTc3MzUzMTAwMH0=.6I6ft9CEKn2cl_6LONI-lnUWN8hB_VHCBiAwsUqzDtw=&transform=true
50458,https://files2.veracross.com/unishanoi/legacy_files/324881?auth=eyJhbGciOiJIUzI1NiIsInR5cCI6IkpXVCJ9.eyJkYXRhYmFzZSI6InVuaXNoYW5vaSIsInVzZXJuYW1lIjoiZHZjaHV5ZW5AdW5pc2hhbm9pLm9yZyIsImZpbGVfcGsiOjMyNDg4MSwidGFibGVfbmFtZSI6IlBlcnNvbiIsInJlY29yZF9mayI6NTA0NTgsImV4cCI6MTc3MzUzMTAwMH0=.9EY4Rx5H_vyWOTl0g2FvxjdbMbYE0tTXxQ6tEmity6w=&transform=true
50465,https://files2.veracross.com/unishanoi/legacy_files/324905?auth=eyJhbGciOiJIUzI1NiIsInR5cCI6IkpXVCJ9.eyJkYXRhYmFzZSI6InVuaXNoYW5vaSIsInVzZXJuYW1lIjoiZHZjaHV5ZW5AdW5pc2hhbm9pLm9yZyIsImZpbGVfcGsiOjMyNDkwNSwidGFibGVfbmFtZSI6IlBlcnNvbiIsInJlY29yZF9mayI6NTA0NjUsImV4cCI6MTc3MzUzMTAwMH0=.0tUN2BS9vJ0HBaR-qngrx9FgMoBCfE03G7REHbwOr1M=&transform=true
50483,https://files2.veracross.com/unishanoi/legacy_files/325750?auth=eyJhbGciOiJIUzI1NiIsInR5cCI6IkpXVCJ9.eyJkYXRhYmFzZSI6InVuaXNoYW5vaSIsInVzZXJuYW1lIjoiZHZjaHV5ZW5AdW5pc2hhbm9pLm9yZyIsImZpbGVfcGsiOjMyNTc1MCwidGFibGVfbmFtZSI6IlBlcnNvbiIsInJlY29yZF9mayI6NTA0ODMsImV4cCI6MTc3MzUzMTAwMH0=.cTMNdqFKNotU0vDCCxeafXsqdCz4yUaLH6LXyYQePrU=&transform=true
50484,https://files2.veracross.com/unishanoi/legacy_files/325638?auth=eyJhbGciOiJIUzI1NiIsInR5cCI6IkpXVCJ9.eyJkYXRhYmFzZSI6InVuaXNoYW5vaSIsInVzZXJuYW1lIjoiZHZjaHV5ZW5AdW5pc2hhbm9pLm9yZyIsImZpbGVfcGsiOjMyNTYzOCwidGFibGVfbmFtZSI6IlBlcnNvbiIsInJlY29yZF9mayI6NTA0ODQsImV4cCI6MTc3MzUzMTAwMH0=.agm24UURUsFOkLT5Wo0-XMHMFywlrRx5ZzVe4NkyCcw=&transform=true
50493,https://files2.veracross.com/unishanoi/legacy_files/325701?auth=eyJhbGciOiJIUzI1NiIsInR5cCI6IkpXVCJ9.eyJkYXRhYmFzZSI6InVuaXNoYW5vaSIsInVzZXJuYW1lIjoiZHZjaHV5ZW5AdW5pc2hhbm9pLm9yZyIsImZpbGVfcGsiOjMyNTcwMSwidGFibGVfbmFtZSI6IlBlcnNvbiIsInJlY29yZF9mayI6NTA0OTMsImV4cCI6MTc3MzUzMTAwMH0=.rTcP2rvVlLElPldkGTqEBvgIW0jfQCjM82mw_GcUG9w=&transform=true
50502,https://files2.veracross.com/unishanoi/legacy_files/324995?auth=eyJhbGciOiJIUzI1NiIsInR5cCI6IkpXVCJ9.eyJkYXRhYmFzZSI6InVuaXNoYW5vaSIsInVzZXJuYW1lIjoiZHZjaHV5ZW5AdW5pc2hhbm9pLm9yZyIsImZpbGVfcGsiOjMyNDk5NSwidGFibGVfbmFtZSI6IlBlcnNvbiIsInJlY29yZF9mayI6NTA1MDIsImV4cCI6MTc3MzUzMTAwMH0=.Y7qvhJ3Ioq0G8HM5pepJhus-vcTY7WWPsNN21HTYk7I=&transform=true
50519,https://files2.veracross.com/unishanoi/legacy_files/325670?auth=eyJhbGciOiJIUzI1NiIsInR5cCI6IkpXVCJ9.eyJkYXRhYmFzZSI6InVuaXNoYW5vaSIsInVzZXJuYW1lIjoiZHZjaHV5ZW5AdW5pc2hhbm9pLm9yZyIsImZpbGVfcGsiOjMyNTY3MCwidGFibGVfbmFtZSI6IlBlcnNvbiIsInJlY29yZF9mayI6NTA1MTksImV4cCI6MTc3MzUzMTAwMH0=.A5PgARm3Xc0vEPtD6l_Dt2LB1pvHz4t2Mg9pBYTXs5E=&transform=true
50523,https://files2.veracross.com/unishanoi/legacy_files/325802?auth=eyJhbGciOiJIUzI1NiIsInR5cCI6IkpXVCJ9.eyJkYXRhYmFzZSI6InVuaXNoYW5vaSIsInVzZXJuYW1lIjoiZHZjaHV5ZW5AdW5pc2hhbm9pLm9yZyIsImZpbGVfcGsiOjMyNTgwMiwidGFibGVfbmFtZSI6IlBlcnNvbiIsInJlY29yZF9mayI6NTA1MjMsImV4cCI6MTc3MzUzMTAwMH0=.3T8aEgq7xhMZAPStMGYIOFVFueBEZKBNgNt4OcHsBm8=&transform=true
50542,https://files2.veracross.com/unishanoi/legacy_files/325503?auth=eyJhbGciOiJIUzI1NiIsInR5cCI6IkpXVCJ9.eyJkYXRhYmFzZSI6InVuaXNoYW5vaSIsInVzZXJuYW1lIjoiZHZjaHV5ZW5AdW5pc2hhbm9pLm9yZyIsImZpbGVfcGsiOjMyNTUwMywidGFibGVfbmFtZSI6IlBlcnNvbiIsInJlY29yZF9mayI6NTA1NDIsImV4cCI6MTc3MzUzMTAwMH0=.KHpqd95IWa8_yX-Z-eysU5_eIMVphiIcl6dSRAy1v4U=&transform=true
50543,https://files2.veracross.com/unishanoi/legacy_files/325463?auth=eyJhbGciOiJIUzI1NiIsInR5cCI6IkpXVCJ9.eyJkYXRhYmFzZSI6InVuaXNoYW5vaSIsInVzZXJuYW1lIjoiZHZjaHV5ZW5AdW5pc2hhbm9pLm9yZyIsImZpbGVfcGsiOjMyNTQ2MywidGFibGVfbmFtZSI6IlBlcnNvbiIsInJlY29yZF9mayI6NTA1NDMsImV4cCI6MTc3MzUzMTAwMH0=.tF5J4cQ26OuGgGTOISLCKiTBbaZTRoWACPqn7ztgKlo=&transform=true
50553,https://files2.veracross.com/unishanoi/legacy_files/325440?auth=eyJhbGciOiJIUzI1NiIsInR5cCI6IkpXVCJ9.eyJkYXRhYmFzZSI6InVuaXNoYW5vaSIsInVzZXJuYW1lIjoiZHZjaHV5ZW5AdW5pc2hhbm9pLm9yZyIsImZpbGVfcGsiOjMyNTQ0MCwidGFibGVfbmFtZSI6IlBlcnNvbiIsInJlY29yZF9mayI6NTA1NTMsImV4cCI6MTc3MzUzMTAwMH0=.R_v39WItoR9yfhLydsjJveiG80XFkkutqPeb3Nod7us=&transform=true
50565,https://files2.veracross.com/unishanoi/legacy_files/325099?auth=eyJhbGciOiJIUzI1NiIsInR5cCI6IkpXVCJ9.eyJkYXRhYmFzZSI6InVuaXNoYW5vaSIsInVzZXJuYW1lIjoiZHZjaHV5ZW5AdW5pc2hhbm9pLm9yZyIsImZpbGVfcGsiOjMyNTA5OSwidGFibGVfbmFtZSI6IlBlcnNvbiIsInJlY29yZF9mayI6NTA1NjUsImV4cCI6MTc3MzUzMTAwMH0=.EWyGYcCESIbpPHwPzxlbSeAU1C9e1C3OHmoA6ThGJzw=&transform=true
50569,https://files2.veracross.com/unishanoi/legacy_files/325576?auth=eyJhbGciOiJIUzI1NiIsInR5cCI6IkpXVCJ9.eyJkYXRhYmFzZSI6InVuaXNoYW5vaSIsInVzZXJuYW1lIjoiZHZjaHV5ZW5AdW5pc2hhbm9pLm9yZyIsImZpbGVfcGsiOjMyNTU3NiwidGFibGVfbmFtZSI6IlBlcnNvbiIsInJlY29yZF9mayI6NTA1NjksImV4cCI6MTc3MzUzMTAwMH0=.2NaIr8QELmTPlaeepFC0Pw8jlIXP-sX1ZvBQvNUW1OU=&transform=true
50577,https://files2.veracross.com/unishanoi/legacy_files/325212?auth=eyJhbGciOiJIUzI1NiIsInR5cCI6IkpXVCJ9.eyJkYXRhYmFzZSI6InVuaXNoYW5vaSIsInVzZXJuYW1lIjoiZHZjaHV5ZW5AdW5pc2hhbm9pLm9yZyIsImZpbGVfcGsiOjMyNTIxMiwidGFibGVfbmFtZSI6IlBlcnNvbiIsInJlY29yZF9mayI6NTA1NzcsImV4cCI6MTc3MzUzMTAwMH0=.5mxRmEFyVRtC56LCBA6VJpNp8g2olRtB0nSqWXBZM90=&transform=true
50578,https://files2.veracross.com/unishanoi/legacy_files/325338?auth=eyJhbGciOiJIUzI1NiIsInR5cCI6IkpXVCJ9.eyJkYXRhYmFzZSI6InVuaXNoYW5vaSIsInVzZXJuYW1lIjoiZHZjaHV5ZW5AdW5pc2hhbm9pLm9yZyIsImZpbGVfcGsiOjMyNTMzOCwidGFibGVfbmFtZSI6IlBlcnNvbiIsInJlY29yZF9mayI6NTA1NzgsImV4cCI6MTc3MzUzMTAwMH0=.XmaLb2q-kMIw_3Lt0INXrIC0RWm-fMCjbbqj9mCeHr4=&transform=true
50599,https://files2.veracross.com/unishanoi/legacy_files/329426?auth=eyJhbGciOiJIUzI1NiIsInR5cCI6IkpXVCJ9.eyJkYXRhYmFzZSI6InVuaXNoYW5vaSIsInVzZXJuYW1lIjoiZHZjaHV5ZW5AdW5pc2hhbm9pLm9yZyIsImZpbGVfcGsiOjMyOTQyNiwidGFibGVfbmFtZSI6IlBlcnNvbiIsInJlY29yZF9mayI6NTA1OTksImV4cCI6MTc3MzUzMTAwMH0=.7CR2eeG0bbG8jcOYsIUi3s_3O4IXdZyvpao7BbnxkyU=&transform=true
50637,https://files2.veracross.com/unishanoi/legacy_files/325564?auth=eyJhbGciOiJIUzI1NiIsInR5cCI6IkpXVCJ9.eyJkYXRhYmFzZSI6InVuaXNoYW5vaSIsInVzZXJuYW1lIjoiZHZjaHV5ZW5AdW5pc2hhbm9pLm9yZyIsImZpbGVfcGsiOjMyNTU2NCwidGFibGVfbmFtZSI6IlBlcnNvbiIsInJlY29yZF9mayI6NTA2MzcsImV4cCI6MTc3MzUzMTAwMH0=.cDhEQDYnJJj9cCV43-NH_f9S7iYunxBev5Q8IYunxaY=&transform=true
50639,https://files2.veracross.com/unishanoi/legacy_files/325136?auth=eyJhbGciOiJIUzI1NiIsInR5cCI6IkpXVCJ9.eyJkYXRhYmFzZSI6InVuaXNoYW5vaSIsInVzZXJuYW1lIjoiZHZjaHV5ZW5AdW5pc2hhbm9pLm9yZyIsImZpbGVfcGsiOjMyNTEzNiwidGFibGVfbmFtZSI6IlBlcnNvbiIsInJlY29yZF9mayI6NTA2MzksImV4cCI6MTc3MzUzMTAwMH0=.09YOq4Kpal8-xmRkc3CgUfNqQIqVz4Nvw4tlwH_fY-8=&transform=true
50678,https://files2.veracross.com/unishanoi/legacy_files/325623?auth=eyJhbGciOiJIUzI1NiIsInR5cCI6IkpXVCJ9.eyJkYXRhYmFzZSI6InVuaXNoYW5vaSIsInVzZXJuYW1lIjoiZHZjaHV5ZW5AdW5pc2hhbm9pLm9yZyIsImZpbGVfcGsiOjMyNTYyMywidGFibGVfbmFtZSI6IlBlcnNvbiIsInJlY29yZF9mayI6NTA2NzgsImV4cCI6MTc3MzUzMTAwMH0=.0Z0sWpAh2OudyEHIXhutsdRvUFFa3T05USpRG8Mr0Lc=&transform=true
50679,https://files2.veracross.com/unishanoi/legacy_files/325634?auth=eyJhbGciOiJIUzI1NiIsInR5cCI6IkpXVCJ9.eyJkYXRhYmFzZSI6InVuaXNoYW5vaSIsInVzZXJuYW1lIjoiZHZjaHV5ZW5AdW5pc2hhbm9pLm9yZyIsImZpbGVfcGsiOjMyNTYzNCwidGFibGVfbmFtZSI6IlBlcnNvbiIsInJlY29yZF9mayI6NTA2NzksImV4cCI6MTc3MzUzMTAwMH0=.-L9SwthugST5QryyrNHh9MlBfwDX7K0_giD0DXwRR8A=&transform=true
50682,https://files2.veracross.com/unishanoi/legacy_files/325826?auth=eyJhbGciOiJIUzI1NiIsInR5cCI6IkpXVCJ9.eyJkYXRhYmFzZSI6InVuaXNoYW5vaSIsInVzZXJuYW1lIjoiZHZjaHV5ZW5AdW5pc2hhbm9pLm9yZyIsImZpbGVfcGsiOjMyNTgyNiwidGFibGVfbmFtZSI6IlBlcnNvbiIsInJlY29yZF9mayI6NTA2ODIsImV4cCI6MTc3MzUzMTAwMH0=.zAzuZTSfUm4BbfeImWm6Ao9JHIZ3-scAs0epQFGOTeM=&transform=true
50692,https://files2.veracross.com/unishanoi/legacy_files/325631?auth=eyJhbGciOiJIUzI1NiIsInR5cCI6IkpXVCJ9.eyJkYXRhYmFzZSI6InVuaXNoYW5vaSIsInVzZXJuYW1lIjoiZHZjaHV5ZW5AdW5pc2hhbm9pLm9yZyIsImZpbGVfcGsiOjMyNTYzMSwidGFibGVfbmFtZSI6IlBlcnNvbiIsInJlY29yZF9mayI6NTA2OTIsImV4cCI6MTc3MzUzMTAwMH0=.unRjGlUo7tv9J5uJkNgHaWci1NZ9j6L-kzZmKKCZaIs=&transform=true
50695,https://files2.veracross.com/unishanoi/legacy_files/325757?auth=eyJhbGciOiJIUzI1NiIsInR5cCI6IkpXVCJ9.eyJkYXRhYmFzZSI6InVuaXNoYW5vaSIsInVzZXJuYW1lIjoiZHZjaHV5ZW5AdW5pc2hhbm9pLm9yZyIsImZpbGVfcGsiOjMyNTc1NywidGFibGVfbmFtZSI6IlBlcnNvbiIsInJlY29yZF9mayI6NTA2OTUsImV4cCI6MTc3MzUzMTAwMH0=.GvHaxtfcYSkDUBrcdCUPSc7zxE1NM3Rp_xd6-Nz-W6s=&transform=true
50696,https://files2.veracross.com/unishanoi/legacy_files/325825?auth=eyJhbGciOiJIUzI1NiIsInR5cCI6IkpXVCJ9.eyJkYXRhYmFzZSI6InVuaXNoYW5vaSIsInVzZXJuYW1lIjoiZHZjaHV5ZW5AdW5pc2hhbm9pLm9yZyIsImZpbGVfcGsiOjMyNTgyNSwidGFibGVfbmFtZSI6IlBlcnNvbiIsInJlY29yZF9mayI6NTA2OTYsImV4cCI6MTc3MzUzMTAwMH0=.ImHU8LBGBEHv1xvlvwqcRZP0XsY8YQutX5KNEh7X54E=&transform=true
50705,https://files2.veracross.com/unishanoi/legacy_files/329427?auth=eyJhbGciOiJIUzI1NiIsInR5cCI6IkpXVCJ9.eyJkYXRhYmFzZSI6InVuaXNoYW5vaSIsInVzZXJuYW1lIjoiZHZjaHV5ZW5AdW5pc2hhbm9pLm9yZyIsImZpbGVfcGsiOjMyOTQyNywidGFibGVfbmFtZSI6IlBlcnNvbiIsInJlY29yZF9mayI6NTA3MDUsImV4cCI6MTc3MzUzMTAwMH0=.2eSYPnXbZaxHhXtiiV8Qnh5M2YBJdV3HEgizLqA0oeE=&transform=true
50720,https://files2.veracross.com/unishanoi/legacy_files/325872?auth=eyJhbGciOiJIUzI1NiIsInR5cCI6IkpXVCJ9.eyJkYXRhYmFzZSI6InVuaXNoYW5vaSIsInVzZXJuYW1lIjoiZHZjaHV5ZW5AdW5pc2hhbm9pLm9yZyIsImZpbGVfcGsiOjMyNTg3MiwidGFibGVfbmFtZSI6IlBlcnNvbiIsInJlY29yZF9mayI6NTA3MjAsImV4cCI6MTc3MzUzMTAwMH0=.5JNIdtHlu0kKqFrexwN9p1XYMOi3dwn04Ls3C-0btNU=&transform=true
50729,https://files2.veracross.com/unishanoi/legacy_files/325043?auth=eyJhbGciOiJIUzI1NiIsInR5cCI6IkpXVCJ9.eyJkYXRhYmFzZSI6InVuaXNoYW5vaSIsInVzZXJuYW1lIjoiZHZjaHV5ZW5AdW5pc2hhbm9pLm9yZyIsImZpbGVfcGsiOjMyNTA0MywidGFibGVfbmFtZSI6IlBlcnNvbiIsInJlY29yZF9mayI6NTA3MjksImV4cCI6MTc3MzUzMTAwMH0=.xR8ceDAJ_JsTXDNk3y-NTTZpymUwuAN2rcWl59jiN_M=&transform=true
50730,https://files2.veracross.com/unishanoi/legacy_files/325596?auth=eyJhbGciOiJIUzI1NiIsInR5cCI6IkpXVCJ9.eyJkYXRhYmFzZSI6InVuaXNoYW5vaSIsInVzZXJuYW1lIjoiZHZjaHV5ZW5AdW5pc2hhbm9pLm9yZyIsImZpbGVfcGsiOjMyNTU5NiwidGFibGVfbmFtZSI6IlBlcnNvbiIsInJlY29yZF9mayI6NTA3MzAsImV4cCI6MTc3MzUzMTAwMH0=._p5nuTuxHq44_35s68jHqOw4fUhKivOZ6Zz7aMNsYdQ=&transform=true
50745,https://files2.veracross.com/unishanoi/legacy_files/325451?auth=eyJhbGciOiJIUzI1NiIsInR5cCI6IkpXVCJ9.eyJkYXRhYmFzZSI6InVuaXNoYW5vaSIsInVzZXJuYW1lIjoiZHZjaHV5ZW5AdW5pc2hhbm9pLm9yZyIsImZpbGVfcGsiOjMyNTQ1MSwidGFibGVfbmFtZSI6IlBlcnNvbiIsInJlY29yZF9mayI6NTA3NDUsImV4cCI6MTc3MzUzMTAwMH0=.HZhOCkt6PC0Wr-HiXfkbgulDY7Vz31y7cYEdRtWw8kY=&transform=true
50749,https://files2.veracross.com/unishanoi/legacy_files/325225?auth=eyJhbGciOiJIUzI1NiIsInR5cCI6IkpXVCJ9.eyJkYXRhYmFzZSI6InVuaXNoYW5vaSIsInVzZXJuYW1lIjoiZHZjaHV5ZW5AdW5pc2hhbm9pLm9yZyIsImZpbGVfcGsiOjMyNTIyNSwidGFibGVfbmFtZSI6IlBlcnNvbiIsInJlY29yZF9mayI6NTA3NDksImV4cCI6MTc3MzUzMTAwMH0=.JcOwX_rOgyR_A_HbqgvHjhYHrHZYTbUnqAp2PM5NgEY=&transform=true
50751,https://files2.veracross.com/unishanoi/legacy_files/325452?auth=eyJhbGciOiJIUzI1NiIsInR5cCI6IkpXVCJ9.eyJkYXRhYmFzZSI6InVuaXNoYW5vaSIsInVzZXJuYW1lIjoiZHZjaHV5ZW5AdW5pc2hhbm9pLm9yZyIsImZpbGVfcGsiOjMyNTQ1MiwidGFibGVfbmFtZSI6IlBlcnNvbiIsInJlY29yZF9mayI6NTA3NTEsImV4cCI6MTc3MzUzMTAwMH0=.p-vzF-yl8lNI4-UHnLbh2RYdEyuBXcQL4CH_0pJyeik=&transform=true
50758,https://files2.veracross.com/unishanoi/legacy_files/325162?auth=eyJhbGciOiJIUzI1NiIsInR5cCI6IkpXVCJ9.eyJkYXRhYmFzZSI6InVuaXNoYW5vaSIsInVzZXJuYW1lIjoiZHZjaHV5ZW5AdW5pc2hhbm9pLm9yZyIsImZpbGVfcGsiOjMyNTE2MiwidGFibGVfbmFtZSI6IlBlcnNvbiIsInJlY29yZF9mayI6NTA3NTgsImV4cCI6MTc3MzUzMTAwMH0=.OPkOeXzG3_QZGIkzYhwGYB-ZatgRIFq6jIdD8oUtlbc=&transform=true
50784,https://files2.veracross.com/unishanoi/legacy_files/325289?auth=eyJhbGciOiJIUzI1NiIsInR5cCI6IkpXVCJ9.eyJkYXRhYmFzZSI6InVuaXNoYW5vaSIsInVzZXJuYW1lIjoiZHZjaHV5ZW5AdW5pc2hhbm9pLm9yZyIsImZpbGVfcGsiOjMyNTI4OSwidGFibGVfbmFtZSI6IlBlcnNvbiIsInJlY29yZF9mayI6NTA3ODQsImV4cCI6MTc3MzUzMTAwMH0=.9tGdaxc4vfms2VjmvlQU-HaV9jNJo3QyGfbHw9USK1U=&transform=true
50791,https://files2.veracross.com/unishanoi/legacy_files/325342?auth=eyJhbGciOiJIUzI1NiIsInR5cCI6IkpXVCJ9.eyJkYXRhYmFzZSI6InVuaXNoYW5vaSIsInVzZXJuYW1lIjoiZHZjaHV5ZW5AdW5pc2hhbm9pLm9yZyIsImZpbGVfcGsiOjMyNTM0MiwidGFibGVfbmFtZSI6IlBlcnNvbiIsInJlY29yZF9mayI6NTA3OTEsImV4cCI6MTc3MzUzMTAwMH0=.fO4GVa9yImXqGIWKuo4sEPCBQbgKBfMgNrNW-1mV8cM=&transform=true
50797,https://files2.veracross.com/unishanoi/legacy_files/325509?auth=eyJhbGciOiJIUzI1NiIsInR5cCI6IkpXVCJ9.eyJkYXRhYmFzZSI6InVuaXNoYW5vaSIsInVzZXJuYW1lIjoiZHZjaHV5ZW5AdW5pc2hhbm9pLm9yZyIsImZpbGVfcGsiOjMyNTUwOSwidGFibGVfbmFtZSI6IlBlcnNvbiIsInJlY29yZF9mayI6NTA3OTcsImV4cCI6MTc3MzUzMTAwMH0=.Fr13Gr4ylI8T3Oo_imAl7KZMZIii0Wc58yCisGZoBM4=&transform=true
50798,https://files2.veracross.com/unishanoi/legacy_files/325103?auth=eyJhbGciOiJIUzI1NiIsInR5cCI6IkpXVCJ9.eyJkYXRhYmFzZSI6InVuaXNoYW5vaSIsInVzZXJuYW1lIjoiZHZjaHV5ZW5AdW5pc2hhbm9pLm9yZyIsImZpbGVfcGsiOjMyNTEwMywidGFibGVfbmFtZSI6IlBlcnNvbiIsInJlY29yZF9mayI6NTA3OTgsImV4cCI6MTc3MzUzMTAwMH0=.m9duSth_asN05mD8ekKVkbRT05BCxO_BJkCUDVhfeoU=&transform=true
50820,https://files2.veracross.com/unishanoi/legacy_files/325074?auth=eyJhbGciOiJIUzI1NiIsInR5cCI6IkpXVCJ9.eyJkYXRhYmFzZSI6InVuaXNoYW5vaSIsInVzZXJuYW1lIjoiZHZjaHV5ZW5AdW5pc2hhbm9pLm9yZyIsImZpbGVfcGsiOjMyNTA3NCwidGFibGVfbmFtZSI6IlBlcnNvbiIsInJlY29yZF9mayI6NTA4MjAsImV4cCI6MTc3MzUzMTAwMH0=.RYfJy-NXNeVxqTNBqhL5uem9sl7m6Nt50u-ndqiXF8o=&transform=true
50860,https://files2.veracross.com/unishanoi/legacy_files/325692?auth=eyJhbGciOiJIUzI1NiIsInR5cCI6IkpXVCJ9.eyJkYXRhYmFzZSI6InVuaXNoYW5vaSIsInVzZXJuYW1lIjoiZHZjaHV5ZW5AdW5pc2hhbm9pLm9yZyIsImZpbGVfcGsiOjMyNTY5MiwidGFibGVfbmFtZSI6IlBlcnNvbiIsInJlY29yZF9mayI6NTA4NjAsImV4cCI6MTc3MzUzMTAwMH0=.ffOhrwZHAj3V9vhAcPk2_HrjH6RhhH5rZHIPd05L-UM=&transform=true
50876,https://files2.veracross.com/unishanoi/legacy_files/325629?auth=eyJhbGciOiJIUzI1NiIsInR5cCI6IkpXVCJ9.eyJkYXRhYmFzZSI6InVuaXNoYW5vaSIsInVzZXJuYW1lIjoiZHZjaHV5ZW5AdW5pc2hhbm9pLm9yZyIsImZpbGVfcGsiOjMyNTYyOSwidGFibGVfbmFtZSI6IlBlcnNvbiIsInJlY29yZF9mayI6NTA4NzYsImV4cCI6MTc3MzUzMTAwMH0=.4Y5Uar3NWdj8v8HmQIDYJ_dMOJB07nuC7wTLl-23oUk=&transform=true
50949,https://files2.veracross.com/unishanoi/legacy_files/325343?auth=eyJhbGciOiJIUzI1NiIsInR5cCI6IkpXVCJ9.eyJkYXRhYmFzZSI6InVuaXNoYW5vaSIsInVzZXJuYW1lIjoiZHZjaHV5ZW5AdW5pc2hhbm9pLm9yZyIsImZpbGVfcGsiOjMyNTM0MywidGFibGVfbmFtZSI6IlBlcnNvbiIsInJlY29yZF9mayI6NTA5NDksImV4cCI6MTc3MzUzMTAwMH0=.k-YfS9wTcUPU66oPC9KGDvVVVl2HU8vY1PSzx6L8J_0=&transform=true
50970,https://files2.veracross.com/unishanoi/legacy_files/325579?auth=eyJhbGciOiJIUzI1NiIsInR5cCI6IkpXVCJ9.eyJkYXRhYmFzZSI6InVuaXNoYW5vaSIsInVzZXJuYW1lIjoiZHZjaHV5ZW5AdW5pc2hhbm9pLm9yZyIsImZpbGVfcGsiOjMyNTU3OSwidGFibGVfbmFtZSI6IlBlcnNvbiIsInJlY29yZF9mayI6NTA5NzAsImV4cCI6MTc3MzUzMTAwMH0=.xrKpK_iprl9sjuEQ3AFIHoKaKy7qCmQuGehukNbx9ws=&transform=true
50975,https://files2.veracross.com/unishanoi/legacy_files/325341?auth=eyJhbGciOiJIUzI1NiIsInR5cCI6IkpXVCJ9.eyJkYXRhYmFzZSI6InVuaXNoYW5vaSIsInVzZXJuYW1lIjoiZHZjaHV5ZW5AdW5pc2hhbm9pLm9yZyIsImZpbGVfcGsiOjMyNTM0MSwidGFibGVfbmFtZSI6IlBlcnNvbiIsInJlY29yZF9mayI6NTA5NzUsImV4cCI6MTc3MzUzMTAwMH0=.AabKzX_76-j0hpndOkAlb5_YFjIInOL2vW2dlU5PomY=&transform=true
51059,https://files2.veracross.com/unishanoi/legacy_files/325569?auth=eyJhbGciOiJIUzI1NiIsInR5cCI6IkpXVCJ9.eyJkYXRhYmFzZSI6InVuaXNoYW5vaSIsInVzZXJuYW1lIjoiZHZjaHV5ZW5AdW5pc2hhbm9pLm9yZyIsImZpbGVfcGsiOjMyNTU2OSwidGFibGVfbmFtZSI6IlBlcnNvbiIsInJlY29yZF9mayI6NTEwNTksImV4cCI6MTc3MzUzMTAwMH0=.UEzzujx8pWsu7L8DhPBOuDYqd3Hg7ZSzT2c5QF0YEmQ=&transform=true
51060,https://files2.veracross.com/unishanoi/legacy_files/325327?auth=eyJhbGciOiJIUzI1NiIsInR5cCI6IkpXVCJ9.eyJkYXRhYmFzZSI6InVuaXNoYW5vaSIsInVzZXJuYW1lIjoiZHZjaHV5ZW5AdW5pc2hhbm9pLm9yZyIsImZpbGVfcGsiOjMyNTMyNywidGFibGVfbmFtZSI6IlBlcnNvbiIsInJlY29yZF9mayI6NTEwNjAsImV4cCI6MTc3MzUzMTAwMH0=.OnyuniFeKTsdYVFsvFWR5m1SQrihx9_tv2DeloBOFQY=&transform=true
51304,https://files2.veracross.com/unishanoi/legacy_files/325517?auth=eyJhbGciOiJIUzI1NiIsInR5cCI6IkpXVCJ9.eyJkYXRhYmFzZSI6InVuaXNoYW5vaSIsInVzZXJuYW1lIjoiZHZjaHV5ZW5AdW5pc2hhbm9pLm9yZyIsImZpbGVfcGsiOjMyNTUxNywidGFibGVfbmFtZSI6IlBlcnNvbiIsInJlY29yZF9mayI6NTEzMDQsImV4cCI6MTc3MzUzMTAwMH0=.abMveF6Nx_XvDmGcQIJ_vKvC27MbxBu0w-SavMvHbYE=&transform=true
51351,https://files2.veracross.com/unishanoi/legacy_files/325045?auth=eyJhbGciOiJIUzI1NiIsInR5cCI6IkpXVCJ9.eyJkYXRhYmFzZSI6InVuaXNoYW5vaSIsInVzZXJuYW1lIjoiZHZjaHV5ZW5AdW5pc2hhbm9pLm9yZyIsImZpbGVfcGsiOjMyNTA0NSwidGFibGVfbmFtZSI6IlBlcnNvbiIsInJlY29yZF9mayI6NTEzNTEsImV4cCI6MTc3MzUzMTAwMH0=.J43Uw8yWAkZQvAhyr4FpaZjeGPIF1X6xv4PnyPGSy5c=&transform=true
51358,https://files2.veracross.com/unishanoi/legacy_files/325870?auth=eyJhbGciOiJIUzI1NiIsInR5cCI6IkpXVCJ9.eyJkYXRhYmFzZSI6InVuaXNoYW5vaSIsInVzZXJuYW1lIjoiZHZjaHV5ZW5AdW5pc2hhbm9pLm9yZyIsImZpbGVfcGsiOjMyNTg3MCwidGFibGVfbmFtZSI6IlBlcnNvbiIsInJlY29yZF9mayI6NTEzNTgsImV4cCI6MTc3MzUzMTAwMH0=.qRd62S5UzpW9dOAx9bpqLtEeZPLGboHZhB5jHXG0f9k=&transform=true
51364,https://files2.veracross.com/unishanoi/legacy_files/325878?auth=eyJhbGciOiJIUzI1NiIsInR5cCI6IkpXVCJ9.eyJkYXRhYmFzZSI6InVuaXNoYW5vaSIsInVzZXJuYW1lIjoiZHZjaHV5ZW5AdW5pc2hhbm9pLm9yZyIsImZpbGVfcGsiOjMyNTg3OCwidGFibGVfbmFtZSI6IlBlcnNvbiIsInJlY29yZF9mayI6NTEzNjQsImV4cCI6MTc3MzUzMTAwMH0=.Whi3rtQz21uL5lZc6Z8fvtOqbObYzwUO1pe2Z4XgY0w=&transform=true
51437,https://files2.veracross.com/unishanoi/legacy_files/325042?auth=eyJhbGciOiJIUzI1NiIsInR5cCI6IkpXVCJ9.eyJkYXRhYmFzZSI6InVuaXNoYW5vaSIsInVzZXJuYW1lIjoiZHZjaHV5ZW5AdW5pc2hhbm9pLm9yZyIsImZpbGVfcGsiOjMyNTA0MiwidGFibGVfbmFtZSI6IlBlcnNvbiIsInJlY29yZF9mayI6NTE0MzcsImV4cCI6MTc3MzUzMTAwMH0=.TjojJDliJ0mXrhGU-DhOXbqNA5UDLfabzh0iMBpj9dc=&transform=true
51472,https://files2.veracross.com/unishanoi/legacy_files/325364?auth=eyJhbGciOiJIUzI1NiIsInR5cCI6IkpXVCJ9.eyJkYXRhYmFzZSI6InVuaXNoYW5vaSIsInVzZXJuYW1lIjoiZHZjaHV5ZW5AdW5pc2hhbm9pLm9yZyIsImZpbGVfcGsiOjMyNTM2NCwidGFibGVfbmFtZSI6IlBlcnNvbiIsInJlY29yZF9mayI6NTE0NzIsImV4cCI6MTc3MzUzMTAwMH0=.yjUnL32nEGfQafjUKiZbI7nyjpxzFSsAsaet7nQ8gtk=&transform=true
51536,https://files2.veracross.com/unishanoi/legacy_files/325188?auth=eyJhbGciOiJIUzI1NiIsInR5cCI6IkpXVCJ9.eyJkYXRhYmFzZSI6InVuaXNoYW5vaSIsInVzZXJuYW1lIjoiZHZjaHV5ZW5AdW5pc2hhbm9pLm9yZyIsImZpbGVfcGsiOjMyNTE4OCwidGFibGVfbmFtZSI6IlBlcnNvbiIsInJlY29yZF9mayI6NTE1MzYsImV4cCI6MTc3MzUzMTAwMH0=.9bV2NidwhvZIEff4qys4Js52i981BP7uM6DZZfwY5fs=&transform=true
51575,https://files2.veracross.com/unishanoi/legacy_files/325764?auth=eyJhbGciOiJIUzI1NiIsInR5cCI6IkpXVCJ9.eyJkYXRhYmFzZSI6InVuaXNoYW5vaSIsInVzZXJuYW1lIjoiZHZjaHV5ZW5AdW5pc2hhbm9pLm9yZyIsImZpbGVfcGsiOjMyNTc2NCwidGFibGVfbmFtZSI6IlBlcnNvbiIsInJlY29yZF9mayI6NTE1NzUsImV4cCI6MTc3MzUzMTAwMH0=.R3VdL7rsaN3-4791ENHMNkNzKRxiKo4RPPqjDgom9Os=&transform=true
51576,https://files2.veracross.com/unishanoi/legacy_files/325840?auth=eyJhbGciOiJIUzI1NiIsInR5cCI6IkpXVCJ9.eyJkYXRhYmFzZSI6InVuaXNoYW5vaSIsInVzZXJuYW1lIjoiZHZjaHV5ZW5AdW5pc2hhbm9pLm9yZyIsImZpbGVfcGsiOjMyNTg0MCwidGFibGVfbmFtZSI6IlBlcnNvbiIsInJlY29yZF9mayI6NTE1NzYsImV4cCI6MTc3MzUzMTAwMH0=.5V9nbEf-dhLoEiiOqqKDaBm1ZYm13rS4oyi0OuAnlz0=&transform=true
51593,https://files2.veracross.com/unishanoi/legacy_files/324893?auth=eyJhbGciOiJIUzI1NiIsInR5cCI6IkpXVCJ9.eyJkYXRhYmFzZSI6InVuaXNoYW5vaSIsInVzZXJuYW1lIjoiZHZjaHV5ZW5AdW5pc2hhbm9pLm9yZyIsImZpbGVfcGsiOjMyNDg5MywidGFibGVfbmFtZSI6IlBlcnNvbiIsInJlY29yZF9mayI6NTE1OTMsImV4cCI6MTc3MzUzMTAwMH0=.8xpcIZ_aPqqYOIZtRketZzeSxWP0Ggsiy2-6ONOn1-g=&transform=true
51598,https://files2.veracross.com/unishanoi/legacy_files/325630?auth=eyJhbGciOiJIUzI1NiIsInR5cCI6IkpXVCJ9.eyJkYXRhYmFzZSI6InVuaXNoYW5vaSIsInVzZXJuYW1lIjoiZHZjaHV5ZW5AdW5pc2hhbm9pLm9yZyIsImZpbGVfcGsiOjMyNTYzMCwidGFibGVfbmFtZSI6IlBlcnNvbiIsInJlY29yZF9mayI6NTE1OTgsImV4cCI6MTc3MzUzMTAwMH0=.rJzOECKlZPuUO9K0GzK1VswjI6usaEA6zQ2p1hc3g2I=&transform=true
51634,https://files2.veracross.com/unishanoi/legacy_files/324994?auth=eyJhbGciOiJIUzI1NiIsInR5cCI6IkpXVCJ9.eyJkYXRhYmFzZSI6InVuaXNoYW5vaSIsInVzZXJuYW1lIjoiZHZjaHV5ZW5AdW5pc2hhbm9pLm9yZyIsImZpbGVfcGsiOjMyNDk5NCwidGFibGVfbmFtZSI6IlBlcnNvbiIsInJlY29yZF9mayI6NTE2MzQsImV4cCI6MTc3MzUzMTAwMH0=.wydQaxXj--b6e9ddESyUSu1s9ksf5LqP1F9vdKnhlc8=&transform=true
51637,https://files2.veracross.com/unishanoi/legacy_files/324932?auth=eyJhbGciOiJIUzI1NiIsInR5cCI6IkpXVCJ9.eyJkYXRhYmFzZSI6InVuaXNoYW5vaSIsInVzZXJuYW1lIjoiZHZjaHV5ZW5AdW5pc2hhbm9pLm9yZyIsImZpbGVfcGsiOjMyNDkzMiwidGFibGVfbmFtZSI6IlBlcnNvbiIsInJlY29yZF9mayI6NTE2MzcsImV4cCI6MTc3MzUzMTAwMH0=.L3DMqrUNHIkXASWSbAKxMWSXDM_aYOLftPOZR1WQUzM=&transform=true
51655,https://files2.veracross.com/unishanoi/legacy_files/325215?auth=eyJhbGciOiJIUzI1NiIsInR5cCI6IkpXVCJ9.eyJkYXRhYmFzZSI6InVuaXNoYW5vaSIsInVzZXJuYW1lIjoiZHZjaHV5ZW5AdW5pc2hhbm9pLm9yZyIsImZpbGVfcGsiOjMyNTIxNSwidGFibGVfbmFtZSI6IlBlcnNvbiIsInJlY29yZF9mayI6NTE2NTUsImV4cCI6MTc3MzUzMTAwMH0=.j25jvwHc7KRNpu36zz-sQX9ImwOQAj29g2Waw3py1lI=&transform=true
51658,https://files2.veracross.com/unishanoi/legacy_files/325372?auth=eyJhbGciOiJIUzI1NiIsInR5cCI6IkpXVCJ9.eyJkYXRhYmFzZSI6InVuaXNoYW5vaSIsInVzZXJuYW1lIjoiZHZjaHV5ZW5AdW5pc2hhbm9pLm9yZyIsImZpbGVfcGsiOjMyNTM3MiwidGFibGVfbmFtZSI6IlBlcnNvbiIsInJlY29yZF9mayI6NTE2NTgsImV4cCI6MTc3MzUzMTAwMH0=.mT0X5v_vUaE5PcXUi7fzEHEQuDP8w7oQyMiwxLhv6WY=&transform=true
51741,https://files2.veracross.com/unishanoi/legacy_files/325025?auth=eyJhbGciOiJIUzI1NiIsInR5cCI6IkpXVCJ9.eyJkYXRhYmFzZSI6InVuaXNoYW5vaSIsInVzZXJuYW1lIjoiZHZjaHV5ZW5AdW5pc2hhbm9pLm9yZyIsImZpbGVfcGsiOjMyNTAyNSwidGFibGVfbmFtZSI6IlBlcnNvbiIsInJlY29yZF9mayI6NTE3NDEsImV4cCI6MTc3MzUzMTAwMH0=.pe-wFTNIlAhG44sf0LgoRF_cIagrU10vhNpm94Je8SE=&transform=true
51770,https://files2.veracross.com/unishanoi/legacy_files/325611?auth=eyJhbGciOiJIUzI1NiIsInR5cCI6IkpXVCJ9.eyJkYXRhYmFzZSI6InVuaXNoYW5vaSIsInVzZXJuYW1lIjoiZHZjaHV5ZW5AdW5pc2hhbm9pLm9yZyIsImZpbGVfcGsiOjMyNTYxMSwidGFibGVfbmFtZSI6IlBlcnNvbiIsInJlY29yZF9mayI6NTE3NzAsImV4cCI6MTc3MzUzMTAwMH0=._WI1kitOnaVdY1jjwwWYyYHhoe6l0zqjg46YMPyUAEI=&transform=true
52266,https://files2.veracross.com/unishanoi/legacy_files/324904?auth=eyJhbGciOiJIUzI1NiIsInR5cCI6IkpXVCJ9.eyJkYXRhYmFzZSI6InVuaXNoYW5vaSIsInVzZXJuYW1lIjoiZHZjaHV5ZW5AdW5pc2hhbm9pLm9yZyIsImZpbGVfcGsiOjMyNDkwNCwidGFibGVfbmFtZSI6IlBlcnNvbiIsInJlY29yZF9mayI6NTIyNjYsImV4cCI6MTc3MzUzMTAwMH0=.vDgzNqdzNgKX7Fpad66-wL3mQ5UG4dpqTVI1Ke9Q_7k=&transform=true
52299,https://files2.veracross.com/unishanoi/legacy_files/324897?auth=eyJhbGciOiJIUzI1NiIsInR5cCI6IkpXVCJ9.eyJkYXRhYmFzZSI6InVuaXNoYW5vaSIsInVzZXJuYW1lIjoiZHZjaHV5ZW5AdW5pc2hhbm9pLm9yZyIsImZpbGVfcGsiOjMyNDg5NywidGFibGVfbmFtZSI6IlBlcnNvbiIsInJlY29yZF9mayI6NTIyOTksImV4cCI6MTc3MzUzMTAwMH0=.kGuGcjS92tbHfEboeefCjQIRSG5A1CRj7YVU97tL_jU=&transform=true
52300,https://files2.veracross.com/unishanoi/legacy_files/325034?auth=eyJhbGciOiJIUzI1NiIsInR5cCI6IkpXVCJ9.eyJkYXRhYmFzZSI6InVuaXNoYW5vaSIsInVzZXJuYW1lIjoiZHZjaHV5ZW5AdW5pc2hhbm9pLm9yZyIsImZpbGVfcGsiOjMyNTAzNCwidGFibGVfbmFtZSI6IlBlcnNvbiIsInJlY29yZF9mayI6NTIzMDAsImV4cCI6MTc3MzUzMTAwMH0=.-sLeMM3aHJKZUzQ8i1wU6aOjfDq8MRCK--jrzRgmnC4=&transform=true
52312,https://files2.veracross.com/unishanoi/legacy_files/324914?auth=eyJhbGciOiJIUzI1NiIsInR5cCI6IkpXVCJ9.eyJkYXRhYmFzZSI6InVuaXNoYW5vaSIsInVzZXJuYW1lIjoiZHZjaHV5ZW5AdW5pc2hhbm9pLm9yZyIsImZpbGVfcGsiOjMyNDkxNCwidGFibGVfbmFtZSI6IlBlcnNvbiIsInJlY29yZF9mayI6NTIzMTIsImV4cCI6MTc3MzUzMTAwMH0=.r8Ha5o5WgWfoTNUR02lUn4ODW9bG6M2398-fYD9mLEQ=&transform=true
52348,https://files2.veracross.com/unishanoi/legacy_files/325213?auth=eyJhbGciOiJIUzI1NiIsInR5cCI6IkpXVCJ9.eyJkYXRhYmFzZSI6InVuaXNoYW5vaSIsInVzZXJuYW1lIjoiZHZjaHV5ZW5AdW5pc2hhbm9pLm9yZyIsImZpbGVfcGsiOjMyNTIxMywidGFibGVfbmFtZSI6IlBlcnNvbiIsInJlY29yZF9mayI6NTIzNDgsImV4cCI6MTc3MzUzMTAwMH0=.nB7sZ1ctIB9xoJIUV68kZBUCLbbwllXPwI3LJi-b4aw=&transform=true
52386,https://files2.veracross.com/unishanoi/legacy_files/325376?auth=eyJhbGciOiJIUzI1NiIsInR5cCI6IkpXVCJ9.eyJkYXRhYmFzZSI6InVuaXNoYW5vaSIsInVzZXJuYW1lIjoiZHZjaHV5ZW5AdW5pc2hhbm9pLm9yZyIsImZpbGVfcGsiOjMyNTM3NiwidGFibGVfbmFtZSI6IlBlcnNvbiIsInJlY29yZF9mayI6NTIzODYsImV4cCI6MTc3MzUzMTAwMH0=.eQfebDHJylqNtPQPITawAYLnqUw9GYH-IkrebKGs32I=&transform=true
52392,https://files2.veracross.com/unishanoi/legacy_files/325379?auth=eyJhbGciOiJIUzI1NiIsInR5cCI6IkpXVCJ9.eyJkYXRhYmFzZSI6InVuaXNoYW5vaSIsInVzZXJuYW1lIjoiZHZjaHV5ZW5AdW5pc2hhbm9pLm9yZyIsImZpbGVfcGsiOjMyNTM3OSwidGFibGVfbmFtZSI6IlBlcnNvbiIsInJlY29yZF9mayI6NTIzOTIsImV4cCI6MTc3MzUzMTAwMH0=.l2cuVLywwQnRsHdnHRQT92qL_OMwg7pGacz6MFebXOE=&transform=true
52393,https://files2.veracross.com/unishanoi/legacy_files/325438?auth=eyJhbGciOiJIUzI1NiIsInR5cCI6IkpXVCJ9.eyJkYXRhYmFzZSI6InVuaXNoYW5vaSIsInVzZXJuYW1lIjoiZHZjaHV5ZW5AdW5pc2hhbm9pLm9yZyIsImZpbGVfcGsiOjMyNTQzOCwidGFibGVfbmFtZSI6IlBlcnNvbiIsInJlY29yZF9mayI6NTIzOTMsImV4cCI6MTc3MzUzMTAwMH0=.4Uxjj2pOa_5JDtXdPpVcbDUgxJprkL6GWS3SzadCHU4=&transform=true
52466,https://files2.veracross.com/unishanoi/legacy_files/325032?auth=eyJhbGciOiJIUzI1NiIsInR5cCI6IkpXVCJ9.eyJkYXRhYmFzZSI6InVuaXNoYW5vaSIsInVzZXJuYW1lIjoiZHZjaHV5ZW5AdW5pc2hhbm9pLm9yZyIsImZpbGVfcGsiOjMyNTAzMiwidGFibGVfbmFtZSI6IlBlcnNvbiIsInJlY29yZF9mayI6NTI0NjYsImV4cCI6MTc3MzUzMTAwMH0=.hAuss4QANoFvSmfEuHRiKKZvZquWyn0i70bTaXTFX3Q=&transform=true
52467,https://files2.veracross.com/unishanoi/legacy_files/324997?auth=eyJhbGciOiJIUzI1NiIsInR5cCI6IkpXVCJ9.eyJkYXRhYmFzZSI6InVuaXNoYW5vaSIsInVzZXJuYW1lIjoiZHZjaHV5ZW5AdW5pc2hhbm9pLm9yZyIsImZpbGVfcGsiOjMyNDk5NywidGFibGVfbmFtZSI6IlBlcnNvbiIsInJlY29yZF9mayI6NTI0NjcsImV4cCI6MTc3MzUzMTAwMH0=.QC8fkhWPgVHeQPo13sTaMh61aTTa0AkGO8-ctOcg9iM=&transform=true
52492,https://files2.veracross.com/unishanoi/legacy_files/325744?auth=eyJhbGciOiJIUzI1NiIsInR5cCI6IkpXVCJ9.eyJkYXRhYmFzZSI6InVuaXNoYW5vaSIsInVzZXJuYW1lIjoiZHZjaHV5ZW5AdW5pc2hhbm9pLm9yZyIsImZpbGVfcGsiOjMyNTc0NCwidGFibGVfbmFtZSI6IlBlcnNvbiIsInJlY29yZF9mayI6NTI0OTIsImV4cCI6MTc3MzUzMTAwMH0=.lYks-BS8j3bvPGxre2JJHlgu7CrgiTu1rxGYaslUpg0=&transform=true
52494,https://files2.veracross.com/unishanoi/legacy_files/325608?auth=eyJhbGciOiJIUzI1NiIsInR5cCI6IkpXVCJ9.eyJkYXRhYmFzZSI6InVuaXNoYW5vaSIsInVzZXJuYW1lIjoiZHZjaHV5ZW5AdW5pc2hhbm9pLm9yZyIsImZpbGVfcGsiOjMyNTYwOCwidGFibGVfbmFtZSI6IlBlcnNvbiIsInJlY29yZF9mayI6NTI0OTQsImV4cCI6MTc3MzUzMTAwMH0=.3Nji488WbKQ7pxZ-iPs7sTmjQaJI4go5PDxd4E4JGkM=&transform=true
52555,https://files2.veracross.com/unishanoi/legacy_files/325329?auth=eyJhbGciOiJIUzI1NiIsInR5cCI6IkpXVCJ9.eyJkYXRhYmFzZSI6InVuaXNoYW5vaSIsInVzZXJuYW1lIjoiZHZjaHV5ZW5AdW5pc2hhbm9pLm9yZyIsImZpbGVfcGsiOjMyNTMyOSwidGFibGVfbmFtZSI6IlBlcnNvbiIsInJlY29yZF9mayI6NTI1NTUsImV4cCI6MTc3MzUzMTAwMH0=.-nv5_pKLZq6KkmatMwt2l-QQ44x2UmV-zPlElAoIBYE=&transform=true
52556,https://files2.veracross.com/unishanoi/legacy_files/325435?auth=eyJhbGciOiJIUzI1NiIsInR5cCI6IkpXVCJ9.eyJkYXRhYmFzZSI6InVuaXNoYW5vaSIsInVzZXJuYW1lIjoiZHZjaHV5ZW5AdW5pc2hhbm9pLm9yZyIsImZpbGVfcGsiOjMyNTQzNSwidGFibGVfbmFtZSI6IlBlcnNvbiIsInJlY29yZF9mayI6NTI1NTYsImV4cCI6MTc3MzUzMTAwMH0=.fTnBc7s7wGukuL5hTgslCOi334U0d0r9uDhouxunTDI=&transform=true
52586,https://files2.veracross.com/unishanoi/legacy_files/325550?auth=eyJhbGciOiJIUzI1NiIsInR5cCI6IkpXVCJ9.eyJkYXRhYmFzZSI6InVuaXNoYW5vaSIsInVzZXJuYW1lIjoiZHZjaHV5ZW5AdW5pc2hhbm9pLm9yZyIsImZpbGVfcGsiOjMyNTU1MCwidGFibGVfbmFtZSI6IlBlcnNvbiIsInJlY29yZF9mayI6NTI1ODYsImV4cCI6MTc3MzUzMTAwMH0=.FEWjZJXTOEhzM7u8rLi2Qp5N86l6xxh8Ue9UUmTxVcw=&transform=true
52629,https://files2.veracross.com/unishanoi/legacy_files/325163?auth=eyJhbGciOiJIUzI1NiIsInR5cCI6IkpXVCJ9.eyJkYXRhYmFzZSI6InVuaXNoYW5vaSIsInVzZXJuYW1lIjoiZHZjaHV5ZW5AdW5pc2hhbm9pLm9yZyIsImZpbGVfcGsiOjMyNTE2MywidGFibGVfbmFtZSI6IlBlcnNvbiIsInJlY29yZF9mayI6NTI2MjksImV4cCI6MTc3MzUzMTAwMH0=.fwGie48FPA6EKuS-SYPIgMIkzYVwTfCYbH5dnWclr9Q=&transform=true
52831,https://files2.veracross.com/unishanoi/legacy_files/325102?auth=eyJhbGciOiJIUzI1NiIsInR5cCI6IkpXVCJ9.eyJkYXRhYmFzZSI6InVuaXNoYW5vaSIsInVzZXJuYW1lIjoiZHZjaHV5ZW5AdW5pc2hhbm9pLm9yZyIsImZpbGVfcGsiOjMyNTEwMiwidGFibGVfbmFtZSI6IlBlcnNvbiIsInJlY29yZF9mayI6NTI4MzEsImV4cCI6MTc3MzUzMTAwMH0=.RBZ6oCiRb0uZcrJEvWuAoV0z2uZmcCrJbigq3IjbcXQ=&transform=true
52832,https://files2.veracross.com/unishanoi/legacy_files/325160?auth=eyJhbGciOiJIUzI1NiIsInR5cCI6IkpXVCJ9.eyJkYXRhYmFzZSI6InVuaXNoYW5vaSIsInVzZXJuYW1lIjoiZHZjaHV5ZW5AdW5pc2hhbm9pLm9yZyIsImZpbGVfcGsiOjMyNTE2MCwidGFibGVfbmFtZSI6IlBlcnNvbiIsInJlY29yZF9mayI6NTI4MzIsImV4cCI6MTc3MzUzMTAwMH0=.WhmFO1M3DP5hoeX0pMhZHDvig2aXoh4QxOEWGnHWrZs=&transform=true
52834,https://files2.veracross.com/unishanoi/legacy_files/325274?auth=eyJhbGciOiJIUzI1NiIsInR5cCI6IkpXVCJ9.eyJkYXRhYmFzZSI6InVuaXNoYW5vaSIsInVzZXJuYW1lIjoiZHZjaHV5ZW5AdW5pc2hhbm9pLm9yZyIsImZpbGVfcGsiOjMyNTI3NCwidGFibGVfbmFtZSI6IlBlcnNvbiIsInJlY29yZF9mayI6NTI4MzQsImV4cCI6MTc3MzUzMTAwMH0=.W6a4pBekB6nE-lK_xHL7tAzkTmXxxeTtpmHGxTxltZ0=&transform=true
52952,https://files2.veracross.com/unishanoi/legacy_files/325141?auth=eyJhbGciOiJIUzI1NiIsInR5cCI6IkpXVCJ9.eyJkYXRhYmFzZSI6InVuaXNoYW5vaSIsInVzZXJuYW1lIjoiZHZjaHV5ZW5AdW5pc2hhbm9pLm9yZyIsImZpbGVfcGsiOjMyNTE0MSwidGFibGVfbmFtZSI6IlBlcnNvbiIsInJlY29yZF9mayI6NTI5NTIsImV4cCI6MTc3MzUzMTAwMH0=.zY0vcjzxaKLGYBNKiNOZeAY2pPQMLzn1eCBR6hc3vfs=&transform=true
52972,https://files2.veracross.com/unishanoi/legacy_files/325404?auth=eyJhbGciOiJIUzI1NiIsInR5cCI6IkpXVCJ9.eyJkYXRhYmFzZSI6InVuaXNoYW5vaSIsInVzZXJuYW1lIjoiZHZjaHV5ZW5AdW5pc2hhbm9pLm9yZyIsImZpbGVfcGsiOjMyNTQwNCwidGFibGVfbmFtZSI6IlBlcnNvbiIsInJlY29yZF9mayI6NTI5NzIsImV4cCI6MTc3MzUzMTAwMH0=.NKFlEenSwvlkiNUqX_kAwx_nE4aelksM3UJGZIt6bYg=&transform=true
52984,https://files2.veracross.com/unishanoi/legacy_files/325137?auth=eyJhbGciOiJIUzI1NiIsInR5cCI6IkpXVCJ9.eyJkYXRhYmFzZSI6InVuaXNoYW5vaSIsInVzZXJuYW1lIjoiZHZjaHV5ZW5AdW5pc2hhbm9pLm9yZyIsImZpbGVfcGsiOjMyNTEzNywidGFibGVfbmFtZSI6IlBlcnNvbiIsInJlY29yZF9mayI6NTI5ODQsImV4cCI6MTc3MzUzMTAwMH0=.w9Ou6wlk7wha2FERizEgitZtADfxPSoRVUewlXSvmB4=&transform=true
52985,https://files2.veracross.com/unishanoi/legacy_files/329429?auth=eyJhbGciOiJIUzI1NiIsInR5cCI6IkpXVCJ9.eyJkYXRhYmFzZSI6InVuaXNoYW5vaSIsInVzZXJuYW1lIjoiZHZjaHV5ZW5AdW5pc2hhbm9pLm9yZyIsImZpbGVfcGsiOjMyOTQyOSwidGFibGVfbmFtZSI6IlBlcnNvbiIsInJlY29yZF9mayI6NTI5ODUsImV4cCI6MTc3MzUzMTAwMH0=.DBxuVcCtrYKUgMH0B0kWMtTyCFbblfpHYwtRE_RXVvg=&transform=true
53000,https://files2.veracross.com/unishanoi/legacy_files/325784?auth=eyJhbGciOiJIUzI1NiIsInR5cCI6IkpXVCJ9.eyJkYXRhYmFzZSI6InVuaXNoYW5vaSIsInVzZXJuYW1lIjoiZHZjaHV5ZW5AdW5pc2hhbm9pLm9yZyIsImZpbGVfcGsiOjMyNTc4NCwidGFibGVfbmFtZSI6IlBlcnNvbiIsInJlY29yZF9mayI6NTMwMDAsImV4cCI6MTc3MzUzMTAwMH0=.YVIg1om6ONz2ffcEViSFxuaHFHe-mDCCGmcTt36tXK0=&transform=true
53042,https://files2.veracross.com/unishanoi/legacy_files/325216?auth=eyJhbGciOiJIUzI1NiIsInR5cCI6IkpXVCJ9.eyJkYXRhYmFzZSI6InVuaXNoYW5vaSIsInVzZXJuYW1lIjoiZHZjaHV5ZW5AdW5pc2hhbm9pLm9yZyIsImZpbGVfcGsiOjMyNTIxNiwidGFibGVfbmFtZSI6IlBlcnNvbiIsInJlY29yZF9mayI6NTMwNDIsImV4cCI6MTc3MzUzMTAwMH0=.71mi8T8LTayzuvlPamtLYZRgcCxWk_TopfsSFX2z6BI=&transform=true
53242,https://files2.veracross.com/unishanoi/legacy_files/325227?auth=eyJhbGciOiJIUzI1NiIsInR5cCI6IkpXVCJ9.eyJkYXRhYmFzZSI6InVuaXNoYW5vaSIsInVzZXJuYW1lIjoiZHZjaHV5ZW5AdW5pc2hhbm9pLm9yZyIsImZpbGVfcGsiOjMyNTIyNywidGFibGVfbmFtZSI6IlBlcnNvbiIsInJlY29yZF9mayI6NTMyNDIsImV4cCI6MTc3MzUzMTAwMH0=.Kg2vGWYKWxgIveVr2LpJcUMeE43FFSYD4rIk2S_l2WI=&transform=true
53300,https://files2.veracross.com/unishanoi/legacy_files/325477?auth=eyJhbGciOiJIUzI1NiIsInR5cCI6IkpXVCJ9.eyJkYXRhYmFzZSI6InVuaXNoYW5vaSIsInVzZXJuYW1lIjoiZHZjaHV5ZW5AdW5pc2hhbm9pLm9yZyIsImZpbGVfcGsiOjMyNTQ3NywidGFibGVfbmFtZSI6IlBlcnNvbiIsInJlY29yZF9mayI6NTMzMDAsImV4cCI6MTc3MzUzMTAwMH0=.rPn0eYEx189HupheYx1Qu9TFlBd28I2VuzMzSUdPp_M=&transform=true
53495,https://files2.veracross.com/unishanoi/legacy_files/325139?auth=eyJhbGciOiJIUzI1NiIsInR5cCI6IkpXVCJ9.eyJkYXRhYmFzZSI6InVuaXNoYW5vaSIsInVzZXJuYW1lIjoiZHZjaHV5ZW5AdW5pc2hhbm9pLm9yZyIsImZpbGVfcGsiOjMyNTEzOSwidGFibGVfbmFtZSI6IlBlcnNvbiIsInJlY29yZF9mayI6NTM0OTUsImV4cCI6MTc3MzUzMTAwMH0=.Ly-QnhXxVO4O2GNT4IO8Sq2ShVgLI3K5rR00rYH7_gc=&transform=true
53505,https://files2.veracross.com/unishanoi/legacy_files/325524?auth=eyJhbGciOiJIUzI1NiIsInR5cCI6IkpXVCJ9.eyJkYXRhYmFzZSI6InVuaXNoYW5vaSIsInVzZXJuYW1lIjoiZHZjaHV5ZW5AdW5pc2hhbm9pLm9yZyIsImZpbGVfcGsiOjMyNTUyNCwidGFibGVfbmFtZSI6IlBlcnNvbiIsInJlY29yZF9mayI6NTM1MDUsImV4cCI6MTc3MzUzMTAwMH0=.48Hz-Kw5Bw9XEKXXqJ_Dd6Sq_ku0qP0ZZR4cli9WURg=&transform=true
53538,https://files2.veracross.com/unishanoi/legacy_files/325584?auth=eyJhbGciOiJIUzI1NiIsInR5cCI6IkpXVCJ9.eyJkYXRhYmFzZSI6InVuaXNoYW5vaSIsInVzZXJuYW1lIjoiZHZjaHV5ZW5AdW5pc2hhbm9pLm9yZyIsImZpbGVfcGsiOjMyNTU4NCwidGFibGVfbmFtZSI6IlBlcnNvbiIsInJlY29yZF9mayI6NTM1MzgsImV4cCI6MTc3MzUzMTAwMH0=.CHauuE5kXsHdDOJPTy0Rjruk6u8t5z4eJzLPVoPt4Hw=&transform=true
53569,https://files2.veracross.com/unishanoi/legacy_files/324863?auth=eyJhbGciOiJIUzI1NiIsInR5cCI6IkpXVCJ9.eyJkYXRhYmFzZSI6InVuaXNoYW5vaSIsInVzZXJuYW1lIjoiZHZjaHV5ZW5AdW5pc2hhbm9pLm9yZyIsImZpbGVfcGsiOjMyNDg2MywidGFibGVfbmFtZSI6IlBlcnNvbiIsInJlY29yZF9mayI6NTM1NjksImV4cCI6MTc3MzUzMTAwMH0=.uD6SMNsVOBrnVZmijA5Lf7LIg0dsyQUzZyb_ncI1TMU=&transform=true
53581,https://files2.veracross.com/unishanoi/legacy_files/324808?auth=eyJhbGciOiJIUzI1NiIsInR5cCI6IkpXVCJ9.eyJkYXRhYmFzZSI6InVuaXNoYW5vaSIsInVzZXJuYW1lIjoiZHZjaHV5ZW5AdW5pc2hhbm9pLm9yZyIsImZpbGVfcGsiOjMyNDgwOCwidGFibGVfbmFtZSI6IlBlcnNvbiIsInJlY29yZF9mayI6NTM1ODEsImV4cCI6MTc3MzUzMTAwMH0=.NElEzQS_gZKG4TTra-p5W_ibgKBxlFOlPQNPG_PlvcY=&transform=true
53673,https://files2.veracross.com/unishanoi/legacy_files/325544?auth=eyJhbGciOiJIUzI1NiIsInR5cCI6IkpXVCJ9.eyJkYXRhYmFzZSI6InVuaXNoYW5vaSIsInVzZXJuYW1lIjoiZHZjaHV5ZW5AdW5pc2hhbm9pLm9yZyIsImZpbGVfcGsiOjMyNTU0NCwidGFibGVfbmFtZSI6IlBlcnNvbiIsInJlY29yZF9mayI6NTM2NzMsImV4cCI6MTc3MzUzMTAwMH0=.dBTTELbG6VG9PITbqehsKjvXIUuEAhYBmwAZ0lrRC80=&transform=true
53767,https://files2.veracross.com/unishanoi/legacy_files/325739?auth=eyJhbGciOiJIUzI1NiIsInR5cCI6IkpXVCJ9.eyJkYXRhYmFzZSI6InVuaXNoYW5vaSIsInVzZXJuYW1lIjoiZHZjaHV5ZW5AdW5pc2hhbm9pLm9yZyIsImZpbGVfcGsiOjMyNTczOSwidGFibGVfbmFtZSI6IlBlcnNvbiIsInJlY29yZF9mayI6NTM3NjcsImV4cCI6MTc3MzUzMTAwMH0=.ZF51jHmlzyiGVkdKwlJwroNV-OGIdbnPTIY8uYi0dUw=&transform=true
54055,https://files2.veracross.com/unishanoi/legacy_files/325574?auth=eyJhbGciOiJIUzI1NiIsInR5cCI6IkpXVCJ9.eyJkYXRhYmFzZSI6InVuaXNoYW5vaSIsInVzZXJuYW1lIjoiZHZjaHV5ZW5AdW5pc2hhbm9pLm9yZyIsImZpbGVfcGsiOjMyNTU3NCwidGFibGVfbmFtZSI6IlBlcnNvbiIsInJlY29yZF9mayI6NTQwNTUsImV4cCI6MTc3MzUzMTAwMH0=.2o9GABzCTXmzrtxUJyuGGa5RBIMI5rJ05PWcmDnqSek=&transform=true
54056,https://files2.veracross.com/unishanoi/legacy_files/325505?auth=eyJhbGciOiJIUzI1NiIsInR5cCI6IkpXVCJ9.eyJkYXRhYmFzZSI6InVuaXNoYW5vaSIsInVzZXJuYW1lIjoiZHZjaHV5ZW5AdW5pc2hhbm9pLm9yZyIsImZpbGVfcGsiOjMyNTUwNSwidGFibGVfbmFtZSI6IlBlcnNvbiIsInJlY29yZF9mayI6NTQwNTYsImV4cCI6MTc3MzUzMTAwMH0=.WZ4obdjL9QxTX7g6ac_7nvWBr4dSgIMzTEYCWVlxhYw=&transform=true
54099,https://files2.veracross.com/unishanoi/legacy_files/326284?auth=eyJhbGciOiJIUzI1NiIsInR5cCI6IkpXVCJ9.eyJkYXRhYmFzZSI6InVuaXNoYW5vaSIsInVzZXJuYW1lIjoiZHZjaHV5ZW5AdW5pc2hhbm9pLm9yZyIsImZpbGVfcGsiOjMyNjI4NCwidGFibGVfbmFtZSI6IlBlcnNvbiIsInJlY29yZF9mayI6NTQwOTksImV4cCI6MTc3MzUzMTAwMH0=.AeDDn08ad3HeskE4uqPEBrs4nCNpQJFlQn3imJC6-iQ=&transform=true
54195,https://files2.veracross.com/unishanoi/legacy_files/325844?auth=eyJhbGciOiJIUzI1NiIsInR5cCI6IkpXVCJ9.eyJkYXRhYmFzZSI6InVuaXNoYW5vaSIsInVzZXJuYW1lIjoiZHZjaHV5ZW5AdW5pc2hhbm9pLm9yZyIsImZpbGVfcGsiOjMyNTg0NCwidGFibGVfbmFtZSI6IlBlcnNvbiIsInJlY29yZF9mayI6NTQxOTUsImV4cCI6MTc3MzUzMTAwMH0=.rXNV3jg-F5Kmx8_B2u3gx3dY7dIaoK88SpX3u-GsF3U=&transform=true
54196,https://files2.veracross.com/unishanoi/legacy_files/325769?auth=eyJhbGciOiJIUzI1NiIsInR5cCI6IkpXVCJ9.eyJkYXRhYmFzZSI6InVuaXNoYW5vaSIsInVzZXJuYW1lIjoiZHZjaHV5ZW5AdW5pc2hhbm9pLm9yZyIsImZpbGVfcGsiOjMyNTc2OSwidGFibGVfbmFtZSI6IlBlcnNvbiIsInJlY29yZF9mayI6NTQxOTYsImV4cCI6MTc3MzUzMTAwMH0=.tNvVHiqVCVq0VUS00kckIb2NuNStgqRsBcKxEQxkSfs=&transform=true
54240,https://files2.veracross.com/unishanoi/legacy_files/325513?auth=eyJhbGciOiJIUzI1NiIsInR5cCI6IkpXVCJ9.eyJkYXRhYmFzZSI6InVuaXNoYW5vaSIsInVzZXJuYW1lIjoiZHZjaHV5ZW5AdW5pc2hhbm9pLm9yZyIsImZpbGVfcGsiOjMyNTUxMywidGFibGVfbmFtZSI6IlBlcnNvbiIsInJlY29yZF9mayI6NTQyNDAsImV4cCI6MTc3MzUzMTAwMH0=.orW3Nx-9ai5QBcUi-g5anzLcahxRv2kxOYFvQTdHdsM=&transform=true
54243,https://files2.veracross.com/unishanoi/legacy_files/325586?auth=eyJhbGciOiJIUzI1NiIsInR5cCI6IkpXVCJ9.eyJkYXRhYmFzZSI6InVuaXNoYW5vaSIsInVzZXJuYW1lIjoiZHZjaHV5ZW5AdW5pc2hhbm9pLm9yZyIsImZpbGVfcGsiOjMyNTU4NiwidGFibGVfbmFtZSI6IlBlcnNvbiIsInJlY29yZF9mayI6NTQyNDMsImV4cCI6MTc3MzUzMTAwMH0=.Tu20vlvhVLEcyh5M8ZD_XiywUvB4zwksd6F4nfXHveQ=&transform=true
54244,https://files2.veracross.com/unishanoi/legacy_files/325360?auth=eyJhbGciOiJIUzI1NiIsInR5cCI6IkpXVCJ9.eyJkYXRhYmFzZSI6InVuaXNoYW5vaSIsInVzZXJuYW1lIjoiZHZjaHV5ZW5AdW5pc2hhbm9pLm9yZyIsImZpbGVfcGsiOjMyNTM2MCwidGFibGVfbmFtZSI6IlBlcnNvbiIsInJlY29yZF9mayI6NTQyNDQsImV4cCI6MTc3MzUzMTAwMH0=.QsQhN-X0hedcaio_s-eMOw7-hsm-14Ztfav9IEDtACk=&transform=true
54246,https://files2.veracross.com/unishanoi/legacy_files/325356?auth=eyJhbGciOiJIUzI1NiIsInR5cCI6IkpXVCJ9.eyJkYXRhYmFzZSI6InVuaXNoYW5vaSIsInVzZXJuYW1lIjoiZHZjaHV5ZW5AdW5pc2hhbm9pLm9yZyIsImZpbGVfcGsiOjMyNTM1NiwidGFibGVfbmFtZSI6IlBlcnNvbiIsInJlY29yZF9mayI6NTQyNDYsImV4cCI6MTc3MzUzMTAwMH0=.lXWc9LJ1Fkc7M6B6j7q6NJnBxp6hcM7zlvloYd9idCI=&transform=true
54247,https://files2.veracross.com/unishanoi/legacy_files/325280?auth=eyJhbGciOiJIUzI1NiIsInR5cCI6IkpXVCJ9.eyJkYXRhYmFzZSI6InVuaXNoYW5vaSIsInVzZXJuYW1lIjoiZHZjaHV5ZW5AdW5pc2hhbm9pLm9yZyIsImZpbGVfcGsiOjMyNTI4MCwidGFibGVfbmFtZSI6IlBlcnNvbiIsInJlY29yZF9mayI6NTQyNDcsImV4cCI6MTc3MzUzMTAwMH0=.2OQMAHxz6SvbIff6wVEf71VMOJ3u-Ljrvj4oo2bc5oo=&transform=true
54252,https://files2.veracross.com/unishanoi/legacy_files/325355?auth=eyJhbGciOiJIUzI1NiIsInR5cCI6IkpXVCJ9.eyJkYXRhYmFzZSI6InVuaXNoYW5vaSIsInVzZXJuYW1lIjoiZHZjaHV5ZW5AdW5pc2hhbm9pLm9yZyIsImZpbGVfcGsiOjMyNTM1NSwidGFibGVfbmFtZSI6IlBlcnNvbiIsInJlY29yZF9mayI6NTQyNTIsImV4cCI6MTc3MzUzMTAwMH0=.JIJn2f0YtLIXeDgtdf-OdmsGo_H8MIcxFv9aWwWbg4U=&transform=true
54257,https://files2.veracross.com/unishanoi/legacy_files/325585?auth=eyJhbGciOiJIUzI1NiIsInR5cCI6IkpXVCJ9.eyJkYXRhYmFzZSI6InVuaXNoYW5vaSIsInVzZXJuYW1lIjoiZHZjaHV5ZW5AdW5pc2hhbm9pLm9yZyIsImZpbGVfcGsiOjMyNTU4NSwidGFibGVfbmFtZSI6IlBlcnNvbiIsInJlY29yZF9mayI6NTQyNTcsImV4cCI6MTc3MzUzMTAwMH0=.B4VvCcxR05l6bq9fx59mz3bZr7dxff9iaCUWiSCKRsM=&transform=true
54267,https://files2.veracross.com/unishanoi/legacy_files/295498?auth=eyJhbGciOiJIUzI1NiIsInR5cCI6IkpXVCJ9.eyJkYXRhYmFzZSI6InVuaXNoYW5vaSIsInVzZXJuYW1lIjoiZHZjaHV5ZW5AdW5pc2hhbm9pLm9yZyIsImZpbGVfcGsiOjI5NTQ5OCwidGFibGVfbmFtZSI6IlBlcnNvbiIsInJlY29yZF9mayI6NTQyNjcsImV4cCI6MTc3MzUzMTAwMH0=.xgPzwS06tuYcvRrfATuMu4OoPtP-hTTIW554ogHjC-s=&transform=true
54270,https://files2.veracross.com/unishanoi/legacy_files/325167?auth=eyJhbGciOiJIUzI1NiIsInR5cCI6IkpXVCJ9.eyJkYXRhYmFzZSI6InVuaXNoYW5vaSIsInVzZXJuYW1lIjoiZHZjaHV5ZW5AdW5pc2hhbm9pLm9yZyIsImZpbGVfcGsiOjMyNTE2NywidGFibGVfbmFtZSI6IlBlcnNvbiIsInJlY29yZF9mayI6NTQyNzAsImV4cCI6MTc3MzUzMTAwMH0=.Uzed27jwyEFlM7eoESLOsEgEC6AhnCyDHFhnwxN0llc=&transform=true
54273,https://files2.veracross.com/unishanoi/legacy_files/325105?auth=eyJhbGciOiJIUzI1NiIsInR5cCI6IkpXVCJ9.eyJkYXRhYmFzZSI6InVuaXNoYW5vaSIsInVzZXJuYW1lIjoiZHZjaHV5ZW5AdW5pc2hhbm9pLm9yZyIsImZpbGVfcGsiOjMyNTEwNSwidGFibGVfbmFtZSI6IlBlcnNvbiIsInJlY29yZF9mayI6NTQyNzMsImV4cCI6MTc3MzUzMTAwMH0=.-sbViq_OIrkTru2ySVjf2zt7Bxh3LGMg09FVOyD2i1s=&transform=true
54283,https://files2.veracross.com/unishanoi/legacy_files/325508?auth=eyJhbGciOiJIUzI1NiIsInR5cCI6IkpXVCJ9.eyJkYXRhYmFzZSI6InVuaXNoYW5vaSIsInVzZXJuYW1lIjoiZHZjaHV5ZW5AdW5pc2hhbm9pLm9yZyIsImZpbGVfcGsiOjMyNTUwOCwidGFibGVfbmFtZSI6IlBlcnNvbiIsInJlY29yZF9mayI6NTQyODMsImV4cCI6MTc3MzUzMTAwMH0=.tajQB8hyEY5GKIW4D86RpKC_6P3syZJlrEb7yOePISE=&transform=true
54286,https://files2.veracross.com/unishanoi/legacy_files/325444?auth=eyJhbGciOiJIUzI1NiIsInR5cCI6IkpXVCJ9.eyJkYXRhYmFzZSI6InVuaXNoYW5vaSIsInVzZXJuYW1lIjoiZHZjaHV5ZW5AdW5pc2hhbm9pLm9yZyIsImZpbGVfcGsiOjMyNTQ0NCwidGFibGVfbmFtZSI6IlBlcnNvbiIsInJlY29yZF9mayI6NTQyODYsImV4cCI6MTc3MzUzMTAwMH0=.PyjGCmJnPLes8j2vmr2pxLh-fIV0w6AbQLOOcjIkvXg=&transform=true
54287,https://files2.veracross.com/unishanoi/legacy_files/325369?auth=eyJhbGciOiJIUzI1NiIsInR5cCI6IkpXVCJ9.eyJkYXRhYmFzZSI6InVuaXNoYW5vaSIsInVzZXJuYW1lIjoiZHZjaHV5ZW5AdW5pc2hhbm9pLm9yZyIsImZpbGVfcGsiOjMyNTM2OSwidGFibGVfbmFtZSI6IlBlcnNvbiIsInJlY29yZF9mayI6NTQyODcsImV4cCI6MTc3MzUzMTAwMH0=.1kOZVBaI9tqMuC9vxhErvA7NYGejwcrRFIE9yzgb5Gg=&transform=true
54314,https://files2.veracross.com/unishanoi/legacy_files/325189?auth=eyJhbGciOiJIUzI1NiIsInR5cCI6IkpXVCJ9.eyJkYXRhYmFzZSI6InVuaXNoYW5vaSIsInVzZXJuYW1lIjoiZHZjaHV5ZW5AdW5pc2hhbm9pLm9yZyIsImZpbGVfcGsiOjMyNTE4OSwidGFibGVfbmFtZSI6IlBlcnNvbiIsInJlY29yZF9mayI6NTQzMTQsImV4cCI6MTc3MzUzMTAwMH0=.jQ-P4WsJCqpaJ23qa7LVUQkbYFtUFHu42C8vn5DejVo=&transform=true
54317,https://files2.veracross.com/unishanoi/legacy_files/325249?auth=eyJhbGciOiJIUzI1NiIsInR5cCI6IkpXVCJ9.eyJkYXRhYmFzZSI6InVuaXNoYW5vaSIsInVzZXJuYW1lIjoiZHZjaHV5ZW5AdW5pc2hhbm9pLm9yZyIsImZpbGVfcGsiOjMyNTI0OSwidGFibGVfbmFtZSI6IlBlcnNvbiIsInJlY29yZF9mayI6NTQzMTcsImV4cCI6MTc3MzUzMTAwMH0=.8U4Rcj_Nbt4j0XGwD5ECyh3-A0TGJlcsbqLOzc7NQJ4=&transform=true
54318,https://files2.veracross.com/unishanoi/legacy_files/325397?auth=eyJhbGciOiJIUzI1NiIsInR5cCI6IkpXVCJ9.eyJkYXRhYmFzZSI6InVuaXNoYW5vaSIsInVzZXJuYW1lIjoiZHZjaHV5ZW5AdW5pc2hhbm9pLm9yZyIsImZpbGVfcGsiOjMyNTM5NywidGFibGVfbmFtZSI6IlBlcnNvbiIsInJlY29yZF9mayI6NTQzMTgsImV4cCI6MTc3MzUzMTAwMH0=.XyzXGa2jIb7a0_6b8iQK5g0ss_ojlyRaLwSzv-mDNyg=&transform=true
54321,https://files2.veracross.com/unishanoi/legacy_files/325478?auth=eyJhbGciOiJIUzI1NiIsInR5cCI6IkpXVCJ9.eyJkYXRhYmFzZSI6InVuaXNoYW5vaSIsInVzZXJuYW1lIjoiZHZjaHV5ZW5AdW5pc2hhbm9pLm9yZyIsImZpbGVfcGsiOjMyNTQ3OCwidGFibGVfbmFtZSI6IlBlcnNvbiIsInJlY29yZF9mayI6NTQzMjEsImV4cCI6MTc3MzUzMTAwMH0=.R4uWDNwqnkVPHpbfZ6fHAzSm2a_yGwpg8MIAudDiwLc=&transform=true
54346,https://files2.veracross.com/unishanoi/legacy_files/325697?auth=eyJhbGciOiJIUzI1NiIsInR5cCI6IkpXVCJ9.eyJkYXRhYmFzZSI6InVuaXNoYW5vaSIsInVzZXJuYW1lIjoiZHZjaHV5ZW5AdW5pc2hhbm9pLm9yZyIsImZpbGVfcGsiOjMyNTY5NywidGFibGVfbmFtZSI6IlBlcnNvbiIsInJlY29yZF9mayI6NTQzNDYsImV4cCI6MTc3MzUzMTAwMH0=.H2xnM9HAVSIdEAgeDOCZbYrYd1-ZCyNinO797a6mO8I=&transform=true
54361,https://files2.veracross.com/unishanoi/legacy_files/325015?auth=eyJhbGciOiJIUzI1NiIsInR5cCI6IkpXVCJ9.eyJkYXRhYmFzZSI6InVuaXNoYW5vaSIsInVzZXJuYW1lIjoiZHZjaHV5ZW5AdW5pc2hhbm9pLm9yZyIsImZpbGVfcGsiOjMyNTAxNSwidGFibGVfbmFtZSI6IlBlcnNvbiIsInJlY29yZF9mayI6NTQzNjEsImV4cCI6MTc3MzUzMTAwMH0=.Oq6obyo9cwb2P4CI-_jHGK5Pjm1W1E3V9aIRFiPlK_I=&transform=true
54362,https://files2.veracross.com/unishanoi/legacy_files/324960?auth=eyJhbGciOiJIUzI1NiIsInR5cCI6IkpXVCJ9.eyJkYXRhYmFzZSI6InVuaXNoYW5vaSIsInVzZXJuYW1lIjoiZHZjaHV5ZW5AdW5pc2hhbm9pLm9yZyIsImZpbGVfcGsiOjMyNDk2MCwidGFibGVfbmFtZSI6IlBlcnNvbiIsInJlY29yZF9mayI6NTQzNjIsImV4cCI6MTc3MzUzMTAwMH0=.A08M_97dyL8MWwo-I-CCfvjsAXHv3UWdQgQo-TlcvOs=&transform=true
54378,https://files2.veracross.com/unishanoi/legacy_files/325619?auth=eyJhbGciOiJIUzI1NiIsInR5cCI6IkpXVCJ9.eyJkYXRhYmFzZSI6InVuaXNoYW5vaSIsInVzZXJuYW1lIjoiZHZjaHV5ZW5AdW5pc2hhbm9pLm9yZyIsImZpbGVfcGsiOjMyNTYxOSwidGFibGVfbmFtZSI6IlBlcnNvbiIsInJlY29yZF9mayI6NTQzNzgsImV4cCI6MTc3MzUzMTAwMH0=.Ra3gu2JsKL2Dl5Fabudh-oS6UnrA_CMKEoVA2BMm9ZE=&transform=true
54393,https://files2.veracross.com/unishanoi/legacy_files/325625?auth=eyJhbGciOiJIUzI1NiIsInR5cCI6IkpXVCJ9.eyJkYXRhYmFzZSI6InVuaXNoYW5vaSIsInVzZXJuYW1lIjoiZHZjaHV5ZW5AdW5pc2hhbm9pLm9yZyIsImZpbGVfcGsiOjMyNTYyNSwidGFibGVfbmFtZSI6IlBlcnNvbiIsInJlY29yZF9mayI6NTQzOTMsImV4cCI6MTc3MzUzMTAwMH0=.o5RnVtXzrB5XGQbjzmMtZbB0M8u2PVIQyNTMtEdzNyk=&transform=true
54394,https://files2.veracross.com/unishanoi/legacy_files/325758?auth=eyJhbGciOiJIUzI1NiIsInR5cCI6IkpXVCJ9.eyJkYXRhYmFzZSI6InVuaXNoYW5vaSIsInVzZXJuYW1lIjoiZHZjaHV5ZW5AdW5pc2hhbm9pLm9yZyIsImZpbGVfcGsiOjMyNTc1OCwidGFibGVfbmFtZSI6IlBlcnNvbiIsInJlY29yZF9mayI6NTQzOTQsImV4cCI6MTc3MzUzMTAwMH0=.C-hvQDTVDCnCsrUM_HHUHdYz_e2xb3CKOs1IDfC_N7w=&transform=true
54427,https://files2.veracross.com/unishanoi/legacy_files/325820?auth=eyJhbGciOiJIUzI1NiIsInR5cCI6IkpXVCJ9.eyJkYXRhYmFzZSI6InVuaXNoYW5vaSIsInVzZXJuYW1lIjoiZHZjaHV5ZW5AdW5pc2hhbm9pLm9yZyIsImZpbGVfcGsiOjMyNTgyMCwidGFibGVfbmFtZSI6IlBlcnNvbiIsInJlY29yZF9mayI6NTQ0MjcsImV4cCI6MTc3MzUzMTAwMH0=.RPgKVwqNrLANBnAc0F7qMAZ_0_wKN4iquDgPf_X3Fpo=&transform=true
54433,https://files2.veracross.com/unishanoi/legacy_files/325818?auth=eyJhbGciOiJIUzI1NiIsInR5cCI6IkpXVCJ9.eyJkYXRhYmFzZSI6InVuaXNoYW5vaSIsInVzZXJuYW1lIjoiZHZjaHV5ZW5AdW5pc2hhbm9pLm9yZyIsImZpbGVfcGsiOjMyNTgxOCwidGFibGVfbmFtZSI6IlBlcnNvbiIsInJlY29yZF9mayI6NTQ0MzMsImV4cCI6MTc3MzUzMTAwMH0=.YH6i9YeAeDOb-ulqlhgNJNq8mYyWodc7Ly1dYoDeeNw=&transform=true
54445,https://files2.veracross.com/unishanoi/legacy_files/325563?auth=eyJhbGciOiJIUzI1NiIsInR5cCI6IkpXVCJ9.eyJkYXRhYmFzZSI6InVuaXNoYW5vaSIsInVzZXJuYW1lIjoiZHZjaHV5ZW5AdW5pc2hhbm9pLm9yZyIsImZpbGVfcGsiOjMyNTU2MywidGFibGVfbmFtZSI6IlBlcnNvbiIsInJlY29yZF9mayI6NTQ0NDUsImV4cCI6MTc3MzUzMTAwMH0=.w8WQhgpQOZjKxIZE8afO_T_gUS9lPwnrevyX2CEV2to=&transform=true
54452,https://files2.veracross.com/unishanoi/legacy_files/325487?auth=eyJhbGciOiJIUzI1NiIsInR5cCI6IkpXVCJ9.eyJkYXRhYmFzZSI6InVuaXNoYW5vaSIsInVzZXJuYW1lIjoiZHZjaHV5ZW5AdW5pc2hhbm9pLm9yZyIsImZpbGVfcGsiOjMyNTQ4NywidGFibGVfbmFtZSI6IlBlcnNvbiIsInJlY29yZF9mayI6NTQ0NTIsImV4cCI6MTc3MzUzMTAwMH0=.w_b7VVUfB7VBdAUPhRcDntn9zpxfC9rYf_u6rHYO4J8=&transform=true
54453,https://files2.veracross.com/unishanoi/legacy_files/325480?auth=eyJhbGciOiJIUzI1NiIsInR5cCI6IkpXVCJ9.eyJkYXRhYmFzZSI6InVuaXNoYW5vaSIsInVzZXJuYW1lIjoiZHZjaHV5ZW5AdW5pc2hhbm9pLm9yZyIsImZpbGVfcGsiOjMyNTQ4MCwidGFibGVfbmFtZSI6IlBlcnNvbiIsInJlY29yZF9mayI6NTQ0NTMsImV4cCI6MTc3MzUzMTAwMH0=.aUV0XBOun3DNSOz_2wmnDZQ-XV7L0ePOIftMB4wmbh0=&transform=true
54456,https://files2.veracross.com/unishanoi/legacy_files/325392?auth=eyJhbGciOiJIUzI1NiIsInR5cCI6IkpXVCJ9.eyJkYXRhYmFzZSI6InVuaXNoYW5vaSIsInVzZXJuYW1lIjoiZHZjaHV5ZW5AdW5pc2hhbm9pLm9yZyIsImZpbGVfcGsiOjMyNTM5MiwidGFibGVfbmFtZSI6IlBlcnNvbiIsInJlY29yZF9mayI6NTQ0NTYsImV4cCI6MTc3MzUzMTAwMH0=.LlUn1sA6omjmA6HoiHgbMclfqdMvptVTDeu-HPxEFBc=&transform=true
54473,https://files2.veracross.com/unishanoi/legacy_files/325194?auth=eyJhbGciOiJIUzI1NiIsInR5cCI6IkpXVCJ9.eyJkYXRhYmFzZSI6InVuaXNoYW5vaSIsInVzZXJuYW1lIjoiZHZjaHV5ZW5AdW5pc2hhbm9pLm9yZyIsImZpbGVfcGsiOjMyNTE5NCwidGFibGVfbmFtZSI6IlBlcnNvbiIsInJlY29yZF9mayI6NTQ0NzMsImV4cCI6MTc3MzUzMTAwMH0=.KQ60R89A_zcd6HKa25mg4EeKtK7lwFArTfcfQJsuvwc=&transform=true
54536,https://files2.veracross.com/unishanoi/legacy_files/325358?auth=eyJhbGciOiJIUzI1NiIsInR5cCI6IkpXVCJ9.eyJkYXRhYmFzZSI6InVuaXNoYW5vaSIsInVzZXJuYW1lIjoiZHZjaHV5ZW5AdW5pc2hhbm9pLm9yZyIsImZpbGVfcGsiOjMyNTM1OCwidGFibGVfbmFtZSI6IlBlcnNvbiIsInJlY29yZF9mayI6NTQ1MzYsImV4cCI6MTc3MzUzMTAwMH0=.ismfb-0vlGj3-PkGtdrP8aNV0vR-yVpWBPXt-hU8Teo=&transform=true
54546,https://files2.veracross.com/unishanoi/legacy_files/325871?auth=eyJhbGciOiJIUzI1NiIsInR5cCI6IkpXVCJ9.eyJkYXRhYmFzZSI6InVuaXNoYW5vaSIsInVzZXJuYW1lIjoiZHZjaHV5ZW5AdW5pc2hhbm9pLm9yZyIsImZpbGVfcGsiOjMyNTg3MSwidGFibGVfbmFtZSI6IlBlcnNvbiIsInJlY29yZF9mayI6NTQ1NDYsImV4cCI6MTc3MzUzMTAwMH0=.2_10uCiOdqvmGI4VtHGO51L7akW8ksi7VqtxsWM2vrw=&transform=true
54589,https://files2.veracross.com/unishanoi/legacy_files/324856?auth=eyJhbGciOiJIUzI1NiIsInR5cCI6IkpXVCJ9.eyJkYXRhYmFzZSI6InVuaXNoYW5vaSIsInVzZXJuYW1lIjoiZHZjaHV5ZW5AdW5pc2hhbm9pLm9yZyIsImZpbGVfcGsiOjMyNDg1NiwidGFibGVfbmFtZSI6IlBlcnNvbiIsInJlY29yZF9mayI6NTQ1ODksImV4cCI6MTc3MzUzMTAwMH0=.mNr98s8NulMvoWjswJ7ciV1NE1nxvk1DtgjMhTQs7jE=&transform=true
54590,https://files2.veracross.com/unishanoi/legacy_files/325800?auth=eyJhbGciOiJIUzI1NiIsInR5cCI6IkpXVCJ9.eyJkYXRhYmFzZSI6InVuaXNoYW5vaSIsInVzZXJuYW1lIjoiZHZjaHV5ZW5AdW5pc2hhbm9pLm9yZyIsImZpbGVfcGsiOjMyNTgwMCwidGFibGVfbmFtZSI6IlBlcnNvbiIsInJlY29yZF9mayI6NTQ1OTAsImV4cCI6MTc3MzUzMTAwMH0=.tJR08is2Lo0LIbZK7ueWYoMpfiDkBI9NO_m7lFsd_9k=&transform=true
54591,https://files2.veracross.com/unishanoi/legacy_files/325864?auth=eyJhbGciOiJIUzI1NiIsInR5cCI6IkpXVCJ9.eyJkYXRhYmFzZSI6InVuaXNoYW5vaSIsInVzZXJuYW1lIjoiZHZjaHV5ZW5AdW5pc2hhbm9pLm9yZyIsImZpbGVfcGsiOjMyNTg2NCwidGFibGVfbmFtZSI6IlBlcnNvbiIsInJlY29yZF9mayI6NTQ1OTEsImV4cCI6MTc3MzUzMTAwMH0=.j3yWpHd8LW1X1Lk7yjYhc4thYNIfQwu7tzOoPdOSI6k=&transform=true
54592,https://files2.veracross.com/unishanoi/legacy_files/325788?auth=eyJhbGciOiJIUzI1NiIsInR5cCI6IkpXVCJ9.eyJkYXRhYmFzZSI6InVuaXNoYW5vaSIsInVzZXJuYW1lIjoiZHZjaHV5ZW5AdW5pc2hhbm9pLm9yZyIsImZpbGVfcGsiOjMyNTc4OCwidGFibGVfbmFtZSI6IlBlcnNvbiIsInJlY29yZF9mayI6NTQ1OTIsImV4cCI6MTc3MzUzMTAwMH0=.tHMAKq3nM7RO7OqPb9bxYsT2o8CVpAevTkXlQv-NmCE=&transform=true
54602,https://files2.veracross.com/unishanoi/legacy_files/324878?auth=eyJhbGciOiJIUzI1NiIsInR5cCI6IkpXVCJ9.eyJkYXRhYmFzZSI6InVuaXNoYW5vaSIsInVzZXJuYW1lIjoiZHZjaHV5ZW5AdW5pc2hhbm9pLm9yZyIsImZpbGVfcGsiOjMyNDg3OCwidGFibGVfbmFtZSI6IlBlcnNvbiIsInJlY29yZF9mayI6NTQ2MDIsImV4cCI6MTc3MzUzMTAwMH0=.8DMrJY2kSyFPiatS9LNFap68z-jD_EBznLBi5SYYbP4=&transform=true
54625,https://files2.veracross.com/unishanoi/legacy_files/325812?auth=eyJhbGciOiJIUzI1NiIsInR5cCI6IkpXVCJ9.eyJkYXRhYmFzZSI6InVuaXNoYW5vaSIsInVzZXJuYW1lIjoiZHZjaHV5ZW5AdW5pc2hhbm9pLm9yZyIsImZpbGVfcGsiOjMyNTgxMiwidGFibGVfbmFtZSI6IlBlcnNvbiIsInJlY29yZF9mayI6NTQ2MjUsImV4cCI6MTc3MzUzMTAwMH0=.BijX4hQt_P35wbFL4WumjJ_WyfXlNO_Y5XzoyGE9IuY=&transform=true
54626,https://files2.veracross.com/unishanoi/legacy_files/296193?auth=eyJhbGciOiJIUzI1NiIsInR5cCI6IkpXVCJ9.eyJkYXRhYmFzZSI6InVuaXNoYW5vaSIsInVzZXJuYW1lIjoiZHZjaHV5ZW5AdW5pc2hhbm9pLm9yZyIsImZpbGVfcGsiOjI5NjE5MywidGFibGVfbmFtZSI6IlBlcnNvbiIsInJlY29yZF9mayI6NTQ2MjYsImV4cCI6MTc3MzUzMTAwMH0=.MMOc5DUlern4BikIvJp2z_FmoarA_tpyxtpIPspnKcs=&transform=true
54641,https://files2.veracross.com/unishanoi/legacy_files/325434?auth=eyJhbGciOiJIUzI1NiIsInR5cCI6IkpXVCJ9.eyJkYXRhYmFzZSI6InVuaXNoYW5vaSIsInVzZXJuYW1lIjoiZHZjaHV5ZW5AdW5pc2hhbm9pLm9yZyIsImZpbGVfcGsiOjMyNTQzNCwidGFibGVfbmFtZSI6IlBlcnNvbiIsInJlY29yZF9mayI6NTQ2NDEsImV4cCI6MTc3MzUzMTAwMH0=.JaAzVRgPxxYKB6nkdFgD728DGQaltznts6ukKQTNftQ=&transform=true
54642,https://files2.veracross.com/unishanoi/legacy_files/325331?auth=eyJhbGciOiJIUzI1NiIsInR5cCI6IkpXVCJ9.eyJkYXRhYmFzZSI6InVuaXNoYW5vaSIsInVzZXJuYW1lIjoiZHZjaHV5ZW5AdW5pc2hhbm9pLm9yZyIsImZpbGVfcGsiOjMyNTMzMSwidGFibGVfbmFtZSI6IlBlcnNvbiIsInJlY29yZF9mayI6NTQ2NDIsImV4cCI6MTc3MzUzMTAwMH0=.jXgQ-rPn0ZN8HVrrOaVDk6T_7RXEZAbeY1UjyHKqpr0=&transform=true
54645,https://files2.veracross.com/unishanoi/legacy_files/325471?auth=eyJhbGciOiJIUzI1NiIsInR5cCI6IkpXVCJ9.eyJkYXRhYmFzZSI6InVuaXNoYW5vaSIsInVzZXJuYW1lIjoiZHZjaHV5ZW5AdW5pc2hhbm9pLm9yZyIsImZpbGVfcGsiOjMyNTQ3MSwidGFibGVfbmFtZSI6IlBlcnNvbiIsInJlY29yZF9mayI6NTQ2NDUsImV4cCI6MTc3MzUzMTAwMH0=.03wVCi6lklRmG9XhE1wHjY8m7myQ2mg6T3VFFHDwkrs=&transform=true
54710,https://files2.veracross.com/unishanoi/legacy_files/325175?auth=eyJhbGciOiJIUzI1NiIsInR5cCI6IkpXVCJ9.eyJkYXRhYmFzZSI6InVuaXNoYW5vaSIsInVzZXJuYW1lIjoiZHZjaHV5ZW5AdW5pc2hhbm9pLm9yZyIsImZpbGVfcGsiOjMyNTE3NSwidGFibGVfbmFtZSI6IlBlcnNvbiIsInJlY29yZF9mayI6NTQ3MTAsImV4cCI6MTc3MzUzMTAwMH0=.Ah6fRNx4zy45pyFGAAJ3BeUeNf77y8MlUR3DAmdB-cA=&transform=true
54711,https://files2.veracross.com/unishanoi/legacy_files/325211?auth=eyJhbGciOiJIUzI1NiIsInR5cCI6IkpXVCJ9.eyJkYXRhYmFzZSI6InVuaXNoYW5vaSIsInVzZXJuYW1lIjoiZHZjaHV5ZW5AdW5pc2hhbm9pLm9yZyIsImZpbGVfcGsiOjMyNTIxMSwidGFibGVfbmFtZSI6IlBlcnNvbiIsInJlY29yZF9mayI6NTQ3MTEsImV4cCI6MTc3MzUzMTAwMH0=.7hanKHKOkqw517AuiL166WzqO-iWwCY_CvWGbXChErE=&transform=true
54718,https://files2.veracross.com/unishanoi/legacy_files/325507?auth=eyJhbGciOiJIUzI1NiIsInR5cCI6IkpXVCJ9.eyJkYXRhYmFzZSI6InVuaXNoYW5vaSIsInVzZXJuYW1lIjoiZHZjaHV5ZW5AdW5pc2hhbm9pLm9yZyIsImZpbGVfcGsiOjMyNTUwNywidGFibGVfbmFtZSI6IlBlcnNvbiIsInJlY29yZF9mayI6NTQ3MTgsImV4cCI6MTc3MzUzMTAwMH0=.kATcReTWeFYiufnwp-PxixroRI1uBJEszHuUqEFC5R4=&transform=true
54719,https://files2.veracross.com/unishanoi/legacy_files/325461?auth=eyJhbGciOiJIUzI1NiIsInR5cCI6IkpXVCJ9.eyJkYXRhYmFzZSI6InVuaXNoYW5vaSIsInVzZXJuYW1lIjoiZHZjaHV5ZW5AdW5pc2hhbm9pLm9yZyIsImZpbGVfcGsiOjMyNTQ2MSwidGFibGVfbmFtZSI6IlBlcnNvbiIsInJlY29yZF9mayI6NTQ3MTksImV4cCI6MTc3MzUzMTAwMH0=.LX0TokJFA3ed4lQsDVT-pFNbpYM6SgNig4R-PC-Ccos=&transform=true
54725,https://files2.veracross.com/unishanoi/legacy_files/325464?auth=eyJhbGciOiJIUzI1NiIsInR5cCI6IkpXVCJ9.eyJkYXRhYmFzZSI6InVuaXNoYW5vaSIsInVzZXJuYW1lIjoiZHZjaHV5ZW5AdW5pc2hhbm9pLm9yZyIsImZpbGVfcGsiOjMyNTQ2NCwidGFibGVfbmFtZSI6IlBlcnNvbiIsInJlY29yZF9mayI6NTQ3MjUsImV4cCI6MTc3MzUzMTAwMH0=.SWcLInPN8D3k31OIvnP2iTFMvmxi7VIszGiZ57Wf9Tw=&transform=true
54726,https://files2.veracross.com/unishanoi/legacy_files/325540?auth=eyJhbGciOiJIUzI1NiIsInR5cCI6IkpXVCJ9.eyJkYXRhYmFzZSI6InVuaXNoYW5vaSIsInVzZXJuYW1lIjoiZHZjaHV5ZW5AdW5pc2hhbm9pLm9yZyIsImZpbGVfcGsiOjMyNTU0MCwidGFibGVfbmFtZSI6IlBlcnNvbiIsInJlY29yZF9mayI6NTQ3MjYsImV4cCI6MTc3MzUzMTAwMH0=.-_kXZYWCUe8oWE6ZsOMqnoeWhFkO7gnKbjLeAGf5OdI=&transform=true
54738,https://files2.veracross.com/unishanoi/legacy_files/325174?auth=eyJhbGciOiJIUzI1NiIsInR5cCI6IkpXVCJ9.eyJkYXRhYmFzZSI6InVuaXNoYW5vaSIsInVzZXJuYW1lIjoiZHZjaHV5ZW5AdW5pc2hhbm9pLm9yZyIsImZpbGVfcGsiOjMyNTE3NCwidGFibGVfbmFtZSI6IlBlcnNvbiIsInJlY29yZF9mayI6NTQ3MzgsImV4cCI6MTc3MzUzMTAwMH0=.gCwOOjQKseFY3RHhQJJPtMNrxSoJIQJ5Q_p7D2gMuxc=&transform=true
54740,https://files2.veracross.com/unishanoi/legacy_files/325604?auth=eyJhbGciOiJIUzI1NiIsInR5cCI6IkpXVCJ9.eyJkYXRhYmFzZSI6InVuaXNoYW5vaSIsInVzZXJuYW1lIjoiZHZjaHV5ZW5AdW5pc2hhbm9pLm9yZyIsImZpbGVfcGsiOjMyNTYwNCwidGFibGVfbmFtZSI6IlBlcnNvbiIsInJlY29yZF9mayI6NTQ3NDAsImV4cCI6MTc3MzUzMTAwMH0=.qkdR7ZT9gQRKMk8UQ-a10tZs1jnhb4D0Bsbw5o6QZ88=&transform=true
54751,https://files2.veracross.com/unishanoi/legacy_files/325804?auth=eyJhbGciOiJIUzI1NiIsInR5cCI6IkpXVCJ9.eyJkYXRhYmFzZSI6InVuaXNoYW5vaSIsInVzZXJuYW1lIjoiZHZjaHV5ZW5AdW5pc2hhbm9pLm9yZyIsImZpbGVfcGsiOjMyNTgwNCwidGFibGVfbmFtZSI6IlBlcnNvbiIsInJlY29yZF9mayI6NTQ3NTEsImV4cCI6MTc3MzUzMTAwMH0=.nraRlRDGvEaXdunA4XhCXMwbyRd3umpqkjUoVLo7TOI=&transform=true
54782,https://files2.veracross.com/unishanoi/legacy_files/325645?auth=eyJhbGciOiJIUzI1NiIsInR5cCI6IkpXVCJ9.eyJkYXRhYmFzZSI6InVuaXNoYW5vaSIsInVzZXJuYW1lIjoiZHZjaHV5ZW5AdW5pc2hhbm9pLm9yZyIsImZpbGVfcGsiOjMyNTY0NSwidGFibGVfbmFtZSI6IlBlcnNvbiIsInJlY29yZF9mayI6NTQ3ODIsImV4cCI6MTc3MzUzMTAwMH0=.v1gVRbtKQU39hcJA09t91ob0YaMT1CFOMsEX1wy82qE=&transform=true
54883,https://files2.veracross.com/unishanoi/legacy_files/325238?auth=eyJhbGciOiJIUzI1NiIsInR5cCI6IkpXVCJ9.eyJkYXRhYmFzZSI6InVuaXNoYW5vaSIsInVzZXJuYW1lIjoiZHZjaHV5ZW5AdW5pc2hhbm9pLm9yZyIsImZpbGVfcGsiOjMyNTIzOCwidGFibGVfbmFtZSI6IlBlcnNvbiIsInJlY29yZF9mayI6NTQ4ODMsImV4cCI6MTc3MzUzMTAwMH0=.LZGAo7JlxSP1iTXWKh9LpJt-4V6KR8g6CRz4_60Opos=&transform=true
54916,https://files2.veracross.com/unishanoi/legacy_files/325466?auth=eyJhbGciOiJIUzI1NiIsInR5cCI6IkpXVCJ9.eyJkYXRhYmFzZSI6InVuaXNoYW5vaSIsInVzZXJuYW1lIjoiZHZjaHV5ZW5AdW5pc2hhbm9pLm9yZyIsImZpbGVfcGsiOjMyNTQ2NiwidGFibGVfbmFtZSI6IlBlcnNvbiIsInJlY29yZF9mayI6NTQ5MTYsImV4cCI6MTc3MzUzMTAwMH0=.TVQg0Fc0uYT_7W01dOSHo0Tfo_hOErFRWVcV_fI3bCY=&transform=true
54923,https://files2.veracross.com/unishanoi/legacy_files/325176?auth=eyJhbGciOiJIUzI1NiIsInR5cCI6IkpXVCJ9.eyJkYXRhYmFzZSI6InVuaXNoYW5vaSIsInVzZXJuYW1lIjoiZHZjaHV5ZW5AdW5pc2hhbm9pLm9yZyIsImZpbGVfcGsiOjMyNTE3NiwidGFibGVfbmFtZSI6IlBlcnNvbiIsInJlY29yZF9mayI6NTQ5MjMsImV4cCI6MTc3MzUzMTAwMH0=.m0nfRquM4_pC12dCbbCIG8jHgwz1D1zV0lxV939UqT0=&transform=true
54947,https://files2.veracross.com/unishanoi/legacy_files/324845?auth=eyJhbGciOiJIUzI1NiIsInR5cCI6IkpXVCJ9.eyJkYXRhYmFzZSI6InVuaXNoYW5vaSIsInVzZXJuYW1lIjoiZHZjaHV5ZW5AdW5pc2hhbm9pLm9yZyIsImZpbGVfcGsiOjMyNDg0NSwidGFibGVfbmFtZSI6IlBlcnNvbiIsInJlY29yZF9mayI6NTQ5NDcsImV4cCI6MTc3MzUzMTAwMH0=.tvSOa33DWtQq3TMBTcPD_92rkVZgIPmKrZeNVfJlO8o=&transform=true
54963,https://files2.veracross.com/unishanoi/legacy_files/325856?auth=eyJhbGciOiJIUzI1NiIsInR5cCI6IkpXVCJ9.eyJkYXRhYmFzZSI6InVuaXNoYW5vaSIsInVzZXJuYW1lIjoiZHZjaHV5ZW5AdW5pc2hhbm9pLm9yZyIsImZpbGVfcGsiOjMyNTg1NiwidGFibGVfbmFtZSI6IlBlcnNvbiIsInJlY29yZF9mayI6NTQ5NjMsImV4cCI6MTc3MzUzMTAwMH0=.4vqIUSimzpkQXeY8MPebqJRz_Pu7qT3MiHA6LNHzp8E=&transform=true
54964,https://files2.veracross.com/unishanoi/legacy_files/325677?auth=eyJhbGciOiJIUzI1NiIsInR5cCI6IkpXVCJ9.eyJkYXRhYmFzZSI6InVuaXNoYW5vaSIsInVzZXJuYW1lIjoiZHZjaHV5ZW5AdW5pc2hhbm9pLm9yZyIsImZpbGVfcGsiOjMyNTY3NywidGFibGVfbmFtZSI6IlBlcnNvbiIsInJlY29yZF9mayI6NTQ5NjQsImV4cCI6MTc3MzUzMTAwMH0=.7CfAkhyu2PgBpGxgX0JO5do4FJ4L_VEvKBXTxvG90iE=&transform=true
54989,https://files2.veracross.com/unishanoi/legacy_files/325805?auth=eyJhbGciOiJIUzI1NiIsInR5cCI6IkpXVCJ9.eyJkYXRhYmFzZSI6InVuaXNoYW5vaSIsInVzZXJuYW1lIjoiZHZjaHV5ZW5AdW5pc2hhbm9pLm9yZyIsImZpbGVfcGsiOjMyNTgwNSwidGFibGVfbmFtZSI6IlBlcnNvbiIsInJlY29yZF9mayI6NTQ5ODksImV4cCI6MTc3MzUzMTAwMH0=.LBzOD_-jUMXeFr38Q4IaqzZ33eARZ3mpxYqZ3M-tlRI=&transform=true
54990,https://files2.veracross.com/unishanoi/legacy_files/324846?auth=eyJhbGciOiJIUzI1NiIsInR5cCI6IkpXVCJ9.eyJkYXRhYmFzZSI6InVuaXNoYW5vaSIsInVzZXJuYW1lIjoiZHZjaHV5ZW5AdW5pc2hhbm9pLm9yZyIsImZpbGVfcGsiOjMyNDg0NiwidGFibGVfbmFtZSI6IlBlcnNvbiIsInJlY29yZF9mayI6NTQ5OTAsImV4cCI6MTc3MzUzMTAwMH0=.QByYjSZgpox0YtF2hgwhgmJmQZ6Gae7sTamWXo9mx9w=&transform=true
55071,https://files2.veracross.com/unishanoi/legacy_files/325690?auth=eyJhbGciOiJIUzI1NiIsInR5cCI6IkpXVCJ9.eyJkYXRhYmFzZSI6InVuaXNoYW5vaSIsInVzZXJuYW1lIjoiZHZjaHV5ZW5AdW5pc2hhbm9pLm9yZyIsImZpbGVfcGsiOjMyNTY5MCwidGFibGVfbmFtZSI6IlBlcnNvbiIsInJlY29yZF9mayI6NTUwNzEsImV4cCI6MTc3MzUzMTAwMH0=.JYH2hYPfWHnpvr_876bnTsEtnvldADXB20wmKbiyWZ0=&transform=true
55072,https://files2.veracross.com/unishanoi/legacy_files/325618?auth=eyJhbGciOiJIUzI1NiIsInR5cCI6IkpXVCJ9.eyJkYXRhYmFzZSI6InVuaXNoYW5vaSIsInVzZXJuYW1lIjoiZHZjaHV5ZW5AdW5pc2hhbm9pLm9yZyIsImZpbGVfcGsiOjMyNTYxOCwidGFibGVfbmFtZSI6IlBlcnNvbiIsInJlY29yZF9mayI6NTUwNzIsImV4cCI6MTc3MzUzMTAwMH0=.JIpTiohfhzPoSEhFDEpJKn8isewMrIPg_sIU8lRMK28=&transform=true
55093,https://files2.veracross.com/unishanoi/legacy_files/324892?auth=eyJhbGciOiJIUzI1NiIsInR5cCI6IkpXVCJ9.eyJkYXRhYmFzZSI6InVuaXNoYW5vaSIsInVzZXJuYW1lIjoiZHZjaHV5ZW5AdW5pc2hhbm9pLm9yZyIsImZpbGVfcGsiOjMyNDg5MiwidGFibGVfbmFtZSI6IlBlcnNvbiIsInJlY29yZF9mayI6NTUwOTMsImV4cCI6MTc3MzUzMTAwMH0=.bH3CTT3H1yBmLY23COrpU20d6jdW9dtb6g6jJnAwOck=&transform=true
55111,https://files2.veracross.com/unishanoi/legacy_files/325655?auth=eyJhbGciOiJIUzI1NiIsInR5cCI6IkpXVCJ9.eyJkYXRhYmFzZSI6InVuaXNoYW5vaSIsInVzZXJuYW1lIjoiZHZjaHV5ZW5AdW5pc2hhbm9pLm9yZyIsImZpbGVfcGsiOjMyNTY1NSwidGFibGVfbmFtZSI6IlBlcnNvbiIsInJlY29yZF9mayI6NTUxMTEsImV4cCI6MTc3MzUzMTAwMH0=.WVm0aycD2QRj9qNkCdnoEMAwyWN7rT-5aveHJsgBlBw=&transform=true
55112,https://files2.veracross.com/unishanoi/legacy_files/325597?auth=eyJhbGciOiJIUzI1NiIsInR5cCI6IkpXVCJ9.eyJkYXRhYmFzZSI6InVuaXNoYW5vaSIsInVzZXJuYW1lIjoiZHZjaHV5ZW5AdW5pc2hhbm9pLm9yZyIsImZpbGVfcGsiOjMyNTU5NywidGFibGVfbmFtZSI6IlBlcnNvbiIsInJlY29yZF9mayI6NTUxMTIsImV4cCI6MTc3MzUzMTAwMH0=.CGW_PIOJScDMRmGeV0BaB7ggKq72hn3yChyy8a28J6U=&transform=true
55116,https://files2.veracross.com/unishanoi/legacy_files/325875?auth=eyJhbGciOiJIUzI1NiIsInR5cCI6IkpXVCJ9.eyJkYXRhYmFzZSI6InVuaXNoYW5vaSIsInVzZXJuYW1lIjoiZHZjaHV5ZW5AdW5pc2hhbm9pLm9yZyIsImZpbGVfcGsiOjMyNTg3NSwidGFibGVfbmFtZSI6IlBlcnNvbiIsInJlY29yZF9mayI6NTUxMTYsImV4cCI6MTc3MzUzMTAwMH0=.irI90PAlbc2L_A64oDvrurYyaGCQcgY8diO69Qp9qgI=&transform=true
55220,https://files2.veracross.com/unishanoi/legacy_files/325179?auth=eyJhbGciOiJIUzI1NiIsInR5cCI6IkpXVCJ9.eyJkYXRhYmFzZSI6InVuaXNoYW5vaSIsInVzZXJuYW1lIjoiZHZjaHV5ZW5AdW5pc2hhbm9pLm9yZyIsImZpbGVfcGsiOjMyNTE3OSwidGFibGVfbmFtZSI6IlBlcnNvbiIsInJlY29yZF9mayI6NTUyMjAsImV4cCI6MTc3MzUzMTAwMH0=.MrJT4giRMtmmvAJm8Y3jxnK9hpywo2jOUqn286nAa1w=&transform=true
55224,https://files2.veracross.com/unishanoi/legacy_files/325151?auth=eyJhbGciOiJIUzI1NiIsInR5cCI6IkpXVCJ9.eyJkYXRhYmFzZSI6InVuaXNoYW5vaSIsInVzZXJuYW1lIjoiZHZjaHV5ZW5AdW5pc2hhbm9pLm9yZyIsImZpbGVfcGsiOjMyNTE1MSwidGFibGVfbmFtZSI6IlBlcnNvbiIsInJlY29yZF9mayI6NTUyMjQsImV4cCI6MTc3MzUzMTAwMH0=.bFaZflVqFPKuVUZX8tvpGF5FLjviofHTfz3C3mJrWTU=&transform=true
55244,https://files2.veracross.com/unishanoi/legacy_files/324838?auth=eyJhbGciOiJIUzI1NiIsInR5cCI6IkpXVCJ9.eyJkYXRhYmFzZSI6InVuaXNoYW5vaSIsInVzZXJuYW1lIjoiZHZjaHV5ZW5AdW5pc2hhbm9pLm9yZyIsImZpbGVfcGsiOjMyNDgzOCwidGFibGVfbmFtZSI6IlBlcnNvbiIsInJlY29yZF9mayI6NTUyNDQsImV4cCI6MTc3MzUzMTAwMH0=.9p5DXpBkUIUI620E1hq07tS9_pjs3xw95HB7g3nk3K8=&transform=true
55259,https://files2.veracross.com/unishanoi/legacy_files/325640?auth=eyJhbGciOiJIUzI1NiIsInR5cCI6IkpXVCJ9.eyJkYXRhYmFzZSI6InVuaXNoYW5vaSIsInVzZXJuYW1lIjoiZHZjaHV5ZW5AdW5pc2hhbm9pLm9yZyIsImZpbGVfcGsiOjMyNTY0MCwidGFibGVfbmFtZSI6IlBlcnNvbiIsInJlY29yZF9mayI6NTUyNTksImV4cCI6MTc3MzUzMTAwMH0=.p2FvDMbdXVV7wtgKSelt_tbMW1vlm8u6gcXPABRD1jU=&transform=true
55273,https://files2.veracross.com/unishanoi/legacy_files/325681?auth=eyJhbGciOiJIUzI1NiIsInR5cCI6IkpXVCJ9.eyJkYXRhYmFzZSI6InVuaXNoYW5vaSIsInVzZXJuYW1lIjoiZHZjaHV5ZW5AdW5pc2hhbm9pLm9yZyIsImZpbGVfcGsiOjMyNTY4MSwidGFibGVfbmFtZSI6IlBlcnNvbiIsInJlY29yZF9mayI6NTUyNzMsImV4cCI6MTc3MzUzMTAwMH0=.IpMgI6qhXR1H-ol39cP10m0V_htDGadQuCQFy-2c6t0=&transform=true
55287,https://files2.veracross.com/unishanoi/legacy_files/324835?auth=eyJhbGciOiJIUzI1NiIsInR5cCI6IkpXVCJ9.eyJkYXRhYmFzZSI6InVuaXNoYW5vaSIsInVzZXJuYW1lIjoiZHZjaHV5ZW5AdW5pc2hhbm9pLm9yZyIsImZpbGVfcGsiOjMyNDgzNSwidGFibGVfbmFtZSI6IlBlcnNvbiIsInJlY29yZF9mayI6NTUyODcsImV4cCI6MTc3MzUzMTAwMH0=.0vYRszrkCS9UkhIAgz-QZENi6W7FNbLBNqLETi-N6uI=&transform=true
55324,https://files2.veracross.com/unishanoi/legacy_files/324849?auth=eyJhbGciOiJIUzI1NiIsInR5cCI6IkpXVCJ9.eyJkYXRhYmFzZSI6InVuaXNoYW5vaSIsInVzZXJuYW1lIjoiZHZjaHV5ZW5AdW5pc2hhbm9pLm9yZyIsImZpbGVfcGsiOjMyNDg0OSwidGFibGVfbmFtZSI6IlBlcnNvbiIsInJlY29yZF9mayI6NTUzMjQsImV4cCI6MTc3MzUzMTAwMH0=.kHJ6ArdA2lLklUBby_F9qj7CVKxYAitoUfIQeoZAPgA=&transform=true
55337,https://files2.veracross.com/unishanoi/legacy_files/324933?auth=eyJhbGciOiJIUzI1NiIsInR5cCI6IkpXVCJ9.eyJkYXRhYmFzZSI6InVuaXNoYW5vaSIsInVzZXJuYW1lIjoiZHZjaHV5ZW5AdW5pc2hhbm9pLm9yZyIsImZpbGVfcGsiOjMyNDkzMywidGFibGVfbmFtZSI6IlBlcnNvbiIsInJlY29yZF9mayI6NTUzMzcsImV4cCI6MTc3MzUzMTAwMH0=.BYA9kRUCAiU8h5n0mtrd4g_gWFc3UhuGKLeuSOFpGw8=&transform=true
55552,https://files2.veracross.com/unishanoi/legacy_files/325181?auth=eyJhbGciOiJIUzI1NiIsInR5cCI6IkpXVCJ9.eyJkYXRhYmFzZSI6InVuaXNoYW5vaSIsInVzZXJuYW1lIjoiZHZjaHV5ZW5AdW5pc2hhbm9pLm9yZyIsImZpbGVfcGsiOjMyNTE4MSwidGFibGVfbmFtZSI6IlBlcnNvbiIsInJlY29yZF9mayI6NTU1NTIsImV4cCI6MTc3MzUzMTAwMH0=.gYytf6dHlBguxP6Q4-oLA8RqSkCkE99lttnGDB0TakM=&transform=true
55639,https://files2.veracross.com/unishanoi/legacy_files/325454?auth=eyJhbGciOiJIUzI1NiIsInR5cCI6IkpXVCJ9.eyJkYXRhYmFzZSI6InVuaXNoYW5vaSIsInVzZXJuYW1lIjoiZHZjaHV5ZW5AdW5pc2hhbm9pLm9yZyIsImZpbGVfcGsiOjMyNTQ1NCwidGFibGVfbmFtZSI6IlBlcnNvbiIsInJlY29yZF9mayI6NTU2MzksImV4cCI6MTc3MzUzMTAwMH0=.f4tR2I3Zh66O6j8eo-lwCTLJB3oDE2JfjgXUhLC4DFE=&transform=true
55642,https://files2.veracross.com/unishanoi/legacy_files/324869?auth=eyJhbGciOiJIUzI1NiIsInR5cCI6IkpXVCJ9.eyJkYXRhYmFzZSI6InVuaXNoYW5vaSIsInVzZXJuYW1lIjoiZHZjaHV5ZW5AdW5pc2hhbm9pLm9yZyIsImZpbGVfcGsiOjMyNDg2OSwidGFibGVfbmFtZSI6IlBlcnNvbiIsInJlY29yZF9mayI6NTU2NDIsImV4cCI6MTc3MzUzMTAwMH0=.XwaNtt5K-dwIr_e4XOorn6c-dW7_f5et8NdFEotdLdk=&transform=true
55650,https://files2.veracross.com/unishanoi/legacy_files/324987?auth=eyJhbGciOiJIUzI1NiIsInR5cCI6IkpXVCJ9.eyJkYXRhYmFzZSI6InVuaXNoYW5vaSIsInVzZXJuYW1lIjoiZHZjaHV5ZW5AdW5pc2hhbm9pLm9yZyIsImZpbGVfcGsiOjMyNDk4NywidGFibGVfbmFtZSI6IlBlcnNvbiIsInJlY29yZF9mayI6NTU2NTAsImV4cCI6MTc3MzUzMTAwMH0=.VIojyHUOM2HMLm5xH0SSFs_qotDzGf4AN0Tlk_rcV5I=&transform=true
55697,https://files2.veracross.com/unishanoi/legacy_files/324855?auth=eyJhbGciOiJIUzI1NiIsInR5cCI6IkpXVCJ9.eyJkYXRhYmFzZSI6InVuaXNoYW5vaSIsInVzZXJuYW1lIjoiZHZjaHV5ZW5AdW5pc2hhbm9pLm9yZyIsImZpbGVfcGsiOjMyNDg1NSwidGFibGVfbmFtZSI6IlBlcnNvbiIsInJlY29yZF9mayI6NTU2OTcsImV4cCI6MTc3MzUzMTAwMH0=.-vWppl8IdV25_e_IkzaG0WIWi6lH1RwpBNazxlbQ904=&transform=true
55698,https://files2.veracross.com/unishanoi/legacy_files/325785?auth=eyJhbGciOiJIUzI1NiIsInR5cCI6IkpXVCJ9.eyJkYXRhYmFzZSI6InVuaXNoYW5vaSIsInVzZXJuYW1lIjoiZHZjaHV5ZW5AdW5pc2hhbm9pLm9yZyIsImZpbGVfcGsiOjMyNTc4NSwidGFibGVfbmFtZSI6IlBlcnNvbiIsInJlY29yZF9mayI6NTU2OTgsImV4cCI6MTc3MzUzMTAwMH0=.YyA1rYNQFwCFwYTgY5iVOaHEBJef3FqEYckUfYvnuDo=&transform=true
55774,https://files2.veracross.com/unishanoi/legacy_files/325401?auth=eyJhbGciOiJIUzI1NiIsInR5cCI6IkpXVCJ9.eyJkYXRhYmFzZSI6InVuaXNoYW5vaSIsInVzZXJuYW1lIjoiZHZjaHV5ZW5AdW5pc2hhbm9pLm9yZyIsImZpbGVfcGsiOjMyNTQwMSwidGFibGVfbmFtZSI6IlBlcnNvbiIsInJlY29yZF9mayI6NTU3NzQsImV4cCI6MTc3MzUzMTAwMH0=.9p9OYFR9UCl6pLQiUd7qB_8hqwwN2itbMEUe8YEf7c8=&transform=true
55789,https://files2.veracross.com/unishanoi/legacy_files/325318?auth=eyJhbGciOiJIUzI1NiIsInR5cCI6IkpXVCJ9.eyJkYXRhYmFzZSI6InVuaXNoYW5vaSIsInVzZXJuYW1lIjoiZHZjaHV5ZW5AdW5pc2hhbm9pLm9yZyIsImZpbGVfcGsiOjMyNTMxOCwidGFibGVfbmFtZSI6IlBlcnNvbiIsInJlY29yZF9mayI6NTU3ODksImV4cCI6MTc3MzUzMTAwMH0=.P9IvfldWPai6gaK0CnN-lsAUW-NGl-hLnxxyu3QVEUA=&transform=true
55848,https://files2.veracross.com/unishanoi/legacy_files/324930?auth=eyJhbGciOiJIUzI1NiIsInR5cCI6IkpXVCJ9.eyJkYXRhYmFzZSI6InVuaXNoYW5vaSIsInVzZXJuYW1lIjoiZHZjaHV5ZW5AdW5pc2hhbm9pLm9yZyIsImZpbGVfcGsiOjMyNDkzMCwidGFibGVfbmFtZSI6IlBlcnNvbiIsInJlY29yZF9mayI6NTU4NDgsImV4cCI6MTc3MzUzMTAwMH0=.eyjkyNFoElPIB5xHdyCKcXszcOaSQJ7fVMywSHB37-Q=&transform=true
55849,https://files2.veracross.com/unishanoi/legacy_files/324980?auth=eyJhbGciOiJIUzI1NiIsInR5cCI6IkpXVCJ9.eyJkYXRhYmFzZSI6InVuaXNoYW5vaSIsInVzZXJuYW1lIjoiZHZjaHV5ZW5AdW5pc2hhbm9pLm9yZyIsImZpbGVfcGsiOjMyNDk4MCwidGFibGVfbmFtZSI6IlBlcnNvbiIsInJlY29yZF9mayI6NTU4NDksImV4cCI6MTc3MzUzMTAwMH0=.j1SuakFW66h3XRpjo1YYZXbdWOvD6rK2T50RNPhXQ1o=&transform=true
55857,https://files2.veracross.com/unishanoi/legacy_files/325897?auth=eyJhbGciOiJIUzI1NiIsInR5cCI6IkpXVCJ9.eyJkYXRhYmFzZSI6InVuaXNoYW5vaSIsInVzZXJuYW1lIjoiZHZjaHV5ZW5AdW5pc2hhbm9pLm9yZyIsImZpbGVfcGsiOjMyNTg5NywidGFibGVfbmFtZSI6IlBlcnNvbiIsInJlY29yZF9mayI6NTU4NTcsImV4cCI6MTc3MzUzMTAwMH0=.DmNkEY43cyNHozhCtoHPy3xhncXB_QU9yF9ZfmcTpko=&transform=true
55933,https://files2.veracross.com/unishanoi/legacy_files/325624?auth=eyJhbGciOiJIUzI1NiIsInR5cCI6IkpXVCJ9.eyJkYXRhYmFzZSI6InVuaXNoYW5vaSIsInVzZXJuYW1lIjoiZHZjaHV5ZW5AdW5pc2hhbm9pLm9yZyIsImZpbGVfcGsiOjMyNTYyNCwidGFibGVfbmFtZSI6IlBlcnNvbiIsInJlY29yZF9mayI6NTU5MzMsImV4cCI6MTc3MzUzMTAwMH0=.mS2I8FF9u6UsqNAU0unXWB99TSpA-uU5NP_Pt2D3QyY=&transform=true
55952,https://files2.veracross.com/unishanoi/legacy_files/325410?auth=eyJhbGciOiJIUzI1NiIsInR5cCI6IkpXVCJ9.eyJkYXRhYmFzZSI6InVuaXNoYW5vaSIsInVzZXJuYW1lIjoiZHZjaHV5ZW5AdW5pc2hhbm9pLm9yZyIsImZpbGVfcGsiOjMyNTQxMCwidGFibGVfbmFtZSI6IlBlcnNvbiIsInJlY29yZF9mayI6NTU5NTIsImV4cCI6MTc3MzUzMTAwMH0=.xBrrQI_u2lKu4u2zygCTh4DTAxVTJieUZfqm_Xn6AxU=&transform=true
56008,https://files2.veracross.com/unishanoi/legacy_files/325680?auth=eyJhbGciOiJIUzI1NiIsInR5cCI6IkpXVCJ9.eyJkYXRhYmFzZSI6InVuaXNoYW5vaSIsInVzZXJuYW1lIjoiZHZjaHV5ZW5AdW5pc2hhbm9pLm9yZyIsImZpbGVfcGsiOjMyNTY4MCwidGFibGVfbmFtZSI6IlBlcnNvbiIsInJlY29yZF9mayI6NTYwMDgsImV4cCI6MTc3MzUzMTAwMH0=.AR5Z51GXmJtHRxaBqk5tBNJM0hhrUak46_lnLM5_mxk=&transform=true
56009,https://files2.veracross.com/unishanoi/legacy_files/325705?auth=eyJhbGciOiJIUzI1NiIsInR5cCI6IkpXVCJ9.eyJkYXRhYmFzZSI6InVuaXNoYW5vaSIsInVzZXJuYW1lIjoiZHZjaHV5ZW5AdW5pc2hhbm9pLm9yZyIsImZpbGVfcGsiOjMyNTcwNSwidGFibGVfbmFtZSI6IlBlcnNvbiIsInJlY29yZF9mayI6NTYwMDksImV4cCI6MTc3MzUzMTAwMH0=.AnEJbRegsQn3aL0g9-motfboH5aLcbHuzOmb3IfliOo=&transform=true
56054,https://files2.veracross.com/unishanoi/legacy_files/325298?auth=eyJhbGciOiJIUzI1NiIsInR5cCI6IkpXVCJ9.eyJkYXRhYmFzZSI6InVuaXNoYW5vaSIsInVzZXJuYW1lIjoiZHZjaHV5ZW5AdW5pc2hhbm9pLm9yZyIsImZpbGVfcGsiOjMyNTI5OCwidGFibGVfbmFtZSI6IlBlcnNvbiIsInJlY29yZF9mayI6NTYwNTQsImV4cCI6MTc3MzUzMTAwMH0=.5XDFohsj9al_1KFY_ALljquxdH_9Hq0MMBkU0y5iNzw=&transform=true
56355,https://files2.veracross.com/unishanoi/legacy_files/325594?auth=eyJhbGciOiJIUzI1NiIsInR5cCI6IkpXVCJ9.eyJkYXRhYmFzZSI6InVuaXNoYW5vaSIsInVzZXJuYW1lIjoiZHZjaHV5ZW5AdW5pc2hhbm9pLm9yZyIsImZpbGVfcGsiOjMyNTU5NCwidGFibGVfbmFtZSI6IlBlcnNvbiIsInJlY29yZF9mayI6NTYzNTUsImV4cCI6MTc3MzUzMTAwMH0=.ckR4XWVev-h029Bz6-CvMSYIU4jLlY2HnBxDvoV-rQQ=&transform=true
56356,https://files2.veracross.com/unishanoi/legacy_files/325654?auth=eyJhbGciOiJIUzI1NiIsInR5cCI6IkpXVCJ9.eyJkYXRhYmFzZSI6InVuaXNoYW5vaSIsInVzZXJuYW1lIjoiZHZjaHV5ZW5AdW5pc2hhbm9pLm9yZyIsImZpbGVfcGsiOjMyNTY1NCwidGFibGVfbmFtZSI6IlBlcnNvbiIsInJlY29yZF9mayI6NTYzNTYsImV4cCI6MTc3MzUzMTAwMH0=.c9BSnWLvyjIUZmNc8V8tpg-CPWYc9f5wZSVVJYkoiZc=&transform=true
56374,https://files2.veracross.com/unishanoi/legacy_files/324796?auth=eyJhbGciOiJIUzI1NiIsInR5cCI6IkpXVCJ9.eyJkYXRhYmFzZSI6InVuaXNoYW5vaSIsInVzZXJuYW1lIjoiZHZjaHV5ZW5AdW5pc2hhbm9pLm9yZyIsImZpbGVfcGsiOjMyNDc5NiwidGFibGVfbmFtZSI6IlBlcnNvbiIsInJlY29yZF9mayI6NTYzNzQsImV4cCI6MTc3MzUzMTAwMH0=.pt2l7by0AbuSEH0BNYSP0t12FmOFO_8SgLnVlsekx8M=&transform=true
56422,https://files2.veracross.com/unishanoi/legacy_files/325797?auth=eyJhbGciOiJIUzI1NiIsInR5cCI6IkpXVCJ9.eyJkYXRhYmFzZSI6InVuaXNoYW5vaSIsInVzZXJuYW1lIjoiZHZjaHV5ZW5AdW5pc2hhbm9pLm9yZyIsImZpbGVfcGsiOjMyNTc5NywidGFibGVfbmFtZSI6IlBlcnNvbiIsInJlY29yZF9mayI6NTY0MjIsImV4cCI6MTc3MzUzMTAwMH0=.vLy6B8ExKPQdB2_xF9UR5pcHtQQb5Y_EfTocEnU_wtA=&transform=true
56423,https://files2.veracross.com/unishanoi/legacy_files/325869?auth=eyJhbGciOiJIUzI1NiIsInR5cCI6IkpXVCJ9.eyJkYXRhYmFzZSI6InVuaXNoYW5vaSIsInVzZXJuYW1lIjoiZHZjaHV5ZW5AdW5pc2hhbm9pLm9yZyIsImZpbGVfcGsiOjMyNTg2OSwidGFibGVfbmFtZSI6IlBlcnNvbiIsInJlY29yZF9mayI6NTY0MjMsImV4cCI6MTc3MzUzMTAwMH0=.52NoGzsWyWRGkq8MNRl_xKe5aDp9QC-WpV2GpdEys4g=&transform=true
56456,https://files2.veracross.com/unishanoi/legacy_files/325453?auth=eyJhbGciOiJIUzI1NiIsInR5cCI6IkpXVCJ9.eyJkYXRhYmFzZSI6InVuaXNoYW5vaSIsInVzZXJuYW1lIjoiZHZjaHV5ZW5AdW5pc2hhbm9pLm9yZyIsImZpbGVfcGsiOjMyNTQ1MywidGFibGVfbmFtZSI6IlBlcnNvbiIsInJlY29yZF9mayI6NTY0NTYsImV4cCI6MTc3MzUzMTAwMH0=.M5BHLtl8gSeiJuJDZedr0qflcs-tP1E0nkpgqadeQP0=&transform=true
56483,https://files2.veracross.com/unishanoi/legacy_files/325577?auth=eyJhbGciOiJIUzI1NiIsInR5cCI6IkpXVCJ9.eyJkYXRhYmFzZSI6InVuaXNoYW5vaSIsInVzZXJuYW1lIjoiZHZjaHV5ZW5AdW5pc2hhbm9pLm9yZyIsImZpbGVfcGsiOjMyNTU3NywidGFibGVfbmFtZSI6IlBlcnNvbiIsInJlY29yZF9mayI6NTY0ODMsImV4cCI6MTc3MzUzMTAwMH0=.wn9wek_nLze4URI65NkwI3xt9MXDIIiB1HBH25QZceQ=&transform=true
56486,https://files2.veracross.com/unishanoi/legacy_files/325344?auth=eyJhbGciOiJIUzI1NiIsInR5cCI6IkpXVCJ9.eyJkYXRhYmFzZSI6InVuaXNoYW5vaSIsInVzZXJuYW1lIjoiZHZjaHV5ZW5AdW5pc2hhbm9pLm9yZyIsImZpbGVfcGsiOjMyNTM0NCwidGFibGVfbmFtZSI6IlBlcnNvbiIsInJlY29yZF9mayI6NTY0ODYsImV4cCI6MTc3MzUzMTAwMH0=.ElLhHq8l0QJbPKQkYSFdqwJ0c8Ej6KBd7F-1T9VlMpQ=&transform=true
56487,https://files2.veracross.com/unishanoi/legacy_files/325291?auth=eyJhbGciOiJIUzI1NiIsInR5cCI6IkpXVCJ9.eyJkYXRhYmFzZSI6InVuaXNoYW5vaSIsInVzZXJuYW1lIjoiZHZjaHV5ZW5AdW5pc2hhbm9pLm9yZyIsImZpbGVfcGsiOjMyNTI5MSwidGFibGVfbmFtZSI6IlBlcnNvbiIsInJlY29yZF9mayI6NTY0ODcsImV4cCI6MTc3MzUzMTAwMH0=.5AJoJyUbSdDc-moLOlA41QjM197gd5IicFGA9wF7j9Y=&transform=true
56490,https://files2.veracross.com/unishanoi/legacy_files/325370?auth=eyJhbGciOiJIUzI1NiIsInR5cCI6IkpXVCJ9.eyJkYXRhYmFzZSI6InVuaXNoYW5vaSIsInVzZXJuYW1lIjoiZHZjaHV5ZW5AdW5pc2hhbm9pLm9yZyIsImZpbGVfcGsiOjMyNTM3MCwidGFibGVfbmFtZSI6IlBlcnNvbiIsInJlY29yZF9mayI6NTY0OTAsImV4cCI6MTc3MzUzMTAwMH0=.w39KZ48xi2fNlJWsJev0eVAHZyEdRg2ItXeZNHbnaGc=&transform=true
56526,https://files2.veracross.com/unishanoi/legacy_files/325424?auth=eyJhbGciOiJIUzI1NiIsInR5cCI6IkpXVCJ9.eyJkYXRhYmFzZSI6InVuaXNoYW5vaSIsInVzZXJuYW1lIjoiZHZjaHV5ZW5AdW5pc2hhbm9pLm9yZyIsImZpbGVfcGsiOjMyNTQyNCwidGFibGVfbmFtZSI6IlBlcnNvbiIsInJlY29yZF9mayI6NTY1MjYsImV4cCI6MTc3MzUzMTAwMH0=.PFVBCzzFjTDMAg-NiPdgYOGfL6lh-IBvv4foEPeJw5I=&transform=true
56527,https://files2.veracross.com/unishanoi/legacy_files/325393?auth=eyJhbGciOiJIUzI1NiIsInR5cCI6IkpXVCJ9.eyJkYXRhYmFzZSI6InVuaXNoYW5vaSIsInVzZXJuYW1lIjoiZHZjaHV5ZW5AdW5pc2hhbm9pLm9yZyIsImZpbGVfcGsiOjMyNTM5MywidGFibGVfbmFtZSI6IlBlcnNvbiIsInJlY29yZF9mayI6NTY1MjcsImV4cCI6MTc3MzUzMTAwMH0=.m40OwMgrNIW-Dlq4Z7fOt36Hc0nfa-UOuxEiq2OBTA0=&transform=true
56531,https://files2.veracross.com/unishanoi/legacy_files/325320?auth=eyJhbGciOiJIUzI1NiIsInR5cCI6IkpXVCJ9.eyJkYXRhYmFzZSI6InVuaXNoYW5vaSIsInVzZXJuYW1lIjoiZHZjaHV5ZW5AdW5pc2hhbm9pLm9yZyIsImZpbGVfcGsiOjMyNTMyMCwidGFibGVfbmFtZSI6IlBlcnNvbiIsInJlY29yZF9mayI6NTY1MzEsImV4cCI6MTc3MzUzMTAwMH0=.H6z4JuKiqdacPn7_5ccVMW_-Qh20UwGyQbJL0Gnph6w=&transform=true
56578,https://files2.veracross.com/unishanoi/legacy_files/325689?auth=eyJhbGciOiJIUzI1NiIsInR5cCI6IkpXVCJ9.eyJkYXRhYmFzZSI6InVuaXNoYW5vaSIsInVzZXJuYW1lIjoiZHZjaHV5ZW5AdW5pc2hhbm9pLm9yZyIsImZpbGVfcGsiOjMyNTY4OSwidGFibGVfbmFtZSI6IlBlcnNvbiIsInJlY29yZF9mayI6NTY1NzgsImV4cCI6MTc3MzUzMTAwMH0=.QmeZdQmSypSSjMqSaEuRDkbNYc7C-_yagWC-UKNDA78=&transform=true
56592,https://files2.veracross.com/unishanoi/legacy_files/325693?auth=eyJhbGciOiJIUzI1NiIsInR5cCI6IkpXVCJ9.eyJkYXRhYmFzZSI6InVuaXNoYW5vaSIsInVzZXJuYW1lIjoiZHZjaHV5ZW5AdW5pc2hhbm9pLm9yZyIsImZpbGVfcGsiOjMyNTY5MywidGFibGVfbmFtZSI6IlBlcnNvbiIsInJlY29yZF9mayI6NTY1OTIsImV4cCI6MTc3MzUzMTAwMH0=.m_-LQbZ3Cv-AY35Ge12H6Z4g0lW0DcI528m3bflbd38=&transform=true
56611,https://files2.veracross.com/unishanoi/legacy_files/324852?auth=eyJhbGciOiJIUzI1NiIsInR5cCI6IkpXVCJ9.eyJkYXRhYmFzZSI6InVuaXNoYW5vaSIsInVzZXJuYW1lIjoiZHZjaHV5ZW5AdW5pc2hhbm9pLm9yZyIsImZpbGVfcGsiOjMyNDg1MiwidGFibGVfbmFtZSI6IlBlcnNvbiIsInJlY29yZF9mayI6NTY2MTEsImV4cCI6MTc3MzUzMTAwMH0=.4A50I-3cys_Xbj2FukafMWM1Om99HKzkQY7K-NKloEs=&transform=true
56614,https://files2.veracross.com/unishanoi/legacy_files/326268?auth=eyJhbGciOiJIUzI1NiIsInR5cCI6IkpXVCJ9.eyJkYXRhYmFzZSI6InVuaXNoYW5vaSIsInVzZXJuYW1lIjoiZHZjaHV5ZW5AdW5pc2hhbm9pLm9yZyIsImZpbGVfcGsiOjMyNjI2OCwidGFibGVfbmFtZSI6IlBlcnNvbiIsInJlY29yZF9mayI6NTY2MTQsImV4cCI6MTc3MzUzMTAwMH0=.nHbgAW-yu3V53WJPVcchOUMeSKN-T8ZpaxasgGgsIwI=&transform=true
56673,https://files2.veracross.com/unishanoi/legacy_files/325057?auth=eyJhbGciOiJIUzI1NiIsInR5cCI6IkpXVCJ9.eyJkYXRhYmFzZSI6InVuaXNoYW5vaSIsInVzZXJuYW1lIjoiZHZjaHV5ZW5AdW5pc2hhbm9pLm9yZyIsImZpbGVfcGsiOjMyNTA1NywidGFibGVfbmFtZSI6IlBlcnNvbiIsInJlY29yZF9mayI6NTY2NzMsImV4cCI6MTc3MzUzMTAwMH0=.l5hL6dewOmdrsvKiBRqIke0k49zYOHfr47uiIhKo2hY=&transform=true
56703,https://files2.veracross.com/unishanoi/legacy_files/325262?auth=eyJhbGciOiJIUzI1NiIsInR5cCI6IkpXVCJ9.eyJkYXRhYmFzZSI6InVuaXNoYW5vaSIsInVzZXJuYW1lIjoiZHZjaHV5ZW5AdW5pc2hhbm9pLm9yZyIsImZpbGVfcGsiOjMyNTI2MiwidGFibGVfbmFtZSI6IlBlcnNvbiIsInJlY29yZF9mayI6NTY3MDMsImV4cCI6MTc3MzUzMTAwMH0=.i5Ht5OHy_v-wOVakWBKxiDYNENMVbWpPYqMdRyAhWZo=&transform=true
56746,https://files2.veracross.com/unishanoi/legacy_files/325679?auth=eyJhbGciOiJIUzI1NiIsInR5cCI6IkpXVCJ9.eyJkYXRhYmFzZSI6InVuaXNoYW5vaSIsInVzZXJuYW1lIjoiZHZjaHV5ZW5AdW5pc2hhbm9pLm9yZyIsImZpbGVfcGsiOjMyNTY3OSwidGFibGVfbmFtZSI6IlBlcnNvbiIsInJlY29yZF9mayI6NTY3NDYsImV4cCI6MTc3MzUzMTAwMH0=.tBxA1UPc_Klo1Mtzwi8v_kO_NXsjQ4Qk4rS-9Emv5Mo=&transform=true
56752,https://files2.veracross.com/unishanoi/legacy_files/325678?auth=eyJhbGciOiJIUzI1NiIsInR5cCI6IkpXVCJ9.eyJkYXRhYmFzZSI6InVuaXNoYW5vaSIsInVzZXJuYW1lIjoiZHZjaHV5ZW5AdW5pc2hhbm9pLm9yZyIsImZpbGVfcGsiOjMyNTY3OCwidGFibGVfbmFtZSI6IlBlcnNvbiIsInJlY29yZF9mayI6NTY3NTIsImV4cCI6MTc3MzUzMTAwMH0=.S5n5XSudle09Qw6iHzne-on-zH3FalDev3T3aQHkrRI=&transform=true
56768,https://files2.veracross.com/unishanoi/legacy_files/325808?auth=eyJhbGciOiJIUzI1NiIsInR5cCI6IkpXVCJ9.eyJkYXRhYmFzZSI6InVuaXNoYW5vaSIsInVzZXJuYW1lIjoiZHZjaHV5ZW5AdW5pc2hhbm9pLm9yZyIsImZpbGVfcGsiOjMyNTgwOCwidGFibGVfbmFtZSI6IlBlcnNvbiIsInJlY29yZF9mayI6NTY3NjgsImV4cCI6MTc3MzUzMTAwMH0=.fyk-6cRrjVAVMOQzOGH106jWB1khCuOPQTuVjN-LQDk=&transform=true
56775,https://files2.veracross.com/unishanoi/legacy_files/295380?auth=eyJhbGciOiJIUzI1NiIsInR5cCI6IkpXVCJ9.eyJkYXRhYmFzZSI6InVuaXNoYW5vaSIsInVzZXJuYW1lIjoiZHZjaHV5ZW5AdW5pc2hhbm9pLm9yZyIsImZpbGVfcGsiOjI5NTM4MCwidGFibGVfbmFtZSI6IlBlcnNvbiIsInJlY29yZF9mayI6NTY3NzUsImV4cCI6MTc3MzUzMTAwMH0=.872WTs6V8__mGrNZqUWZgZ7nlJvxrOS6MOGihj8aMNU=&transform=true
56776,https://files2.veracross.com/unishanoi/legacy_files/324942?auth=eyJhbGciOiJIUzI1NiIsInR5cCI6IkpXVCJ9.eyJkYXRhYmFzZSI6InVuaXNoYW5vaSIsInVzZXJuYW1lIjoiZHZjaHV5ZW5AdW5pc2hhbm9pLm9yZyIsImZpbGVfcGsiOjMyNDk0MiwidGFibGVfbmFtZSI6IlBlcnNvbiIsInJlY29yZF9mayI6NTY3NzYsImV4cCI6MTc3MzUzMTAwMH0=.b-A5OEuQ2pXoUtqO2pdQHsH5zbIE-ikLBHyLaN8kTg4=&transform=true
56795,https://files2.veracross.com/unishanoi/legacy_files/325770?auth=eyJhbGciOiJIUzI1NiIsInR5cCI6IkpXVCJ9.eyJkYXRhYmFzZSI6InVuaXNoYW5vaSIsInVzZXJuYW1lIjoiZHZjaHV5ZW5AdW5pc2hhbm9pLm9yZyIsImZpbGVfcGsiOjMyNTc3MCwidGFibGVfbmFtZSI6IlBlcnNvbiIsInJlY29yZF9mayI6NTY3OTUsImV4cCI6MTc3MzUzMTAwMH0=.kbZKR_occHrkveBZAXicgn0smZJLpHgcCdZoSuFOmzY=&transform=true
56811,https://files2.veracross.com/unishanoi/legacy_files/306659?auth=eyJhbGciOiJIUzI1NiIsInR5cCI6IkpXVCJ9.eyJkYXRhYmFzZSI6InVuaXNoYW5vaSIsInVzZXJuYW1lIjoiZHZjaHV5ZW5AdW5pc2hhbm9pLm9yZyIsImZpbGVfcGsiOjMwNjY1OSwidGFibGVfbmFtZSI6IlBlcnNvbiIsInJlY29yZF9mayI6NTY4MTEsImV4cCI6MTc3MzUzMTAwMH0=.z9gLhW4XCQbRxw8MgTkvl6cfZhpV9l3GDF_Jba9AmYk=&transform=true
56829,https://files2.veracross.com/unishanoi/legacy_files/325675?auth=eyJhbGciOiJIUzI1NiIsInR5cCI6IkpXVCJ9.eyJkYXRhYmFzZSI6InVuaXNoYW5vaSIsInVzZXJuYW1lIjoiZHZjaHV5ZW5AdW5pc2hhbm9pLm9yZyIsImZpbGVfcGsiOjMyNTY3NSwidGFibGVfbmFtZSI6IlBlcnNvbiIsInJlY29yZF9mayI6NTY4MjksImV4cCI6MTc3MzUzMTAwMH0=.VhRFGvp7j4vH8e_eNbIDWqK1AvPPxIAOdxqVFHmEJgE=&transform=true
56830,https://files2.veracross.com/unishanoi/legacy_files/324974?auth=eyJhbGciOiJIUzI1NiIsInR5cCI6IkpXVCJ9.eyJkYXRhYmFzZSI6InVuaXNoYW5vaSIsInVzZXJuYW1lIjoiZHZjaHV5ZW5AdW5pc2hhbm9pLm9yZyIsImZpbGVfcGsiOjMyNDk3NCwidGFibGVfbmFtZSI6IlBlcnNvbiIsInJlY29yZF9mayI6NTY4MzAsImV4cCI6MTc3MzUzMTAwMH0=.m3f6n67TWI6r6EJ8TJcTBiJ9HD9Y1e8LmX6wv0RGq-U=&transform=true
56853,https://files2.veracross.com/unishanoi/legacy_files/325209?auth=eyJhbGciOiJIUzI1NiIsInR5cCI6IkpXVCJ9.eyJkYXRhYmFzZSI6InVuaXNoYW5vaSIsInVzZXJuYW1lIjoiZHZjaHV5ZW5AdW5pc2hhbm9pLm9yZyIsImZpbGVfcGsiOjMyNTIwOSwidGFibGVfbmFtZSI6IlBlcnNvbiIsInJlY29yZF9mayI6NTY4NTMsImV4cCI6MTc3MzUzMTAwMH0=.w9Xqer3rzv_IS85Qul2nad5e03EOTMmDptScziv-mf8=&transform=true
56856,https://files2.veracross.com/unishanoi/legacy_files/325153?auth=eyJhbGciOiJIUzI1NiIsInR5cCI6IkpXVCJ9.eyJkYXRhYmFzZSI6InVuaXNoYW5vaSIsInVzZXJuYW1lIjoiZHZjaHV5ZW5AdW5pc2hhbm9pLm9yZyIsImZpbGVfcGsiOjMyNTE1MywidGFibGVfbmFtZSI6IlBlcnNvbiIsInJlY29yZF9mayI6NTY4NTYsImV4cCI6MTc3MzUzMTAwMH0=.0wnhUXNL1psmx4NG34EyqC2pAu0_K6CPKksDuUfJoqU=&transform=true
56874,https://files2.veracross.com/unishanoi/legacy_files/325335?auth=eyJhbGciOiJIUzI1NiIsInR5cCI6IkpXVCJ9.eyJkYXRhYmFzZSI6InVuaXNoYW5vaSIsInVzZXJuYW1lIjoiZHZjaHV5ZW5AdW5pc2hhbm9pLm9yZyIsImZpbGVfcGsiOjMyNTMzNSwidGFibGVfbmFtZSI6IlBlcnNvbiIsInJlY29yZF9mayI6NTY4NzQsImV4cCI6MTc3MzUzMTAwMH0=.sYauO-aW-dhVeunMQE5a2pdHHfaVmHNlLBH5h6WmTLM=&transform=true
56875,https://files2.veracross.com/unishanoi/legacy_files/325295?auth=eyJhbGciOiJIUzI1NiIsInR5cCI6IkpXVCJ9.eyJkYXRhYmFzZSI6InVuaXNoYW5vaSIsInVzZXJuYW1lIjoiZHZjaHV5ZW5AdW5pc2hhbm9pLm9yZyIsImZpbGVfcGsiOjMyNTI5NSwidGFibGVfbmFtZSI6IlBlcnNvbiIsInJlY29yZF9mayI6NTY4NzUsImV4cCI6MTc3MzUzMTAwMH0=.0tPN8Qs99KoTktDP6DZP2xPhon0fH6JKMMcs5sV403w=&transform=true
56880,https://files2.veracross.com/unishanoi/legacy_files/325119?auth=eyJhbGciOiJIUzI1NiIsInR5cCI6IkpXVCJ9.eyJkYXRhYmFzZSI6InVuaXNoYW5vaSIsInVzZXJuYW1lIjoiZHZjaHV5ZW5AdW5pc2hhbm9pLm9yZyIsImZpbGVfcGsiOjMyNTExOSwidGFibGVfbmFtZSI6IlBlcnNvbiIsInJlY29yZF9mayI6NTY4ODAsImV4cCI6MTc3MzUzMTAwMH0=.uxafKwvDsOEq-xBTHr9nKKLWqg6WD1sDCsYIGnVCyG8=&transform=true
57176,https://files2.veracross.com/unishanoi/legacy_files/325418?auth=eyJhbGciOiJIUzI1NiIsInR5cCI6IkpXVCJ9.eyJkYXRhYmFzZSI6InVuaXNoYW5vaSIsInVzZXJuYW1lIjoiZHZjaHV5ZW5AdW5pc2hhbm9pLm9yZyIsImZpbGVfcGsiOjMyNTQxOCwidGFibGVfbmFtZSI6IlBlcnNvbiIsInJlY29yZF9mayI6NTcxNzYsImV4cCI6MTc3MzUzMTAwMH0=.Vg86XtxHS0RgVNhCch3JFbxGspVMbVK0vUlfFNz2VNw=&transform=true
57558,https://files2.veracross.com/unishanoi/legacy_files/325292?auth=eyJhbGciOiJIUzI1NiIsInR5cCI6IkpXVCJ9.eyJkYXRhYmFzZSI6InVuaXNoYW5vaSIsInVzZXJuYW1lIjoiZHZjaHV5ZW5AdW5pc2hhbm9pLm9yZyIsImZpbGVfcGsiOjMyNTI5MiwidGFibGVfbmFtZSI6IlBlcnNvbiIsInJlY29yZF9mayI6NTc1NTgsImV4cCI6MTc3MzUzMTAwMH0=.DUrfRy08oSutvlulnHHM0pWfnbqHHHA1YQx-EU8-bmA=&transform=true
57646,https://files2.veracross.com/unishanoi/legacy_files/324896?auth=eyJhbGciOiJIUzI1NiIsInR5cCI6IkpXVCJ9.eyJkYXRhYmFzZSI6InVuaXNoYW5vaSIsInVzZXJuYW1lIjoiZHZjaHV5ZW5AdW5pc2hhbm9pLm9yZyIsImZpbGVfcGsiOjMyNDg5NiwidGFibGVfbmFtZSI6IlBlcnNvbiIsInJlY29yZF9mayI6NTc2NDYsImV4cCI6MTc3MzUzMTAwMH0=.P91WaIVvBeC64V0s7geiMgefTy_wrjtJbRWZVhFoesE=&transform=true
57656,https://files2.veracross.com/unishanoi/legacy_files/326256?auth=eyJhbGciOiJIUzI1NiIsInR5cCI6IkpXVCJ9.eyJkYXRhYmFzZSI6InVuaXNoYW5vaSIsInVzZXJuYW1lIjoiZHZjaHV5ZW5AdW5pc2hhbm9pLm9yZyIsImZpbGVfcGsiOjMyNjI1NiwidGFibGVfbmFtZSI6IlBlcnNvbiIsInJlY29yZF9mayI6NTc2NTYsImV4cCI6MTc3MzUzMTAwMH0=.xXHNeXwPBpD0WcM4vQqHi6ryv69wPNqRFltLaUK8Xlo=&transform=true
57714,https://files2.veracross.com/unishanoi/legacy_files/325796?auth=eyJhbGciOiJIUzI1NiIsInR5cCI6IkpXVCJ9.eyJkYXRhYmFzZSI6InVuaXNoYW5vaSIsInVzZXJuYW1lIjoiZHZjaHV5ZW5AdW5pc2hhbm9pLm9yZyIsImZpbGVfcGsiOjMyNTc5NiwidGFibGVfbmFtZSI6IlBlcnNvbiIsInJlY29yZF9mayI6NTc3MTQsImV4cCI6MTc3MzUzMTAwMH0=.blLF5nJFMdNqMIN4J-23OFujk953ln9abYV7RmiIDNg=&transform=true
57752,https://files2.veracross.com/unishanoi/legacy_files/325104?auth=eyJhbGciOiJIUzI1NiIsInR5cCI6IkpXVCJ9.eyJkYXRhYmFzZSI6InVuaXNoYW5vaSIsInVzZXJuYW1lIjoiZHZjaHV5ZW5AdW5pc2hhbm9pLm9yZyIsImZpbGVfcGsiOjMyNTEwNCwidGFibGVfbmFtZSI6IlBlcnNvbiIsInJlY29yZF9mayI6NTc3NTIsImV4cCI6MTc3MzUzMTAwMH0=.Rl2ayV90tKdDd-A69jpBuQfSns4ywY-p991jdMHpuOw=&transform=true
57755,https://files2.veracross.com/unishanoi/legacy_files/325170?auth=eyJhbGciOiJIUzI1NiIsInR5cCI6IkpXVCJ9.eyJkYXRhYmFzZSI6InVuaXNoYW5vaSIsInVzZXJuYW1lIjoiZHZjaHV5ZW5AdW5pc2hhbm9pLm9yZyIsImZpbGVfcGsiOjMyNTE3MCwidGFibGVfbmFtZSI6IlBlcnNvbiIsInJlY29yZF9mayI6NTc3NTUsImV4cCI6MTc3MzUzMTAwMH0=.R1Dr5QyqWm8GTyR6iXS9b-_UTQLbVd1W8ocv4mSiMkA=&transform=true
57804,https://files2.veracross.com/unishanoi/legacy_files/325252?auth=eyJhbGciOiJIUzI1NiIsInR5cCI6IkpXVCJ9.eyJkYXRhYmFzZSI6InVuaXNoYW5vaSIsInVzZXJuYW1lIjoiZHZjaHV5ZW5AdW5pc2hhbm9pLm9yZyIsImZpbGVfcGsiOjMyNTI1MiwidGFibGVfbmFtZSI6IlBlcnNvbiIsInJlY29yZF9mayI6NTc4MDQsImV4cCI6MTc3MzUzMTAwMH0=.ZS5Nyw8OrsgkB3B2xgmJjtTSecDks34zh36esxoHcWs=&transform=true
57848,https://files2.veracross.com/unishanoi/legacy_files/324891?auth=eyJhbGciOiJIUzI1NiIsInR5cCI6IkpXVCJ9.eyJkYXRhYmFzZSI6InVuaXNoYW5vaSIsInVzZXJuYW1lIjoiZHZjaHV5ZW5AdW5pc2hhbm9pLm9yZyIsImZpbGVfcGsiOjMyNDg5MSwidGFibGVfbmFtZSI6IlBlcnNvbiIsInJlY29yZF9mayI6NTc4NDgsImV4cCI6MTc3MzUzMTAwMH0=.2X62OXAWKUdup5H2Gdy6dO3g2BZ6ZzKatttN4SKkKSg=&transform=true
57867,https://files2.veracross.com/unishanoi/legacy_files/325014?auth=eyJhbGciOiJIUzI1NiIsInR5cCI6IkpXVCJ9.eyJkYXRhYmFzZSI6InVuaXNoYW5vaSIsInVzZXJuYW1lIjoiZHZjaHV5ZW5AdW5pc2hhbm9pLm9yZyIsImZpbGVfcGsiOjMyNTAxNCwidGFibGVfbmFtZSI6IlBlcnNvbiIsInJlY29yZF9mayI6NTc4NjcsImV4cCI6MTc3MzUzMTAwMH0=.pydY2tO2iR0Hbf1r85mXo9bnWgsK9wDJBekW-OgsSGM=&transform=true
57880,https://files2.veracross.com/unishanoi/legacy_files/325636?auth=eyJhbGciOiJIUzI1NiIsInR5cCI6IkpXVCJ9.eyJkYXRhYmFzZSI6InVuaXNoYW5vaSIsInVzZXJuYW1lIjoiZHZjaHV5ZW5AdW5pc2hhbm9pLm9yZyIsImZpbGVfcGsiOjMyNTYzNiwidGFibGVfbmFtZSI6IlBlcnNvbiIsInJlY29yZF9mayI6NTc4ODAsImV4cCI6MTc3MzUzMTAwMH0=.lN5JaWjO_Sx4tXnr2AAfuLXpVJabTtdaz_Ag1eozBys=&transform=true
58051,https://files2.veracross.com/unishanoi/legacy_files/326303?auth=eyJhbGciOiJIUzI1NiIsInR5cCI6IkpXVCJ9.eyJkYXRhYmFzZSI6InVuaXNoYW5vaSIsInVzZXJuYW1lIjoiZHZjaHV5ZW5AdW5pc2hhbm9pLm9yZyIsImZpbGVfcGsiOjMyNjMwMywidGFibGVfbmFtZSI6IlBlcnNvbiIsInJlY29yZF9mayI6NTgwNTEsImV4cCI6MTc3MzUzMTAwMH0=.i5r-EAEFeN5ts8cGRmwtGgzf7M0Pr1ljL4prgZ218IU=&transform=true
58273,https://files2.veracross.com/unishanoi/legacy_files/325081?auth=eyJhbGciOiJIUzI1NiIsInR5cCI6IkpXVCJ9.eyJkYXRhYmFzZSI6InVuaXNoYW5vaSIsInVzZXJuYW1lIjoiZHZjaHV5ZW5AdW5pc2hhbm9pLm9yZyIsImZpbGVfcGsiOjMyNTA4MSwidGFibGVfbmFtZSI6IlBlcnNvbiIsInJlY29yZF9mayI6NTgyNzMsImV4cCI6MTc3MzUzMTAwMH0=.986EqnuIr1-gJKUQIa6lZxuPEnxZx9ayBp_NUuQ2Ong=&transform=true
58287,https://files2.veracross.com/unishanoi/legacy_files/325405?auth=eyJhbGciOiJIUzI1NiIsInR5cCI6IkpXVCJ9.eyJkYXRhYmFzZSI6InVuaXNoYW5vaSIsInVzZXJuYW1lIjoiZHZjaHV5ZW5AdW5pc2hhbm9pLm9yZyIsImZpbGVfcGsiOjMyNTQwNSwidGFibGVfbmFtZSI6IlBlcnNvbiIsInJlY29yZF9mayI6NTgyODcsImV4cCI6MTc3MzUzMTAwMH0=.D-i-MNJnmfNHsEm2PVPWdgBCKvD9t4vFOZFD2qAYmIQ=&transform=true
58316,https://files2.veracross.com/unishanoi/legacy_files/325279?auth=eyJhbGciOiJIUzI1NiIsInR5cCI6IkpXVCJ9.eyJkYXRhYmFzZSI6InVuaXNoYW5vaSIsInVzZXJuYW1lIjoiZHZjaHV5ZW5AdW5pc2hhbm9pLm9yZyIsImZpbGVfcGsiOjMyNTI3OSwidGFibGVfbmFtZSI6IlBlcnNvbiIsInJlY29yZF9mayI6NTgzMTYsImV4cCI6MTc3MzUzMTAwMH0=.5TCRkk8KfTSFJ27nU_1rxH65rfP8QQCqGmB07RwQCTw=&transform=true
58327,https://files2.veracross.com/unishanoi/legacy_files/325285?auth=eyJhbGciOiJIUzI1NiIsInR5cCI6IkpXVCJ9.eyJkYXRhYmFzZSI6InVuaXNoYW5vaSIsInVzZXJuYW1lIjoiZHZjaHV5ZW5AdW5pc2hhbm9pLm9yZyIsImZpbGVfcGsiOjMyNTI4NSwidGFibGVfbmFtZSI6IlBlcnNvbiIsInJlY29yZF9mayI6NTgzMjcsImV4cCI6MTc3MzUzMTAwMH0=.yQKZJdypaIsTNTZm12XVIcI232ErR3MCUFYog89I80I=&transform=true
58330,https://files2.veracross.com/unishanoi/legacy_files/325363?auth=eyJhbGciOiJIUzI1NiIsInR5cCI6IkpXVCJ9.eyJkYXRhYmFzZSI6InVuaXNoYW5vaSIsInVzZXJuYW1lIjoiZHZjaHV5ZW5AdW5pc2hhbm9pLm9yZyIsImZpbGVfcGsiOjMyNTM2MywidGFibGVfbmFtZSI6IlBlcnNvbiIsInJlY29yZF9mayI6NTgzMzAsImV4cCI6MTc3MzUzMTAwMH0=.tj7fXntT3kpctpjF471EtldQojxOSkd9gjIqMWK5mWg=&transform=true
58333,https://files2.veracross.com/unishanoi/legacy_files/314066?auth=eyJhbGciOiJIUzI1NiIsInR5cCI6IkpXVCJ9.eyJkYXRhYmFzZSI6InVuaXNoYW5vaSIsInVzZXJuYW1lIjoiZHZjaHV5ZW5AdW5pc2hhbm9pLm9yZyIsImZpbGVfcGsiOjMxNDA2NiwidGFibGVfbmFtZSI6IlBlcnNvbiIsInJlY29yZF9mayI6NTgzMzMsImV4cCI6MTc3MzUzMTAwMH0=.RKh1fOfG4_WMZZUsfxUOkPKZM6-SKR7Oq9Bzaq1g3vY=&transform=true
58336,https://files2.veracross.com/unishanoi/legacy_files/325527?auth=eyJhbGciOiJIUzI1NiIsInR5cCI6IkpXVCJ9.eyJkYXRhYmFzZSI6InVuaXNoYW5vaSIsInVzZXJuYW1lIjoiZHZjaHV5ZW5AdW5pc2hhbm9pLm9yZyIsImZpbGVfcGsiOjMyNTUyNywidGFibGVfbmFtZSI6IlBlcnNvbiIsInJlY29yZF9mayI6NTgzMzYsImV4cCI6MTc3MzUzMTAwMH0=.flzuS__RDm1n059UR1XWmIF3BNCcvP1O8z808GAKD8A=&transform=true
58343,https://files2.veracross.com/unishanoi/legacy_files/325793?auth=eyJhbGciOiJIUzI1NiIsInR5cCI6IkpXVCJ9.eyJkYXRhYmFzZSI6InVuaXNoYW5vaSIsInVzZXJuYW1lIjoiZHZjaHV5ZW5AdW5pc2hhbm9pLm9yZyIsImZpbGVfcGsiOjMyNTc5MywidGFibGVfbmFtZSI6IlBlcnNvbiIsInJlY29yZF9mayI6NTgzNDMsImV4cCI6MTc3MzUzMTAwMH0=.M_wyzPGXJpq2S6IyZmhbIHEdgNJdt9tjo4atCxC9qiA=&transform=true
58347,https://files2.veracross.com/unishanoi/legacy_files/325657?auth=eyJhbGciOiJIUzI1NiIsInR5cCI6IkpXVCJ9.eyJkYXRhYmFzZSI6InVuaXNoYW5vaSIsInVzZXJuYW1lIjoiZHZjaHV5ZW5AdW5pc2hhbm9pLm9yZyIsImZpbGVfcGsiOjMyNTY1NywidGFibGVfbmFtZSI6IlBlcnNvbiIsInJlY29yZF9mayI6NTgzNDcsImV4cCI6MTc3MzUzMTAwMH0=.vkXDpXiXEXHqsM3F8bhL-OIcgqx0PGw3MW8vr18knyo=&transform=true
58348,https://files2.veracross.com/unishanoi/legacy_files/324988?auth=eyJhbGciOiJIUzI1NiIsInR5cCI6IkpXVCJ9.eyJkYXRhYmFzZSI6InVuaXNoYW5vaSIsInVzZXJuYW1lIjoiZHZjaHV5ZW5AdW5pc2hhbm9pLm9yZyIsImZpbGVfcGsiOjMyNDk4OCwidGFibGVfbmFtZSI6IlBlcnNvbiIsInJlY29yZF9mayI6NTgzNDgsImV4cCI6MTc3MzUzMTAwMH0=.MDApWQVfHsSL-eTJd-PLmwuGfr3i11ZCkOGenmMgDc8=&transform=true
58351,https://files2.veracross.com/unishanoi/legacy_files/325652?auth=eyJhbGciOiJIUzI1NiIsInR5cCI6IkpXVCJ9.eyJkYXRhYmFzZSI6InVuaXNoYW5vaSIsInVzZXJuYW1lIjoiZHZjaHV5ZW5AdW5pc2hhbm9pLm9yZyIsImZpbGVfcGsiOjMyNTY1MiwidGFibGVfbmFtZSI6IlBlcnNvbiIsInJlY29yZF9mayI6NTgzNTEsImV4cCI6MTc3MzUzMTAwMH0=.cwr4aQU6iqrguku4euvIY1w8bGeTm6nb6he-AoOXxd8=&transform=true
58353,https://files2.veracross.com/unishanoi/legacy_files/329433?auth=eyJhbGciOiJIUzI1NiIsInR5cCI6IkpXVCJ9.eyJkYXRhYmFzZSI6InVuaXNoYW5vaSIsInVzZXJuYW1lIjoiZHZjaHV5ZW5AdW5pc2hhbm9pLm9yZyIsImZpbGVfcGsiOjMyOTQzMywidGFibGVfbmFtZSI6IlBlcnNvbiIsInJlY29yZF9mayI6NTgzNTMsImV4cCI6MTc3MzUzMTAwMH0=.4Y1wxr-U8qAgRIWVHlp_BO8zqtMlKstOhfjHaTEPkjM=&transform=true
58357,https://files2.veracross.com/unishanoi/legacy_files/326347?auth=eyJhbGciOiJIUzI1NiIsInR5cCI6IkpXVCJ9.eyJkYXRhYmFzZSI6InVuaXNoYW5vaSIsInVzZXJuYW1lIjoiZHZjaHV5ZW5AdW5pc2hhbm9pLm9yZyIsImZpbGVfcGsiOjMyNjM0NywidGFibGVfbmFtZSI6IlBlcnNvbiIsInJlY29yZF9mayI6NTgzNTcsImV4cCI6MTc3MzUzMTAwMH0=.BLiCjCs-bLCWegJ_eeBHO1X1GT4hFDu5TuIlUf6pK4g=&transform=true
58359,https://files2.veracross.com/unishanoi/legacy_files/324795?auth=eyJhbGciOiJIUzI1NiIsInR5cCI6IkpXVCJ9.eyJkYXRhYmFzZSI6InVuaXNoYW5vaSIsInVzZXJuYW1lIjoiZHZjaHV5ZW5AdW5pc2hhbm9pLm9yZyIsImZpbGVfcGsiOjMyNDc5NSwidGFibGVfbmFtZSI6IlBlcnNvbiIsInJlY29yZF9mayI6NTgzNTksImV4cCI6MTc3MzUzMTAwMH0=.2bMpskD2ODWrvWLfVJvNO8TcJLSyKvS5i9h4RWoN3JI=&transform=true
58363,https://files2.veracross.com/unishanoi/legacy_files/324927?auth=eyJhbGciOiJIUzI1NiIsInR5cCI6IkpXVCJ9.eyJkYXRhYmFzZSI6InVuaXNoYW5vaSIsInVzZXJuYW1lIjoiZHZjaHV5ZW5AdW5pc2hhbm9pLm9yZyIsImZpbGVfcGsiOjMyNDkyNywidGFibGVfbmFtZSI6IlBlcnNvbiIsInJlY29yZF9mayI6NTgzNjMsImV4cCI6MTc3MzUzMTAwMH0=.oDvo3u4IE5d23UYw89OM6XVGeJsgYbIO4hwNrheWdGg=&transform=true
58385,https://files2.veracross.com/unishanoi/legacy_files/325721?auth=eyJhbGciOiJIUzI1NiIsInR5cCI6IkpXVCJ9.eyJkYXRhYmFzZSI6InVuaXNoYW5vaSIsInVzZXJuYW1lIjoiZHZjaHV5ZW5AdW5pc2hhbm9pLm9yZyIsImZpbGVfcGsiOjMyNTcyMSwidGFibGVfbmFtZSI6IlBlcnNvbiIsInJlY29yZF9mayI6NTgzODUsImV4cCI6MTc3MzUzMTAwMH0=.r0XRHbL-jQk1O6ARiVcnhcz4kh_YsKb9kinNWVDgj50=&transform=true
58387,https://files2.veracross.com/unishanoi/legacy_files/325601?auth=eyJhbGciOiJIUzI1NiIsInR5cCI6IkpXVCJ9.eyJkYXRhYmFzZSI6InVuaXNoYW5vaSIsInVzZXJuYW1lIjoiZHZjaHV5ZW5AdW5pc2hhbm9pLm9yZyIsImZpbGVfcGsiOjMyNTYwMSwidGFibGVfbmFtZSI6IlBlcnNvbiIsInJlY29yZF9mayI6NTgzODcsImV4cCI6MTc3MzUzMTAwMH0=.T-1ag3FZ5ELP_2WRGPJODMsW3HJX6UsHkffz4KQEqeg=&transform=true
58390,https://files2.veracross.com/unishanoi/legacy_files/325663?auth=eyJhbGciOiJIUzI1NiIsInR5cCI6IkpXVCJ9.eyJkYXRhYmFzZSI6InVuaXNoYW5vaSIsInVzZXJuYW1lIjoiZHZjaHV5ZW5AdW5pc2hhbm9pLm9yZyIsImZpbGVfcGsiOjMyNTY2MywidGFibGVfbmFtZSI6IlBlcnNvbiIsInJlY29yZF9mayI6NTgzOTAsImV4cCI6MTc3MzUzMTAwMH0=.A886W_k1nVCgGQ5DMB3pCu4YMfK0NzObCkLKCaAhh5k=&transform=true
58397,https://files2.veracross.com/unishanoi/legacy_files/325868?auth=eyJhbGciOiJIUzI1NiIsInR5cCI6IkpXVCJ9.eyJkYXRhYmFzZSI6InVuaXNoYW5vaSIsInVzZXJuYW1lIjoiZHZjaHV5ZW5AdW5pc2hhbm9pLm9yZyIsImZpbGVfcGsiOjMyNTg2OCwidGFibGVfbmFtZSI6IlBlcnNvbiIsInJlY29yZF9mayI6NTgzOTcsImV4cCI6MTc3MzUzMTAwMH0=.R4n7o4Yd2TyUl1C6kW4TwfdlsgUXp5H3JlgI_tm-b1I=&transform=true
58403,https://files2.veracross.com/unishanoi/legacy_files/324800?auth=eyJhbGciOiJIUzI1NiIsInR5cCI6IkpXVCJ9.eyJkYXRhYmFzZSI6InVuaXNoYW5vaSIsInVzZXJuYW1lIjoiZHZjaHV5ZW5AdW5pc2hhbm9pLm9yZyIsImZpbGVfcGsiOjMyNDgwMCwidGFibGVfbmFtZSI6IlBlcnNvbiIsInJlY29yZF9mayI6NTg0MDMsImV4cCI6MTc3MzUzMTAwMH0=.z-1yE3fzR_WcJ0Ge_BMufMZagdPRh15OlwapC2MYVDg=&transform=true
58407,https://files2.veracross.com/unishanoi/legacy_files/313946?auth=eyJhbGciOiJIUzI1NiIsInR5cCI6IkpXVCJ9.eyJkYXRhYmFzZSI6InVuaXNoYW5vaSIsInVzZXJuYW1lIjoiZHZjaHV5ZW5AdW5pc2hhbm9pLm9yZyIsImZpbGVfcGsiOjMxMzk0NiwidGFibGVfbmFtZSI6IlBlcnNvbiIsInJlY29yZF9mayI6NTg0MDcsImV4cCI6MTc3MzUzMTAwMH0=.pE_w1LtSgnUpDrsOTMyh-1XILj-Hf03w1S3pQ_rZyA0=&transform=true
58410,https://files2.veracross.com/unishanoi/legacy_files/324984?auth=eyJhbGciOiJIUzI1NiIsInR5cCI6IkpXVCJ9.eyJkYXRhYmFzZSI6InVuaXNoYW5vaSIsInVzZXJuYW1lIjoiZHZjaHV5ZW5AdW5pc2hhbm9pLm9yZyIsImZpbGVfcGsiOjMyNDk4NCwidGFibGVfbmFtZSI6IlBlcnNvbiIsInJlY29yZF9mayI6NTg0MTAsImV4cCI6MTc3MzUzMTAwMH0=.-iLT_KSL-YOB_RcnriUUAsjgZ1UfZec0p4MHxmAhudg=&transform=true
58411,https://files2.veracross.com/unishanoi/legacy_files/324925?auth=eyJhbGciOiJIUzI1NiIsInR5cCI6IkpXVCJ9.eyJkYXRhYmFzZSI6InVuaXNoYW5vaSIsInVzZXJuYW1lIjoiZHZjaHV5ZW5AdW5pc2hhbm9pLm9yZyIsImZpbGVfcGsiOjMyNDkyNSwidGFibGVfbmFtZSI6IlBlcnNvbiIsInJlY29yZF9mayI6NTg0MTEsImV4cCI6MTc3MzUzMTAwMH0=.zeTKI0QbUDqliaF8rXpXtl0puIxuCRIsGMzqkDUm9NY=&transform=true
58414,https://files2.veracross.com/unishanoi/legacy_files/324867?auth=eyJhbGciOiJIUzI1NiIsInR5cCI6IkpXVCJ9.eyJkYXRhYmFzZSI6InVuaXNoYW5vaSIsInVzZXJuYW1lIjoiZHZjaHV5ZW5AdW5pc2hhbm9pLm9yZyIsImZpbGVfcGsiOjMyNDg2NywidGFibGVfbmFtZSI6IlBlcnNvbiIsInJlY29yZF9mayI6NTg0MTQsImV4cCI6MTc3MzUzMTAwMH0=.dHZanNO7cMY8Y59mmHX39eBHEgbb3MSbHbX1Gp1_tfY=&transform=true
58417,https://files2.veracross.com/unishanoi/legacy_files/324801?auth=eyJhbGciOiJIUzI1NiIsInR5cCI6IkpXVCJ9.eyJkYXRhYmFzZSI6InVuaXNoYW5vaSIsInVzZXJuYW1lIjoiZHZjaHV5ZW5AdW5pc2hhbm9pLm9yZyIsImZpbGVfcGsiOjMyNDgwMSwidGFibGVfbmFtZSI6IlBlcnNvbiIsInJlY29yZF9mayI6NTg0MTcsImV4cCI6MTc3MzUzMTAwMH0=.1wfnL5OVKxt4JASmeBsJ58fxYuy0CEPshZBHB27XZQw=&transform=true
58420,https://files2.veracross.com/unishanoi/legacy_files/325726?auth=eyJhbGciOiJIUzI1NiIsInR5cCI6IkpXVCJ9.eyJkYXRhYmFzZSI6InVuaXNoYW5vaSIsInVzZXJuYW1lIjoiZHZjaHV5ZW5AdW5pc2hhbm9pLm9yZyIsImZpbGVfcGsiOjMyNTcyNiwidGFibGVfbmFtZSI6IlBlcnNvbiIsInJlY29yZF9mayI6NTg0MjAsImV4cCI6MTc3MzUzMTAwMH0=.X-AbkHdHN9RaJrrU3eZFXaBcEbnMIEqJxGRj5_TwPFM=&transform=true
58421,https://files2.veracross.com/unishanoi/legacy_files/326336?auth=eyJhbGciOiJIUzI1NiIsInR5cCI6IkpXVCJ9.eyJkYXRhYmFzZSI6InVuaXNoYW5vaSIsInVzZXJuYW1lIjoiZHZjaHV5ZW5AdW5pc2hhbm9pLm9yZyIsImZpbGVfcGsiOjMyNjMzNiwidGFibGVfbmFtZSI6IlBlcnNvbiIsInJlY29yZF9mayI6NTg0MjEsImV4cCI6MTc3MzUzMTAwMH0=.S7OMieryngGBalzCuWZGXzOC5i8nx4tkeQ_iWnk8mhE=&transform=true
58435,https://files2.veracross.com/unishanoi/legacy_files/325656?auth=eyJhbGciOiJIUzI1NiIsInR5cCI6IkpXVCJ9.eyJkYXRhYmFzZSI6InVuaXNoYW5vaSIsInVzZXJuYW1lIjoiZHZjaHV5ZW5AdW5pc2hhbm9pLm9yZyIsImZpbGVfcGsiOjMyNTY1NiwidGFibGVfbmFtZSI6IlBlcnNvbiIsInJlY29yZF9mayI6NTg0MzUsImV4cCI6MTc3MzUzMTAwMH0=.Fs9f1HP2Z9t5YCvB-5c4hAkFF31X4PlgynnvBRP9O9U=&transform=true
58436,https://files2.veracross.com/unishanoi/legacy_files/325598?auth=eyJhbGciOiJIUzI1NiIsInR5cCI6IkpXVCJ9.eyJkYXRhYmFzZSI6InVuaXNoYW5vaSIsInVzZXJuYW1lIjoiZHZjaHV5ZW5AdW5pc2hhbm9pLm9yZyIsImZpbGVfcGsiOjMyNTU5OCwidGFibGVfbmFtZSI6IlBlcnNvbiIsInJlY29yZF9mayI6NTg0MzYsImV4cCI6MTc3MzUzMTAwMH0=.mOFQBgiTKOi9FMpyqlV8DAzJ1eU8gZC302zQBoAG00g=&transform=true
58451,https://files2.veracross.com/unishanoi/legacy_files/325588?auth=eyJhbGciOiJIUzI1NiIsInR5cCI6IkpXVCJ9.eyJkYXRhYmFzZSI6InVuaXNoYW5vaSIsInVzZXJuYW1lIjoiZHZjaHV5ZW5AdW5pc2hhbm9pLm9yZyIsImZpbGVfcGsiOjMyNTU4OCwidGFibGVfbmFtZSI6IlBlcnNvbiIsInJlY29yZF9mayI6NTg0NTEsImV4cCI6MTc3MzUzMTAwMH0=.ZyPjjLVR_JWvo5KDMmaSWtcTRN-aEFFPnnC9smeZGXs=&transform=true
58457,https://files2.veracross.com/unishanoi/legacy_files/325450?auth=eyJhbGciOiJIUzI1NiIsInR5cCI6IkpXVCJ9.eyJkYXRhYmFzZSI6InVuaXNoYW5vaSIsInVzZXJuYW1lIjoiZHZjaHV5ZW5AdW5pc2hhbm9pLm9yZyIsImZpbGVfcGsiOjMyNTQ1MCwidGFibGVfbmFtZSI6IlBlcnNvbiIsInJlY29yZF9mayI6NTg0NTcsImV4cCI6MTc3MzUzMTAwMH0=.3sB-7ooP0Hhybr01qitU2QSxXcatkX1TDDC9BLtsKyo=&transform=true
58460,https://files2.veracross.com/unishanoi/legacy_files/325050?auth=eyJhbGciOiJIUzI1NiIsInR5cCI6IkpXVCJ9.eyJkYXRhYmFzZSI6InVuaXNoYW5vaSIsInVzZXJuYW1lIjoiZHZjaHV5ZW5AdW5pc2hhbm9pLm9yZyIsImZpbGVfcGsiOjMyNTA1MCwidGFibGVfbmFtZSI6IlBlcnNvbiIsInJlY29yZF9mayI6NTg0NjAsImV4cCI6MTc3MzUzMTAwMH0=.YvFCE5lQdewVq5bWIrnQVQo80qwcM6-nFtaLKEqF4yI=&transform=true
58470,https://files2.veracross.com/unishanoi/legacy_files/325277?auth=eyJhbGciOiJIUzI1NiIsInR5cCI6IkpXVCJ9.eyJkYXRhYmFzZSI6InVuaXNoYW5vaSIsInVzZXJuYW1lIjoiZHZjaHV5ZW5AdW5pc2hhbm9pLm9yZyIsImZpbGVfcGsiOjMyNTI3NywidGFibGVfbmFtZSI6IlBlcnNvbiIsInJlY29yZF9mayI6NTg0NzAsImV4cCI6MTc3MzUzMTAwMH0=.CCxAXVLgHsCq1gFk3l0UBoCq53tsEZ7It8jJCSbFHEo=&transform=true
58478,https://files2.veracross.com/unishanoi/legacy_files/325530?auth=eyJhbGciOiJIUzI1NiIsInR5cCI6IkpXVCJ9.eyJkYXRhYmFzZSI6InVuaXNoYW5vaSIsInVzZXJuYW1lIjoiZHZjaHV5ZW5AdW5pc2hhbm9pLm9yZyIsImZpbGVfcGsiOjMyNTUzMCwidGFibGVfbmFtZSI6IlBlcnNvbiIsInJlY29yZF9mayI6NTg0NzgsImV4cCI6MTc3MzUzMTAwMH0=.lLcdNjD7eG1UUfNNsYu8DNRtV9dAVrDKHgyLkxQu-2c=&transform=true
58508,https://files2.veracross.com/unishanoi/legacy_files/325322?auth=eyJhbGciOiJIUzI1NiIsInR5cCI6IkpXVCJ9.eyJkYXRhYmFzZSI6InVuaXNoYW5vaSIsInVzZXJuYW1lIjoiZHZjaHV5ZW5AdW5pc2hhbm9pLm9yZyIsImZpbGVfcGsiOjMyNTMyMiwidGFibGVfbmFtZSI6IlBlcnNvbiIsInJlY29yZF9mayI6NTg1MDgsImV4cCI6MTc3MzUzMTAwMH0=.dzmgDyZztpEv6oFRXkNhpc_HFQF8UCH2A8XOQVUVVaM=&transform=true
58513,https://files2.veracross.com/unishanoi/legacy_files/325196?auth=eyJhbGciOiJIUzI1NiIsInR5cCI6IkpXVCJ9.eyJkYXRhYmFzZSI6InVuaXNoYW5vaSIsInVzZXJuYW1lIjoiZHZjaHV5ZW5AdW5pc2hhbm9pLm9yZyIsImZpbGVfcGsiOjMyNTE5NiwidGFibGVfbmFtZSI6IlBlcnNvbiIsInJlY29yZF9mayI6NTg1MTMsImV4cCI6MTc3MzUzMTAwMH0=.Vct3-yByghOmSu8scZSoJt1oPB9vHZ0OIZezrg7PPkA=&transform=true
58516,https://files2.veracross.com/unishanoi/legacy_files/325145?auth=eyJhbGciOiJIUzI1NiIsInR5cCI6IkpXVCJ9.eyJkYXRhYmFzZSI6InVuaXNoYW5vaSIsInVzZXJuYW1lIjoiZHZjaHV5ZW5AdW5pc2hhbm9pLm9yZyIsImZpbGVfcGsiOjMyNTE0NSwidGFibGVfbmFtZSI6IlBlcnNvbiIsInJlY29yZF9mayI6NTg1MTYsImV4cCI6MTc3MzUzMTAwMH0=.f0HlCGrxK6_yJI3NhVS8amzv1zDiGa-Gu_v1Cg4IKbA=&transform=true
58526,https://files2.veracross.com/unishanoi/legacy_files/325490?auth=eyJhbGciOiJIUzI1NiIsInR5cCI6IkpXVCJ9.eyJkYXRhYmFzZSI6InVuaXNoYW5vaSIsInVzZXJuYW1lIjoiZHZjaHV5ZW5AdW5pc2hhbm9pLm9yZyIsImZpbGVfcGsiOjMyNTQ5MCwidGFibGVfbmFtZSI6IlBlcnNvbiIsInJlY29yZF9mayI6NTg1MjYsImV4cCI6MTc3MzUzMTAwMH0=.XW31TLbQnQ4ooiC9JJGf1hZqVM1DDBfFa3RqC2ZYatA=&transform=true
58535,https://files2.veracross.com/unishanoi/legacy_files/325303?auth=eyJhbGciOiJIUzI1NiIsInR5cCI6IkpXVCJ9.eyJkYXRhYmFzZSI6InVuaXNoYW5vaSIsInVzZXJuYW1lIjoiZHZjaHV5ZW5AdW5pc2hhbm9pLm9yZyIsImZpbGVfcGsiOjMyNTMwMywidGFibGVfbmFtZSI6IlBlcnNvbiIsInJlY29yZF9mayI6NTg1MzUsImV4cCI6MTc3MzUzMTAwMH0=.lf8fLe07DLEm5dQbJf1xlQXV4Br-K1zlaF8zcg4rqFU=&transform=true
58542,https://files2.veracross.com/unishanoi/legacy_files/314201?auth=eyJhbGciOiJIUzI1NiIsInR5cCI6IkpXVCJ9.eyJkYXRhYmFzZSI6InVuaXNoYW5vaSIsInVzZXJuYW1lIjoiZHZjaHV5ZW5AdW5pc2hhbm9pLm9yZyIsImZpbGVfcGsiOjMxNDIwMSwidGFibGVfbmFtZSI6IlBlcnNvbiIsInJlY29yZF9mayI6NTg1NDIsImV4cCI6MTc3MzUzMTAwMH0=.IdrDbPrN4rRVYjrXCOUa24lc0iDS0fx9NIEALjPTJo4=&transform=true
58545,https://files2.veracross.com/unishanoi/legacy_files/325767?auth=eyJhbGciOiJIUzI1NiIsInR5cCI6IkpXVCJ9.eyJkYXRhYmFzZSI6InVuaXNoYW5vaSIsInVzZXJuYW1lIjoiZHZjaHV5ZW5AdW5pc2hhbm9pLm9yZyIsImZpbGVfcGsiOjMyNTc2NywidGFibGVfbmFtZSI6IlBlcnNvbiIsInJlY29yZF9mayI6NTg1NDUsImV4cCI6MTc3MzUzMTAwMH0=.mLd0_Qp4yk_LHifJNyhRWqPyuPRF2gIZ4gnmjMs9KEs=&transform=true
58560,https://files2.veracross.com/unishanoi/legacy_files/324889?auth=eyJhbGciOiJIUzI1NiIsInR5cCI6IkpXVCJ9.eyJkYXRhYmFzZSI6InVuaXNoYW5vaSIsInVzZXJuYW1lIjoiZHZjaHV5ZW5AdW5pc2hhbm9pLm9yZyIsImZpbGVfcGsiOjMyNDg4OSwidGFibGVfbmFtZSI6IlBlcnNvbiIsInJlY29yZF9mayI6NTg1NjAsImV4cCI6MTc3MzUzMTAwMH0=.KjeUVG02RdRE0mHEARCaUFG0QdO5WCROVFUEYhMlgEE=&transform=true
58572,https://files2.veracross.com/unishanoi/legacy_files/325006?auth=eyJhbGciOiJIUzI1NiIsInR5cCI6IkpXVCJ9.eyJkYXRhYmFzZSI6InVuaXNoYW5vaSIsInVzZXJuYW1lIjoiZHZjaHV5ZW5AdW5pc2hhbm9pLm9yZyIsImZpbGVfcGsiOjMyNTAwNiwidGFibGVfbmFtZSI6IlBlcnNvbiIsInJlY29yZF9mayI6NTg1NzIsImV4cCI6MTc3MzUzMTAwMH0=.pYEQrWhqBIyjcnVTUXfSeZJcNbqFPBKqKYnialugLxI=&transform=true
58576,https://files2.veracross.com/unishanoi/legacy_files/324830?auth=eyJhbGciOiJIUzI1NiIsInR5cCI6IkpXVCJ9.eyJkYXRhYmFzZSI6InVuaXNoYW5vaSIsInVzZXJuYW1lIjoiZHZjaHV5ZW5AdW5pc2hhbm9pLm9yZyIsImZpbGVfcGsiOjMyNDgzMCwidGFibGVfbmFtZSI6IlBlcnNvbiIsInJlY29yZF9mayI6NTg1NzYsImV4cCI6MTc3MzUzMTAwMH0=.tYbn5gji3q4ms6FsX1EipqaaybfON4w5u9CpvaMfFrY=&transform=true
58577,https://files2.veracross.com/unishanoi/legacy_files/324822?auth=eyJhbGciOiJIUzI1NiIsInR5cCI6IkpXVCJ9.eyJkYXRhYmFzZSI6InVuaXNoYW5vaSIsInVzZXJuYW1lIjoiZHZjaHV5ZW5AdW5pc2hhbm9pLm9yZyIsImZpbGVfcGsiOjMyNDgyMiwidGFibGVfbmFtZSI6IlBlcnNvbiIsInJlY29yZF9mayI6NTg1NzcsImV4cCI6MTc3MzUzMTAwMH0=.JOM2QwLUGcXpy3OwMFH8hy0zOGH96DmvwBYre8r59zk=&transform=true
58579,https://files2.veracross.com/unishanoi/legacy_files/325763?auth=eyJhbGciOiJIUzI1NiIsInR5cCI6IkpXVCJ9.eyJkYXRhYmFzZSI6InVuaXNoYW5vaSIsInVzZXJuYW1lIjoiZHZjaHV5ZW5AdW5pc2hhbm9pLm9yZyIsImZpbGVfcGsiOjMyNTc2MywidGFibGVfbmFtZSI6IlBlcnNvbiIsInJlY29yZF9mayI6NTg1NzksImV4cCI6MTc3MzUzMTAwMH0=.QlZsabjWWllJjW1nxXdDCEEuHh2YNAH4CwH-KSaggMk=&transform=true
58589,https://files2.veracross.com/unishanoi/legacy_files/324828?auth=eyJhbGciOiJIUzI1NiIsInR5cCI6IkpXVCJ9.eyJkYXRhYmFzZSI6InVuaXNoYW5vaSIsInVzZXJuYW1lIjoiZHZjaHV5ZW5AdW5pc2hhbm9pLm9yZyIsImZpbGVfcGsiOjMyNDgyOCwidGFibGVfbmFtZSI6IlBlcnNvbiIsInJlY29yZF9mayI6NTg1ODksImV4cCI6MTc3MzUzMTAwMH0=.vsv9dhNDTb5wBvkd5UOt-il9UlBE0gxnGavCkmo5TNY=&transform=true
58592,https://files2.veracross.com/unishanoi/legacy_files/325761?auth=eyJhbGciOiJIUzI1NiIsInR5cCI6IkpXVCJ9.eyJkYXRhYmFzZSI6InVuaXNoYW5vaSIsInVzZXJuYW1lIjoiZHZjaHV5ZW5AdW5pc2hhbm9pLm9yZyIsImZpbGVfcGsiOjMyNTc2MSwidGFibGVfbmFtZSI6IlBlcnNvbiIsInJlY29yZF9mayI6NTg1OTIsImV4cCI6MTc3MzUzMTAwMH0=.l3wh_OopcewbRcLL759J3MAr3iM1z9XfzsyHuTRW4Fk=&transform=true
58593,https://files2.veracross.com/unishanoi/legacy_files/325755?auth=eyJhbGciOiJIUzI1NiIsInR5cCI6IkpXVCJ9.eyJkYXRhYmFzZSI6InVuaXNoYW5vaSIsInVzZXJuYW1lIjoiZHZjaHV5ZW5AdW5pc2hhbm9pLm9yZyIsImZpbGVfcGsiOjMyNTc1NSwidGFibGVfbmFtZSI6IlBlcnNvbiIsInJlY29yZF9mayI6NTg1OTMsImV4cCI6MTc3MzUzMTAwMH0=.ya8w5oLAoSRxEUTeXw_E6TB7ZPeZ5ppNfPhBCtYFbz8=&transform=true
58604,https://files2.veracross.com/unishanoi/legacy_files/324993?auth=eyJhbGciOiJIUzI1NiIsInR5cCI6IkpXVCJ9.eyJkYXRhYmFzZSI6InVuaXNoYW5vaSIsInVzZXJuYW1lIjoiZHZjaHV5ZW5AdW5pc2hhbm9pLm9yZyIsImZpbGVfcGsiOjMyNDk5MywidGFibGVfbmFtZSI6IlBlcnNvbiIsInJlY29yZF9mayI6NTg2MDQsImV4cCI6MTc3MzUzMTAwMH0=.7Ka_NgJsfgbvgbyAYI-kJ0NnhSqM99SoaiHmhZrMn1Y=&transform=true
58607,https://files2.veracross.com/unishanoi/legacy_files/324934?auth=eyJhbGciOiJIUzI1NiIsInR5cCI6IkpXVCJ9.eyJkYXRhYmFzZSI6InVuaXNoYW5vaSIsInVzZXJuYW1lIjoiZHZjaHV5ZW5AdW5pc2hhbm9pLm9yZyIsImZpbGVfcGsiOjMyNDkzNCwidGFibGVfbmFtZSI6IlBlcnNvbiIsInJlY29yZF9mayI6NTg2MDcsImV4cCI6MTc3MzUzMTAwMH0=.NJb594h4od_dBUrnKtDMh7WUHldMTZh5oEp091MhwGc=&transform=true
58608,https://files2.veracross.com/unishanoi/legacy_files/325605?auth=eyJhbGciOiJIUzI1NiIsInR5cCI6IkpXVCJ9.eyJkYXRhYmFzZSI6InVuaXNoYW5vaSIsInVzZXJuYW1lIjoiZHZjaHV5ZW5AdW5pc2hhbm9pLm9yZyIsImZpbGVfcGsiOjMyNTYwNSwidGFibGVfbmFtZSI6IlBlcnNvbiIsInJlY29yZF9mayI6NTg2MDgsImV4cCI6MTc3MzUzMTAwMH0=.YvwaAhmH5N6Z4spxVEOv2RgH2EaXWw_O3s4oArv7_5Y=&transform=true
58617,https://files2.veracross.com/unishanoi/legacy_files/324910?auth=eyJhbGciOiJIUzI1NiIsInR5cCI6IkpXVCJ9.eyJkYXRhYmFzZSI6InVuaXNoYW5vaSIsInVzZXJuYW1lIjoiZHZjaHV5ZW5AdW5pc2hhbm9pLm9yZyIsImZpbGVfcGsiOjMyNDkxMCwidGFibGVfbmFtZSI6IlBlcnNvbiIsInJlY29yZF9mayI6NTg2MTcsImV4cCI6MTc3MzUzMTAwMH0=.X5BiKSSqqrR8G9ReoBYnpAVcAgHwJzvWwpw1tTdZiZE=&transform=true
58624,https://files2.veracross.com/unishanoi/legacy_files/325863?auth=eyJhbGciOiJIUzI1NiIsInR5cCI6IkpXVCJ9.eyJkYXRhYmFzZSI6InVuaXNoYW5vaSIsInVzZXJuYW1lIjoiZHZjaHV5ZW5AdW5pc2hhbm9pLm9yZyIsImZpbGVfcGsiOjMyNTg2MywidGFibGVfbmFtZSI6IlBlcnNvbiIsInJlY29yZF9mayI6NTg2MjQsImV4cCI6MTc3MzUzMTAwMH0=.VwfUO7kx36MkK22BXw_8VJFhUG4oci-CVVHqIMnsSvk=&transform=true
58634,https://files2.veracross.com/unishanoi/legacy_files/325607?auth=eyJhbGciOiJIUzI1NiIsInR5cCI6IkpXVCJ9.eyJkYXRhYmFzZSI6InVuaXNoYW5vaSIsInVzZXJuYW1lIjoiZHZjaHV5ZW5AdW5pc2hhbm9pLm9yZyIsImZpbGVfcGsiOjMyNTYwNywidGFibGVfbmFtZSI6IlBlcnNvbiIsInJlY29yZF9mayI6NTg2MzQsImV4cCI6MTc3MzUzMTAwMH0=.7NXlukt44hqoG-emQ_LozyrFb_ZMeHGRMTgG3cUfUvQ=&transform=true
58648,https://files2.veracross.com/unishanoi/legacy_files/335319?auth=eyJhbGciOiJIUzI1NiIsInR5cCI6IkpXVCJ9.eyJkYXRhYmFzZSI6InVuaXNoYW5vaSIsInVzZXJuYW1lIjoiZHZjaHV5ZW5AdW5pc2hhbm9pLm9yZyIsImZpbGVfcGsiOjMzNTMxOSwidGFibGVfbmFtZSI6IlBlcnNvbiIsInJlY29yZF9mayI6NTg2NDgsImV4cCI6MTc3MzUzMTAwMH0=.cIE7z10-ysaRgmP4DuI4-LJTDmF0B6jIO78Qd2ZoVNE=&transform=true
58667,https://files2.veracross.com/unishanoi/legacy_files/325229?auth=eyJhbGciOiJIUzI1NiIsInR5cCI6IkpXVCJ9.eyJkYXRhYmFzZSI6InVuaXNoYW5vaSIsInVzZXJuYW1lIjoiZHZjaHV5ZW5AdW5pc2hhbm9pLm9yZyIsImZpbGVfcGsiOjMyNTIyOSwidGFibGVfbmFtZSI6IlBlcnNvbiIsInJlY29yZF9mayI6NTg2NjcsImV4cCI6MTc3MzUzMTAwMH0=.kz6iFYAH2zao81G0yorOBmNev4HltqOi8JUtI45jYuI=&transform=true
58668,https://files2.veracross.com/unishanoi/legacy_files/325371?auth=eyJhbGciOiJIUzI1NiIsInR5cCI6IkpXVCJ9.eyJkYXRhYmFzZSI6InVuaXNoYW5vaSIsInVzZXJuYW1lIjoiZHZjaHV5ZW5AdW5pc2hhbm9pLm9yZyIsImZpbGVfcGsiOjMyNTM3MSwidGFibGVfbmFtZSI6IlBlcnNvbiIsInJlY29yZF9mayI6NTg2NjgsImV4cCI6MTc3MzUzMTAwMH0=.CWuHIElFtqH1BuwFyReY2rQYKcliavHmeNo91wpWchw=&transform=true
58675,https://files2.veracross.com/unishanoi/legacy_files/325120?auth=eyJhbGciOiJIUzI1NiIsInR5cCI6IkpXVCJ9.eyJkYXRhYmFzZSI6InVuaXNoYW5vaSIsInVzZXJuYW1lIjoiZHZjaHV5ZW5AdW5pc2hhbm9pLm9yZyIsImZpbGVfcGsiOjMyNTEyMCwidGFibGVfbmFtZSI6IlBlcnNvbiIsInJlY29yZF9mayI6NTg2NzUsImV4cCI6MTc3MzUzMTAwMH0=.wYK9iaj0GEw1iOMznioSstk7ZqhJ56XqLzC2I-ozskY=&transform=true
58676,https://files2.veracross.com/unishanoi/legacy_files/325058?auth=eyJhbGciOiJIUzI1NiIsInR5cCI6IkpXVCJ9.eyJkYXRhYmFzZSI6InVuaXNoYW5vaSIsInVzZXJuYW1lIjoiZHZjaHV5ZW5AdW5pc2hhbm9pLm9yZyIsImZpbGVfcGsiOjMyNTA1OCwidGFibGVfbmFtZSI6IlBlcnNvbiIsInJlY29yZF9mayI6NTg2NzYsImV4cCI6MTc3MzUzMTAwMH0=.hwkEJWkRXqu1fgEdePaQKbBqAwvZlm0uXMghvxuD3H0=&transform=true
58695,https://files2.veracross.com/unishanoi/legacy_files/325332?auth=eyJhbGciOiJIUzI1NiIsInR5cCI6IkpXVCJ9.eyJkYXRhYmFzZSI6InVuaXNoYW5vaSIsInVzZXJuYW1lIjoiZHZjaHV5ZW5AdW5pc2hhbm9pLm9yZyIsImZpbGVfcGsiOjMyNTMzMiwidGFibGVfbmFtZSI6IlBlcnNvbiIsInJlY29yZF9mayI6NTg2OTUsImV4cCI6MTc3MzUzMTAwMH0=.K2i2q2NRNMII7qcJuCTo1boZfvJdhp755Rf_WrkGgQk=&transform=true
58699,https://files2.veracross.com/unishanoi/legacy_files/325268?auth=eyJhbGciOiJIUzI1NiIsInR5cCI6IkpXVCJ9.eyJkYXRhYmFzZSI6InVuaXNoYW5vaSIsInVzZXJuYW1lIjoiZHZjaHV5ZW5AdW5pc2hhbm9pLm9yZyIsImZpbGVfcGsiOjMyNTI2OCwidGFibGVfbmFtZSI6IlBlcnNvbiIsInJlY29yZF9mayI6NTg2OTksImV4cCI6MTc3MzUzMTAwMH0=.CXlAKeQOeYFHpfLiOTgGevZKhmEIji9LcAJPb163J3U=&transform=true
58709,https://files2.veracross.com/unishanoi/legacy_files/325432?auth=eyJhbGciOiJIUzI1NiIsInR5cCI6IkpXVCJ9.eyJkYXRhYmFzZSI6InVuaXNoYW5vaSIsInVzZXJuYW1lIjoiZHZjaHV5ZW5AdW5pc2hhbm9pLm9yZyIsImZpbGVfcGsiOjMyNTQzMiwidGFibGVfbmFtZSI6IlBlcnNvbiIsInJlY29yZF9mayI6NTg3MDksImV4cCI6MTc3MzUzMTAwMH0=.zlyjzsAna40Rw92Ob5EMTXPURvtCSs2UKKbZ2OB4yt8=&transform=true
58712,https://files2.veracross.com/unishanoi/legacy_files/325267?auth=eyJhbGciOiJIUzI1NiIsInR5cCI6IkpXVCJ9.eyJkYXRhYmFzZSI6InVuaXNoYW5vaSIsInVzZXJuYW1lIjoiZHZjaHV5ZW5AdW5pc2hhbm9pLm9yZyIsImZpbGVfcGsiOjMyNTI2NywidGFibGVfbmFtZSI6IlBlcnNvbiIsInJlY29yZF9mayI6NTg3MTIsImV4cCI6MTc3MzUzMTAwMH0=.OQiPicb_S8nXZ1zQHjJ8ICEPTFW9ge7AU_1HiG1jtEo=&transform=true
58744,https://files2.veracross.com/unishanoi/legacy_files/325848?auth=eyJhbGciOiJIUzI1NiIsInR5cCI6IkpXVCJ9.eyJkYXRhYmFzZSI6InVuaXNoYW5vaSIsInVzZXJuYW1lIjoiZHZjaHV5ZW5AdW5pc2hhbm9pLm9yZyIsImZpbGVfcGsiOjMyNTg0OCwidGFibGVfbmFtZSI6IlBlcnNvbiIsInJlY29yZF9mayI6NTg3NDQsImV4cCI6MTc3MzUzMTAwMH0=.hOM_VPLqffCm-BRSGLONcJx_088IcC6H7NgH5g31rz0=&transform=true
58747,https://files2.veracross.com/unishanoi/legacy_files/325776?auth=eyJhbGciOiJIUzI1NiIsInR5cCI6IkpXVCJ9.eyJkYXRhYmFzZSI6InVuaXNoYW5vaSIsInVzZXJuYW1lIjoiZHZjaHV5ZW5AdW5pc2hhbm9pLm9yZyIsImZpbGVfcGsiOjMyNTc3NiwidGFibGVfbmFtZSI6IlBlcnNvbiIsInJlY29yZF9mayI6NTg3NDcsImV4cCI6MTc3MzUzMTAwMH0=.M8GAjL7f04wZtrEWC4R4y5c1RrvUOLaXy7XABQfWVKI=&transform=true
58757,https://files2.veracross.com/unishanoi/legacy_files/325682?auth=eyJhbGciOiJIUzI1NiIsInR5cCI6IkpXVCJ9.eyJkYXRhYmFzZSI6InVuaXNoYW5vaSIsInVzZXJuYW1lIjoiZHZjaHV5ZW5AdW5pc2hhbm9pLm9yZyIsImZpbGVfcGsiOjMyNTY4MiwidGFibGVfbmFtZSI6IlBlcnNvbiIsInJlY29yZF9mayI6NTg3NTcsImV4cCI6MTc3MzUzMTAwMH0=.VYnkVjotGgrDnTEnVgJbNrTKsPnMpJrPFOLCWSnjnak=&transform=true
58766,https://files2.veracross.com/unishanoi/legacy_files/324971?auth=eyJhbGciOiJIUzI1NiIsInR5cCI6IkpXVCJ9.eyJkYXRhYmFzZSI6InVuaXNoYW5vaSIsInVzZXJuYW1lIjoiZHZjaHV5ZW5AdW5pc2hhbm9pLm9yZyIsImZpbGVfcGsiOjMyNDk3MSwidGFibGVfbmFtZSI6IlBlcnNvbiIsInJlY29yZF9mayI6NTg3NjYsImV4cCI6MTc3MzUzMTAwMH0=.xxcRGZjxa0h-BU8DGmx7WbGBdQHwuxp7zw1_6vBiVZw=&transform=true
58777,https://files2.veracross.com/unishanoi/legacy_files/324900?auth=eyJhbGciOiJIUzI1NiIsInR5cCI6IkpXVCJ9.eyJkYXRhYmFzZSI6InVuaXNoYW5vaSIsInVzZXJuYW1lIjoiZHZjaHV5ZW5AdW5pc2hhbm9pLm9yZyIsImZpbGVfcGsiOjMyNDkwMCwidGFibGVfbmFtZSI6IlBlcnNvbiIsInJlY29yZF9mayI6NTg3NzcsImV4cCI6MTc3MzUzMTAwMH0=.IkLjjVFqE7mOrnOdVHGYKVlzAwdrxT6NbKV6EECxfLI=&transform=true
58791,https://files2.veracross.com/unishanoi/legacy_files/325748?auth=eyJhbGciOiJIUzI1NiIsInR5cCI6IkpXVCJ9.eyJkYXRhYmFzZSI6InVuaXNoYW5vaSIsInVzZXJuYW1lIjoiZHZjaHV5ZW5AdW5pc2hhbm9pLm9yZyIsImZpbGVfcGsiOjMyNTc0OCwidGFibGVfbmFtZSI6IlBlcnNvbiIsInJlY29yZF9mayI6NTg3OTEsImV4cCI6MTc3MzUzMTAwMH0=.S1qOmfgiJ8Ne-aS103rH2jfnUtF_e0_GC0_3IdH4iGY=&transform=true
58794,https://files2.veracross.com/unishanoi/legacy_files/325685?auth=eyJhbGciOiJIUzI1NiIsInR5cCI6IkpXVCJ9.eyJkYXRhYmFzZSI6InVuaXNoYW5vaSIsInVzZXJuYW1lIjoiZHZjaHV5ZW5AdW5pc2hhbm9pLm9yZyIsImZpbGVfcGsiOjMyNTY4NSwidGFibGVfbmFtZSI6IlBlcnNvbiIsInJlY29yZF9mayI6NTg3OTQsImV4cCI6MTc3MzUzMTAwMH0=.Gv0v72WWSj9hVvXIfcHrpYG2Gs3beGzliGFU9hPZe_U=&transform=true
58798,https://files2.veracross.com/unishanoi/legacy_files/324949?auth=eyJhbGciOiJIUzI1NiIsInR5cCI6IkpXVCJ9.eyJkYXRhYmFzZSI6InVuaXNoYW5vaSIsInVzZXJuYW1lIjoiZHZjaHV5ZW5AdW5pc2hhbm9pLm9yZyIsImZpbGVfcGsiOjMyNDk0OSwidGFibGVfbmFtZSI6IlBlcnNvbiIsInJlY29yZF9mayI6NTg3OTgsImV4cCI6MTc3MzUzMTAwMH0=.mXLn4-s3-zB1qUvwIZewaEKb4l0OYFqwW9go3k38Pvo=&transform=true
58811,https://files2.veracross.com/unishanoi/legacy_files/325712?auth=eyJhbGciOiJIUzI1NiIsInR5cCI6IkpXVCJ9.eyJkYXRhYmFzZSI6InVuaXNoYW5vaSIsInVzZXJuYW1lIjoiZHZjaHV5ZW5AdW5pc2hhbm9pLm9yZyIsImZpbGVfcGsiOjMyNTcxMiwidGFibGVfbmFtZSI6IlBlcnNvbiIsInJlY29yZF9mayI6NTg4MTEsImV4cCI6MTc3MzUzMTAwMH0=.nsZG-JWNs7CLxDuRKp9K7buqCP4HJHHNVHD9jnnKJVA=&transform=true
58834,https://files2.veracross.com/unishanoi/legacy_files/324937?auth=eyJhbGciOiJIUzI1NiIsInR5cCI6IkpXVCJ9.eyJkYXRhYmFzZSI6InVuaXNoYW5vaSIsInVzZXJuYW1lIjoiZHZjaHV5ZW5AdW5pc2hhbm9pLm9yZyIsImZpbGVfcGsiOjMyNDkzNywidGFibGVfbmFtZSI6IlBlcnNvbiIsInJlY29yZF9mayI6NTg4MzQsImV4cCI6MTc3MzUzMTAwMH0=.ezI2BP0UwxpB-iD0ZZQehN7ji7qqEr7fDnhVYCWmHMM=&transform=true
58845,https://files2.veracross.com/unishanoi/legacy_files/325059?auth=eyJhbGciOiJIUzI1NiIsInR5cCI6IkpXVCJ9.eyJkYXRhYmFzZSI6InVuaXNoYW5vaSIsInVzZXJuYW1lIjoiZHZjaHV5ZW5AdW5pc2hhbm9pLm9yZyIsImZpbGVfcGsiOjMyNTA1OSwidGFibGVfbmFtZSI6IlBlcnNvbiIsInJlY29yZF9mayI6NTg4NDUsImV4cCI6MTc3MzUzMTAwMH0=.Q8ZBuNxLs9gFual968KlG3EuT0fv2migd4dGxoq6I3E=&transform=true
58861,https://files2.veracross.com/unishanoi/legacy_files/325543?auth=eyJhbGciOiJIUzI1NiIsInR5cCI6IkpXVCJ9.eyJkYXRhYmFzZSI6InVuaXNoYW5vaSIsInVzZXJuYW1lIjoiZHZjaHV5ZW5AdW5pc2hhbm9pLm9yZyIsImZpbGVfcGsiOjMyNTU0MywidGFibGVfbmFtZSI6IlBlcnNvbiIsInJlY29yZF9mayI6NTg4NjEsImV4cCI6MTc3MzUzMTAwMH0=.I-TrO06JXviNqc8wzOpNbMoZMok2nbFJvWlHBTDAaTE=&transform=true
58873,https://files2.veracross.com/unishanoi/legacy_files/325377?auth=eyJhbGciOiJIUzI1NiIsInR5cCI6IkpXVCJ9.eyJkYXRhYmFzZSI6InVuaXNoYW5vaSIsInVzZXJuYW1lIjoiZHZjaHV5ZW5AdW5pc2hhbm9pLm9yZyIsImZpbGVfcGsiOjMyNTM3NywidGFibGVfbmFtZSI6IlBlcnNvbiIsInJlY29yZF9mayI6NTg4NzMsImV4cCI6MTc3MzUzMTAwMH0=.b4kkWq0Rrclevj1s666neVZj-LHSYR3PPdL18Hq6fWA=&transform=true
58908,https://files2.veracross.com/unishanoi/legacy_files/325240?auth=eyJhbGciOiJIUzI1NiIsInR5cCI6IkpXVCJ9.eyJkYXRhYmFzZSI6InVuaXNoYW5vaSIsInVzZXJuYW1lIjoiZHZjaHV5ZW5AdW5pc2hhbm9pLm9yZyIsImZpbGVfcGsiOjMyNTI0MCwidGFibGVfbmFtZSI6IlBlcnNvbiIsInJlY29yZF9mayI6NTg5MDgsImV4cCI6MTc3MzUzMTAwMH0=.BgxMo1bOUwcypIE-LTn7qVOBujkZRNGE8m7vaC9-GgQ=&transform=true
58920,https://files2.veracross.com/unishanoi/legacy_files/325244?auth=eyJhbGciOiJIUzI1NiIsInR5cCI6IkpXVCJ9.eyJkYXRhYmFzZSI6InVuaXNoYW5vaSIsInVzZXJuYW1lIjoiZHZjaHV5ZW5AdW5pc2hhbm9pLm9yZyIsImZpbGVfcGsiOjMyNTI0NCwidGFibGVfbmFtZSI6IlBlcnNvbiIsInJlY29yZF9mayI6NTg5MjAsImV4cCI6MTc3MzUzMTAwMH0=.Jl7Ewr9svBGusTmnNIsSeIllLQprXj52DnAZZmEEuoY=&transform=true
58968,https://files2.veracross.com/unishanoi/legacy_files/324946?auth=eyJhbGciOiJIUzI1NiIsInR5cCI6IkpXVCJ9.eyJkYXRhYmFzZSI6InVuaXNoYW5vaSIsInVzZXJuYW1lIjoiZHZjaHV5ZW5AdW5pc2hhbm9pLm9yZyIsImZpbGVfcGsiOjMyNDk0NiwidGFibGVfbmFtZSI6IlBlcnNvbiIsInJlY29yZF9mayI6NTg5NjgsImV4cCI6MTc3MzUzMTAwMH0=.5O4q2rQCyBWGS-lhynJI2uXV3pLSKlnhsBlk5vswE9k=&transform=true
58986,https://files2.veracross.com/unishanoi/legacy_files/324877?auth=eyJhbGciOiJIUzI1NiIsInR5cCI6IkpXVCJ9.eyJkYXRhYmFzZSI6InVuaXNoYW5vaSIsInVzZXJuYW1lIjoiZHZjaHV5ZW5AdW5pc2hhbm9pLm9yZyIsImZpbGVfcGsiOjMyNDg3NywidGFibGVfbmFtZSI6IlBlcnNvbiIsInJlY29yZF9mayI6NTg5ODYsImV4cCI6MTc3MzUzMTAwMH0=.fXce0uPFxewy3zEQqR3uur03Yg9bdwANynqfVUidEsc=&transform=true
59002,https://files2.veracross.com/unishanoi/legacy_files/325514?auth=eyJhbGciOiJIUzI1NiIsInR5cCI6IkpXVCJ9.eyJkYXRhYmFzZSI6InVuaXNoYW5vaSIsInVzZXJuYW1lIjoiZHZjaHV5ZW5AdW5pc2hhbm9pLm9yZyIsImZpbGVfcGsiOjMyNTUxNCwidGFibGVfbmFtZSI6IlBlcnNvbiIsInJlY29yZF9mayI6NTkwMDIsImV4cCI6MTc3MzUzMTAwMH0=.JVWHEbNSfHaI_f1mFWQtXujbpul11fa-yRsdNLWJuC0=&transform=true
59006,https://files2.veracross.com/unishanoi/legacy_files/325359?auth=eyJhbGciOiJIUzI1NiIsInR5cCI6IkpXVCJ9.eyJkYXRhYmFzZSI6InVuaXNoYW5vaSIsInVzZXJuYW1lIjoiZHZjaHV5ZW5AdW5pc2hhbm9pLm9yZyIsImZpbGVfcGsiOjMyNTM1OSwidGFibGVfbmFtZSI6IlBlcnNvbiIsInJlY29yZF9mayI6NTkwMDYsImV4cCI6MTc3MzUzMTAwMH0=.fjqcuFC98-64YCQB8Xv6qtnabi6u_cZh1mD-HRF_eXE=&transform=true
59040,https://files2.veracross.com/unishanoi/legacy_files/324981?auth=eyJhbGciOiJIUzI1NiIsInR5cCI6IkpXVCJ9.eyJkYXRhYmFzZSI6InVuaXNoYW5vaSIsInVzZXJuYW1lIjoiZHZjaHV5ZW5AdW5pc2hhbm9pLm9yZyIsImZpbGVfcGsiOjMyNDk4MSwidGFibGVfbmFtZSI6IlBlcnNvbiIsInJlY29yZF9mayI6NTkwNDAsImV4cCI6MTc3MzUzMTAwMH0=.OPruDJAMk_ItcZEz_USqKW3BYej_puJCdorX_82Ifxk=&transform=true
59053,https://files2.veracross.com/unishanoi/legacy_files/324798?auth=eyJhbGciOiJIUzI1NiIsInR5cCI6IkpXVCJ9.eyJkYXRhYmFzZSI6InVuaXNoYW5vaSIsInVzZXJuYW1lIjoiZHZjaHV5ZW5AdW5pc2hhbm9pLm9yZyIsImZpbGVfcGsiOjMyNDc5OCwidGFibGVfbmFtZSI6IlBlcnNvbiIsInJlY29yZF9mayI6NTkwNTMsImV4cCI6MTc3MzUzMTAwMH0=.MAaveBmKEvKcuQM33OSmWarTfheBGSj0YHT3gkpyRZA=&transform=true
59156,https://files2.veracross.com/unishanoi/legacy_files/325190?auth=eyJhbGciOiJIUzI1NiIsInR5cCI6IkpXVCJ9.eyJkYXRhYmFzZSI6InVuaXNoYW5vaSIsInVzZXJuYW1lIjoiZHZjaHV5ZW5AdW5pc2hhbm9pLm9yZyIsImZpbGVfcGsiOjMyNTE5MCwidGFibGVfbmFtZSI6IlBlcnNvbiIsInJlY29yZF9mayI6NTkxNTYsImV4cCI6MTc3MzUzMTAwMH0=.hpTMusCTPPFqltHQXxZCg0OgZ0i37AXjG1rGobmJyEo=&transform=true
59192,https://files2.veracross.com/unishanoi/legacy_files/325078?auth=eyJhbGciOiJIUzI1NiIsInR5cCI6IkpXVCJ9.eyJkYXRhYmFzZSI6InVuaXNoYW5vaSIsInVzZXJuYW1lIjoiZHZjaHV5ZW5AdW5pc2hhbm9pLm9yZyIsImZpbGVfcGsiOjMyNTA3OCwidGFibGVfbmFtZSI6IlBlcnNvbiIsInJlY29yZF9mayI6NTkxOTIsImV4cCI6MTc3MzUzMTAwMH0=.ZQeLEiSYsmkbv0P0Hjco3PmwocCaPA5_yAZURBK_Ml4=&transform=true
59416,https://files2.veracross.com/unishanoi/legacy_files/325384?auth=eyJhbGciOiJIUzI1NiIsInR5cCI6IkpXVCJ9.eyJkYXRhYmFzZSI6InVuaXNoYW5vaSIsInVzZXJuYW1lIjoiZHZjaHV5ZW5AdW5pc2hhbm9pLm9yZyIsImZpbGVfcGsiOjMyNTM4NCwidGFibGVfbmFtZSI6IlBlcnNvbiIsInJlY29yZF9mayI6NTk0MTYsImV4cCI6MTc3MzUzMTAwMH0=.o6bmAkZF7sVAZbpPmczFNX4wmXEswKbsg8BR8tnRhGk=&transform=true
59460,https://files2.veracross.com/unishanoi/legacy_files/326343?auth=eyJhbGciOiJIUzI1NiIsInR5cCI6IkpXVCJ9.eyJkYXRhYmFzZSI6InVuaXNoYW5vaSIsInVzZXJuYW1lIjoiZHZjaHV5ZW5AdW5pc2hhbm9pLm9yZyIsImZpbGVfcGsiOjMyNjM0MywidGFibGVfbmFtZSI6IlBlcnNvbiIsInJlY29yZF9mayI6NTk0NjAsImV4cCI6MTc3MzUzMTAwMH0=.YJqNY5bA0y2a-ICflz_mW9pEy8W5zPcQSY-RH5Bvt3w=&transform=true
59538,https://files2.veracross.com/unishanoi/legacy_files/325740?auth=eyJhbGciOiJIUzI1NiIsInR5cCI6IkpXVCJ9.eyJkYXRhYmFzZSI6InVuaXNoYW5vaSIsInVzZXJuYW1lIjoiZHZjaHV5ZW5AdW5pc2hhbm9pLm9yZyIsImZpbGVfcGsiOjMyNTc0MCwidGFibGVfbmFtZSI6IlBlcnNvbiIsInJlY29yZF9mayI6NTk1MzgsImV4cCI6MTc3MzUzMTAwMH0=.9aVan3C3ugQywvHcu18V-3iVk5TarEwVQag2bdAlHP0=&transform=true
59542,https://files2.veracross.com/unishanoi/legacy_files/325156?auth=eyJhbGciOiJIUzI1NiIsInR5cCI6IkpXVCJ9.eyJkYXRhYmFzZSI6InVuaXNoYW5vaSIsInVzZXJuYW1lIjoiZHZjaHV5ZW5AdW5pc2hhbm9pLm9yZyIsImZpbGVfcGsiOjMyNTE1NiwidGFibGVfbmFtZSI6IlBlcnNvbiIsInJlY29yZF9mayI6NTk1NDIsImV4cCI6MTc3MzUzMTAwMH0=.Evpj-huN7Q9PEJTy7QUcmzLF0Sq-QkPW0gwIlOe6o6E=&transform=true
59543,https://files2.veracross.com/unishanoi/legacy_files/325116?auth=eyJhbGciOiJIUzI1NiIsInR5cCI6IkpXVCJ9.eyJkYXRhYmFzZSI6InVuaXNoYW5vaSIsInVzZXJuYW1lIjoiZHZjaHV5ZW5AdW5pc2hhbm9pLm9yZyIsImZpbGVfcGsiOjMyNTExNiwidGFibGVfbmFtZSI6IlBlcnNvbiIsInJlY29yZF9mayI6NTk1NDMsImV4cCI6MTc3MzUzMTAwMH0=.0tv0kfNx2siIdFYNNJzLCQjECSE2rfm-ZLHDX9b6JMI=&transform=true
59635,https://files2.veracross.com/unishanoi/legacy_files/325135?auth=eyJhbGciOiJIUzI1NiIsInR5cCI6IkpXVCJ9.eyJkYXRhYmFzZSI6InVuaXNoYW5vaSIsInVzZXJuYW1lIjoiZHZjaHV5ZW5AdW5pc2hhbm9pLm9yZyIsImZpbGVfcGsiOjMyNTEzNSwidGFibGVfbmFtZSI6IlBlcnNvbiIsInJlY29yZF9mayI6NTk2MzUsImV4cCI6MTc3MzUzMTAwMH0=._in__omm0Kv0U98rq7NKyR_MsfCBbpmfq97UW55C4Z8=&transform=true
59658,https://files2.veracross.com/unishanoi/legacy_files/325836?auth=eyJhbGciOiJIUzI1NiIsInR5cCI6IkpXVCJ9.eyJkYXRhYmFzZSI6InVuaXNoYW5vaSIsInVzZXJuYW1lIjoiZHZjaHV5ZW5AdW5pc2hhbm9pLm9yZyIsImZpbGVfcGsiOjMyNTgzNiwidGFibGVfbmFtZSI6IlBlcnNvbiIsInJlY29yZF9mayI6NTk2NTgsImV4cCI6MTc3MzUzMTAwMH0=.88v4Xenst_miPrdbt9iNyb-XDlfdi-sJtcCJ5Uw-pk0=&transform=true
59659,https://files2.veracross.com/unishanoi/legacy_files/325817?auth=eyJhbGciOiJIUzI1NiIsInR5cCI6IkpXVCJ9.eyJkYXRhYmFzZSI6InVuaXNoYW5vaSIsInVzZXJuYW1lIjoiZHZjaHV5ZW5AdW5pc2hhbm9pLm9yZyIsImZpbGVfcGsiOjMyNTgxNywidGFibGVfbmFtZSI6IlBlcnNvbiIsInJlY29yZF9mayI6NTk2NTksImV4cCI6MTc3MzUzMTAwMH0=.a7lzI1ldJtKjDvFt-_QgAnc5ul16eqFM3zFKMItr4tc=&transform=true
59663,https://files2.veracross.com/unishanoi/legacy_files/325686?auth=eyJhbGciOiJIUzI1NiIsInR5cCI6IkpXVCJ9.eyJkYXRhYmFzZSI6InVuaXNoYW5vaSIsInVzZXJuYW1lIjoiZHZjaHV5ZW5AdW5pc2hhbm9pLm9yZyIsImZpbGVfcGsiOjMyNTY4NiwidGFibGVfbmFtZSI6IlBlcnNvbiIsInJlY29yZF9mayI6NTk2NjMsImV4cCI6MTc3MzUzMTAwMH0=.JHq9lij0lqVBZGAODAQnrzw7FofxDW6UsRKCUz4GXcw=&transform=true
59664,https://files2.veracross.com/unishanoi/legacy_files/325830?auth=eyJhbGciOiJIUzI1NiIsInR5cCI6IkpXVCJ9.eyJkYXRhYmFzZSI6InVuaXNoYW5vaSIsInVzZXJuYW1lIjoiZHZjaHV5ZW5AdW5pc2hhbm9pLm9yZyIsImZpbGVfcGsiOjMyNTgzMCwidGFibGVfbmFtZSI6IlBlcnNvbiIsInJlY29yZF9mayI6NTk2NjQsImV4cCI6MTc3MzUzMTAwMH0=.Fhd3I3PRN-65xOMHEkzCnoRb-oLG1IWoB-X5cRFN3cs=&transform=true
59730,https://files2.veracross.com/unishanoi/legacy_files/324990?auth=eyJhbGciOiJIUzI1NiIsInR5cCI6IkpXVCJ9.eyJkYXRhYmFzZSI6InVuaXNoYW5vaSIsInVzZXJuYW1lIjoiZHZjaHV5ZW5AdW5pc2hhbm9pLm9yZyIsImZpbGVfcGsiOjMyNDk5MCwidGFibGVfbmFtZSI6IlBlcnNvbiIsInJlY29yZF9mayI6NTk3MzAsImV4cCI6MTc3MzUzMTAwMH0=.ZMoc2s1xIeP7_MxtRuZSWp2TL-HsW9NFJRBoQGmuZUs=&transform=true
59757,https://files2.veracross.com/unishanoi/legacy_files/313976?auth=eyJhbGciOiJIUzI1NiIsInR5cCI6IkpXVCJ9.eyJkYXRhYmFzZSI6InVuaXNoYW5vaSIsInVzZXJuYW1lIjoiZHZjaHV5ZW5AdW5pc2hhbm9pLm9yZyIsImZpbGVfcGsiOjMxMzk3NiwidGFibGVfbmFtZSI6IlBlcnNvbiIsInJlY29yZF9mayI6NTk3NTcsImV4cCI6MTc3MzUzMTAwMH0=.-6IC_YYF7hYS4OduODUCwZHy__EOYPPOJcaVTRX--FA=&transform=true
59768,https://files2.veracross.com/unishanoi/legacy_files/325165?auth=eyJhbGciOiJIUzI1NiIsInR5cCI6IkpXVCJ9.eyJkYXRhYmFzZSI6InVuaXNoYW5vaSIsInVzZXJuYW1lIjoiZHZjaHV5ZW5AdW5pc2hhbm9pLm9yZyIsImZpbGVfcGsiOjMyNTE2NSwidGFibGVfbmFtZSI6IlBlcnNvbiIsInJlY29yZF9mayI6NTk3NjgsImV4cCI6MTc3MzUzMTAwMH0=.oaPSAvlTId7nsZTHvIbm3gz0naVWY3O5t498yb9QCYg=&transform=true
59798,https://files2.veracross.com/unishanoi/legacy_files/325581?auth=eyJhbGciOiJIUzI1NiIsInR5cCI6IkpXVCJ9.eyJkYXRhYmFzZSI6InVuaXNoYW5vaSIsInVzZXJuYW1lIjoiZHZjaHV5ZW5AdW5pc2hhbm9pLm9yZyIsImZpbGVfcGsiOjMyNTU4MSwidGFibGVfbmFtZSI6IlBlcnNvbiIsInJlY29yZF9mayI6NTk3OTgsImV4cCI6MTc3MzUzMTAwMH0=.rzLiP8c4wuTn0fAuYqcEdouKoJZcxXS1XeHkKwnvets=&transform=true
59825,https://files2.veracross.com/unishanoi/legacy_files/325898?auth=eyJhbGciOiJIUzI1NiIsInR5cCI6IkpXVCJ9.eyJkYXRhYmFzZSI6InVuaXNoYW5vaSIsInVzZXJuYW1lIjoiZHZjaHV5ZW5AdW5pc2hhbm9pLm9yZyIsImZpbGVfcGsiOjMyNTg5OCwidGFibGVfbmFtZSI6IlBlcnNvbiIsInJlY29yZF9mayI6NTk4MjUsImV4cCI6MTc3MzUzMTAwMH0=.LayBegkdZb5xO3GgJkhkiJkbM0Wa_diTD7YxhIXKFlk=&transform=true
59842,https://files2.veracross.com/unishanoi/legacy_files/325823?auth=eyJhbGciOiJIUzI1NiIsInR5cCI6IkpXVCJ9.eyJkYXRhYmFzZSI6InVuaXNoYW5vaSIsInVzZXJuYW1lIjoiZHZjaHV5ZW5AdW5pc2hhbm9pLm9yZyIsImZpbGVfcGsiOjMyNTgyMywidGFibGVfbmFtZSI6IlBlcnNvbiIsInJlY29yZF9mayI6NTk4NDIsImV4cCI6MTc3MzUzMTAwMH0=.Q8aQ8Ffqs7hIrEJQttmLgVT5KxcG29R3UbqlNngNMgw=&transform=true
59856,https://files2.veracross.com/unishanoi/legacy_files/325821?auth=eyJhbGciOiJIUzI1NiIsInR5cCI6IkpXVCJ9.eyJkYXRhYmFzZSI6InVuaXNoYW5vaSIsInVzZXJuYW1lIjoiZHZjaHV5ZW5AdW5pc2hhbm9pLm9yZyIsImZpbGVfcGsiOjMyNTgyMSwidGFibGVfbmFtZSI6IlBlcnNvbiIsInJlY29yZF9mayI6NTk4NTYsImV4cCI6MTc3MzUzMTAwMH0=.wdfuhbsUX58txmhfndkigSyKq1bU-BijeHnFqw6IVFI=&transform=true
59859,https://files2.veracross.com/unishanoi/legacy_files/324890?auth=eyJhbGciOiJIUzI1NiIsInR5cCI6IkpXVCJ9.eyJkYXRhYmFzZSI6InVuaXNoYW5vaSIsInVzZXJuYW1lIjoiZHZjaHV5ZW5AdW5pc2hhbm9pLm9yZyIsImZpbGVfcGsiOjMyNDg5MCwidGFibGVfbmFtZSI6IlBlcnNvbiIsInJlY29yZF9mayI6NTk4NTksImV4cCI6MTc3MzUzMTAwMH0=.jclXro2u9pZMtOb_fgRJLv73F-JRMD_kr0l7vfKuyaQ=&transform=true
59902,https://files2.veracross.com/unishanoi/legacy_files/325038?auth=eyJhbGciOiJIUzI1NiIsInR5cCI6IkpXVCJ9.eyJkYXRhYmFzZSI6InVuaXNoYW5vaSIsInVzZXJuYW1lIjoiZHZjaHV5ZW5AdW5pc2hhbm9pLm9yZyIsImZpbGVfcGsiOjMyNTAzOCwidGFibGVfbmFtZSI6IlBlcnNvbiIsInJlY29yZF9mayI6NTk5MDIsImV4cCI6MTc3MzUzMTAwMH0=.SLPpBCkGCxHbFhyw_f2DFNsd_kbIc1u5tvh21LUfiI4=&transform=true
59907,https://files2.veracross.com/unishanoi/legacy_files/324858?auth=eyJhbGciOiJIUzI1NiIsInR5cCI6IkpXVCJ9.eyJkYXRhYmFzZSI6InVuaXNoYW5vaSIsInVzZXJuYW1lIjoiZHZjaHV5ZW5AdW5pc2hhbm9pLm9yZyIsImZpbGVfcGsiOjMyNDg1OCwidGFibGVfbmFtZSI6IlBlcnNvbiIsInJlY29yZF9mayI6NTk5MDcsImV4cCI6MTc3MzUzMTAwMH0=.IvluLlzATsosZKLcWq9CuqdXNojh4_7mhcmA7wcz4Fw=&transform=true
59969,https://files2.veracross.com/unishanoi/legacy_files/325536?auth=eyJhbGciOiJIUzI1NiIsInR5cCI6IkpXVCJ9.eyJkYXRhYmFzZSI6InVuaXNoYW5vaSIsInVzZXJuYW1lIjoiZHZjaHV5ZW5AdW5pc2hhbm9pLm9yZyIsImZpbGVfcGsiOjMyNTUzNiwidGFibGVfbmFtZSI6IlBlcnNvbiIsInJlY29yZF9mayI6NTk5NjksImV4cCI6MTc3MzUzMTAwMH0=.KouiI6-zNnXkiQxIko4JV4tAHnkw68Ty4LfENCsF5ew=&transform=true
60065,https://files2.veracross.com/unishanoi/legacy_files/326295?auth=eyJhbGciOiJIUzI1NiIsInR5cCI6IkpXVCJ9.eyJkYXRhYmFzZSI6InVuaXNoYW5vaSIsInVzZXJuYW1lIjoiZHZjaHV5ZW5AdW5pc2hhbm9pLm9yZyIsImZpbGVfcGsiOjMyNjI5NSwidGFibGVfbmFtZSI6IlBlcnNvbiIsInJlY29yZF9mayI6NjAwNjUsImV4cCI6MTc3MzUzMTAwMH0=.T99sgmz5FTvbC99uPNfzDODv0PA5oN70_I4-eF2iIK0=&transform=true
60093,https://files2.veracross.com/unishanoi/legacy_files/326324?auth=eyJhbGciOiJIUzI1NiIsInR5cCI6IkpXVCJ9.eyJkYXRhYmFzZSI6InVuaXNoYW5vaSIsInVzZXJuYW1lIjoiZHZjaHV5ZW5AdW5pc2hhbm9pLm9yZyIsImZpbGVfcGsiOjMyNjMyNCwidGFibGVfbmFtZSI6IlBlcnNvbiIsInJlY29yZF9mayI6NjAwOTMsImV4cCI6MTc3MzUzMTAwMH0=.tlHIC5j2GDQPlAahpikCCEWDdNjOj3K0GZZJwSbVrcY=&transform=true
60126,https://files2.veracross.com/unishanoi/legacy_files/326321?auth=eyJhbGciOiJIUzI1NiIsInR5cCI6IkpXVCJ9.eyJkYXRhYmFzZSI6InVuaXNoYW5vaSIsInVzZXJuYW1lIjoiZHZjaHV5ZW5AdW5pc2hhbm9pLm9yZyIsImZpbGVfcGsiOjMyNjMyMSwidGFibGVfbmFtZSI6IlBlcnNvbiIsInJlY29yZF9mayI6NjAxMjYsImV4cCI6MTc3MzUzMTAwMH0=.IeyMyuKfFCzFdl22BMoTzqprDu6WIwfBi_y7P-9R0qU=&transform=true
60154,https://files2.veracross.com/unishanoi/legacy_files/325725?auth=eyJhbGciOiJIUzI1NiIsInR5cCI6IkpXVCJ9.eyJkYXRhYmFzZSI6InVuaXNoYW5vaSIsInVzZXJuYW1lIjoiZHZjaHV5ZW5AdW5pc2hhbm9pLm9yZyIsImZpbGVfcGsiOjMyNTcyNSwidGFibGVfbmFtZSI6IlBlcnNvbiIsInJlY29yZF9mayI6NjAxNTQsImV4cCI6MTc3MzUzMTAwMH0=.xvsFlp29aCm36uUUxGRfMU0CfD8XLhV6WxP7doSeasI=&transform=true
60155,https://files2.veracross.com/unishanoi/legacy_files/325660?auth=eyJhbGciOiJIUzI1NiIsInR5cCI6IkpXVCJ9.eyJkYXRhYmFzZSI6InVuaXNoYW5vaSIsInVzZXJuYW1lIjoiZHZjaHV5ZW5AdW5pc2hhbm9pLm9yZyIsImZpbGVfcGsiOjMyNTY2MCwidGFibGVfbmFtZSI6IlBlcnNvbiIsInJlY29yZF9mayI6NjAxNTUsImV4cCI6MTc3MzUzMTAwMH0=.LMZvm7d5AJf6srZK-jGzzJVqULWtnlbfAl7_JSYm0TI=&transform=true
60156,https://files2.veracross.com/unishanoi/legacy_files/325599?auth=eyJhbGciOiJIUzI1NiIsInR5cCI6IkpXVCJ9.eyJkYXRhYmFzZSI6InVuaXNoYW5vaSIsInVzZXJuYW1lIjoiZHZjaHV5ZW5AdW5pc2hhbm9pLm9yZyIsImZpbGVfcGsiOjMyNTU5OSwidGFibGVfbmFtZSI6IlBlcnNvbiIsInJlY29yZF9mayI6NjAxNTYsImV4cCI6MTc3MzUzMTAwMH0=.TJQw9oDhwkSQIHu1CHq7BJtwvjFp5VvEvGM01d412KI=&transform=true
60170,https://files2.veracross.com/unishanoi/legacy_files/326264?auth=eyJhbGciOiJIUzI1NiIsInR5cCI6IkpXVCJ9.eyJkYXRhYmFzZSI6InVuaXNoYW5vaSIsInVzZXJuYW1lIjoiZHZjaHV5ZW5AdW5pc2hhbm9pLm9yZyIsImZpbGVfcGsiOjMyNjI2NCwidGFibGVfbmFtZSI6IlBlcnNvbiIsInJlY29yZF9mayI6NjAxNzAsImV4cCI6MTc3MzUzMTAwMH0=.ns3lqjeJCp8AzZgTzJEyVY81JHOgj6PePugFGB2K3Yw=&transform=true
60171,https://files2.veracross.com/unishanoi/legacy_files/326251?auth=eyJhbGciOiJIUzI1NiIsInR5cCI6IkpXVCJ9.eyJkYXRhYmFzZSI6InVuaXNoYW5vaSIsInVzZXJuYW1lIjoiZHZjaHV5ZW5AdW5pc2hhbm9pLm9yZyIsImZpbGVfcGsiOjMyNjI1MSwidGFibGVfbmFtZSI6IlBlcnNvbiIsInJlY29yZF9mayI6NjAxNzEsImV4cCI6MTc3MzUzMTAwMH0=.12omXwgbCu_sB_7ywUBfYEKP-SYmLN-P1H7np6XU724=&transform=true
60235,https://files2.veracross.com/unishanoi/legacy_files/326334?auth=eyJhbGciOiJIUzI1NiIsInR5cCI6IkpXVCJ9.eyJkYXRhYmFzZSI6InVuaXNoYW5vaSIsInVzZXJuYW1lIjoiZHZjaHV5ZW5AdW5pc2hhbm9pLm9yZyIsImZpbGVfcGsiOjMyNjMzNCwidGFibGVfbmFtZSI6IlBlcnNvbiIsInJlY29yZF9mayI6NjAyMzUsImV4cCI6MTc3MzUzMTAwMH0=.HXlb-r--KQUEBuzLVBmP5_2iF4BG7uEeqshw5yz5FeA=&transform=true
60316,https://files2.veracross.com/unishanoi/legacy_files/326273?auth=eyJhbGciOiJIUzI1NiIsInR5cCI6IkpXVCJ9.eyJkYXRhYmFzZSI6InVuaXNoYW5vaSIsInVzZXJuYW1lIjoiZHZjaHV5ZW5AdW5pc2hhbm9pLm9yZyIsImZpbGVfcGsiOjMyNjI3MywidGFibGVfbmFtZSI6IlBlcnNvbiIsInJlY29yZF9mayI6NjAzMTYsImV4cCI6MTc3MzUzMTAwMH0=.JJeSM4sxNoR7kG31NEoftDVYArPv3f4s_nb9kJYlOn4=&transform=true
60774,https://files2.veracross.com/unishanoi/legacy_files/326267?auth=eyJhbGciOiJIUzI1NiIsInR5cCI6IkpXVCJ9.eyJkYXRhYmFzZSI6InVuaXNoYW5vaSIsInVzZXJuYW1lIjoiZHZjaHV5ZW5AdW5pc2hhbm9pLm9yZyIsImZpbGVfcGsiOjMyNjI2NywidGFibGVfbmFtZSI6IlBlcnNvbiIsInJlY29yZF9mayI6NjA3NzQsImV4cCI6MTc3MzUzMTAwMH0=.a8GMHBBCV6-ZymZK79gTLFzA9i7qAZ76GQzRSFMXwC4=&transform=true
60779,https://files2.veracross.com/unishanoi/legacy_files/326332?auth=eyJhbGciOiJIUzI1NiIsInR5cCI6IkpXVCJ9.eyJkYXRhYmFzZSI6InVuaXNoYW5vaSIsInVzZXJuYW1lIjoiZHZjaHV5ZW5AdW5pc2hhbm9pLm9yZyIsImZpbGVfcGsiOjMyNjMzMiwidGFibGVfbmFtZSI6IlBlcnNvbiIsInJlY29yZF9mayI6NjA3NzksImV4cCI6MTc3MzUzMTAwMH0=.-3nx9zNfvCcickN3W9g3Gi4t5l5kTgLA0-F6EILPWtM=&transform=true
60798,https://files2.veracross.com/unishanoi/legacy_files/326247?auth=eyJhbGciOiJIUzI1NiIsInR5cCI6IkpXVCJ9.eyJkYXRhYmFzZSI6InVuaXNoYW5vaSIsInVzZXJuYW1lIjoiZHZjaHV5ZW5AdW5pc2hhbm9pLm9yZyIsImZpbGVfcGsiOjMyNjI0NywidGFibGVfbmFtZSI6IlBlcnNvbiIsInJlY29yZF9mayI6NjA3OTgsImV4cCI6MTc3MzUzMTAwMH0=.CuYEGG0p9sQHUVF92Ohz6ObOJGsDXmkRR_swu-ufl8w=&transform=true
60832,https://files2.veracross.com/unishanoi/legacy_files/326269?auth=eyJhbGciOiJIUzI1NiIsInR5cCI6IkpXVCJ9.eyJkYXRhYmFzZSI6InVuaXNoYW5vaSIsInVzZXJuYW1lIjoiZHZjaHV5ZW5AdW5pc2hhbm9pLm9yZyIsImZpbGVfcGsiOjMyNjI2OSwidGFibGVfbmFtZSI6IlBlcnNvbiIsInJlY29yZF9mayI6NjA4MzIsImV4cCI6MTc3MzUzMTAwMH0=.qZrPKiXPEBvPs8jnrLvpUQ1OvcyYFDDxmUhFtljUywg=&transform=true
60894,https://files2.veracross.com/unishanoi/legacy_files/326287?auth=eyJhbGciOiJIUzI1NiIsInR5cCI6IkpXVCJ9.eyJkYXRhYmFzZSI6InVuaXNoYW5vaSIsInVzZXJuYW1lIjoiZHZjaHV5ZW5AdW5pc2hhbm9pLm9yZyIsImZpbGVfcGsiOjMyNjI4NywidGFibGVfbmFtZSI6IlBlcnNvbiIsInJlY29yZF9mayI6NjA4OTQsImV4cCI6MTc3MzUzMTAwMH0=.OhoQtvAG_04yVIIBhe0vcVryivGae-QOxM82cTaEj2g=&transform=true
60901,https://files2.veracross.com/unishanoi/legacy_files/326307?auth=eyJhbGciOiJIUzI1NiIsInR5cCI6IkpXVCJ9.eyJkYXRhYmFzZSI6InVuaXNoYW5vaSIsInVzZXJuYW1lIjoiZHZjaHV5ZW5AdW5pc2hhbm9pLm9yZyIsImZpbGVfcGsiOjMyNjMwNywidGFibGVfbmFtZSI6IlBlcnNvbiIsInJlY29yZF9mayI6NjA5MDEsImV4cCI6MTc3MzUzMTAwMH0=.TrGs7NwovDAO2QrBYWsmJmz3ECOVhwfwGwjO6B4RTxU=&transform=true
60950,https://files2.veracross.com/unishanoi/legacy_files/326257?auth=eyJhbGciOiJIUzI1NiIsInR5cCI6IkpXVCJ9.eyJkYXRhYmFzZSI6InVuaXNoYW5vaSIsInVzZXJuYW1lIjoiZHZjaHV5ZW5AdW5pc2hhbm9pLm9yZyIsImZpbGVfcGsiOjMyNjI1NywidGFibGVfbmFtZSI6IlBlcnNvbiIsInJlY29yZF9mayI6NjA5NTAsImV4cCI6MTc3MzUzMTAwMH0=.PatkkNJkZGIhlKA3mnyMTkdwkMpnJToXAhl2W5BH48w=&transform=true
60951,https://files2.veracross.com/unishanoi/legacy_files/326261?auth=eyJhbGciOiJIUzI1NiIsInR5cCI6IkpXVCJ9.eyJkYXRhYmFzZSI6InVuaXNoYW5vaSIsInVzZXJuYW1lIjoiZHZjaHV5ZW5AdW5pc2hhbm9pLm9yZyIsImZpbGVfcGsiOjMyNjI2MSwidGFibGVfbmFtZSI6IlBlcnNvbiIsInJlY29yZF9mayI6NjA5NTEsImV4cCI6MTc3MzUzMTAwMH0=.xrNPH0Nqt4qj1OVAtcfp7pVaaOJXTzjFcjiRyZmCsps=&transform=true
60964,https://files2.veracross.com/unishanoi/legacy_files/326346?auth=eyJhbGciOiJIUzI1NiIsInR5cCI6IkpXVCJ9.eyJkYXRhYmFzZSI6InVuaXNoYW5vaSIsInVzZXJuYW1lIjoiZHZjaHV5ZW5AdW5pc2hhbm9pLm9yZyIsImZpbGVfcGsiOjMyNjM0NiwidGFibGVfbmFtZSI6IlBlcnNvbiIsInJlY29yZF9mayI6NjA5NjQsImV4cCI6MTc3MzUzMTAwMH0=.2hhb6-xriUkafO39KPbDOn9jxqETTqXHwi9DImw1nBQ=&transform=true
61056,https://files2.veracross.com/unishanoi/legacy_files/326243?auth=eyJhbGciOiJIUzI1NiIsInR5cCI6IkpXVCJ9.eyJkYXRhYmFzZSI6InVuaXNoYW5vaSIsInVzZXJuYW1lIjoiZHZjaHV5ZW5AdW5pc2hhbm9pLm9yZyIsImZpbGVfcGsiOjMyNjI0MywidGFibGVfbmFtZSI6IlBlcnNvbiIsInJlY29yZF9mayI6NjEwNTYsImV4cCI6MTc3MzUzMTAwMH0=.4kJ5fkuZNUrUFR8QzRu0NcD_M8xnA1QmvD4jinGCwxY=&transform=true
61057,https://files2.veracross.com/unishanoi/legacy_files/326238?auth=eyJhbGciOiJIUzI1NiIsInR5cCI6IkpXVCJ9.eyJkYXRhYmFzZSI6InVuaXNoYW5vaSIsInVzZXJuYW1lIjoiZHZjaHV5ZW5AdW5pc2hhbm9pLm9yZyIsImZpbGVfcGsiOjMyNjIzOCwidGFibGVfbmFtZSI6IlBlcnNvbiIsInJlY29yZF9mayI6NjEwNTcsImV4cCI6MTc3MzUzMTAwMH0=.cNG9L2sOLEerOe7SU9KzJB1Hjj1sVZ1YK2rda5cSg5I=&transform=true
61166,https://files2.veracross.com/unishanoi/legacy_files/323036?auth=eyJhbGciOiJIUzI1NiIsInR5cCI6IkpXVCJ9.eyJkYXRhYmFzZSI6InVuaXNoYW5vaSIsInVzZXJuYW1lIjoiZHZjaHV5ZW5AdW5pc2hhbm9pLm9yZyIsImZpbGVfcGsiOjMyMzAzNiwidGFibGVfbmFtZSI6IlBlcnNvbiIsInJlY29yZF9mayI6NjExNjYsImV4cCI6MTc3MzUzMTAwMH0=.7O26KSBxjP35nC1WzU8z604sj2wFsGGBeZbm9cSy2xs=&transform=true
61167,https://files2.veracross.com/unishanoi/legacy_files/323037?auth=eyJhbGciOiJIUzI1NiIsInR5cCI6IkpXVCJ9.eyJkYXRhYmFzZSI6InVuaXNoYW5vaSIsInVzZXJuYW1lIjoiZHZjaHV5ZW5AdW5pc2hhbm9pLm9yZyIsImZpbGVfcGsiOjMyMzAzNywidGFibGVfbmFtZSI6IlBlcnNvbiIsInJlY29yZF9mayI6NjExNjcsImV4cCI6MTc3MzUzMTAwMH0=.Xfg4UkKaoELKHnJtizwWP-vczelhqrCdCqX85Fjf1r0=&transform=true
61223,https://files2.veracross.com/unishanoi/legacy_files/326277?auth=eyJhbGciOiJIUzI1NiIsInR5cCI6IkpXVCJ9.eyJkYXRhYmFzZSI6InVuaXNoYW5vaSIsInVzZXJuYW1lIjoiZHZjaHV5ZW5AdW5pc2hhbm9pLm9yZyIsImZpbGVfcGsiOjMyNjI3NywidGFibGVfbmFtZSI6IlBlcnNvbiIsInJlY29yZF9mayI6NjEyMjMsImV4cCI6MTc3MzUzMTAwMH0=.9wwzx5V_l-KxNB740a9QQnAHwbdrkSpCNFnVM33X0us=&transform=true
61229,https://files2.veracross.com/unishanoi/legacy_files/323899?auth=eyJhbGciOiJIUzI1NiIsInR5cCI6IkpXVCJ9.eyJkYXRhYmFzZSI6InVuaXNoYW5vaSIsInVzZXJuYW1lIjoiZHZjaHV5ZW5AdW5pc2hhbm9pLm9yZyIsImZpbGVfcGsiOjMyMzg5OSwidGFibGVfbmFtZSI6IlBlcnNvbiIsInJlY29yZF9mayI6NjEyMjksImV4cCI6MTc3MzUzMTAwMH0=.f1gNUUnQth9towPkI4yD9B4kPSl7Kr7FR9zlPGh47bI=&transform=true
61362,https://files2.veracross.com/unishanoi/legacy_files/326306?auth=eyJhbGciOiJIUzI1NiIsInR5cCI6IkpXVCJ9.eyJkYXRhYmFzZSI6InVuaXNoYW5vaSIsInVzZXJuYW1lIjoiZHZjaHV5ZW5AdW5pc2hhbm9pLm9yZyIsImZpbGVfcGsiOjMyNjMwNiwidGFibGVfbmFtZSI6IlBlcnNvbiIsInJlY29yZF9mayI6NjEzNjIsImV4cCI6MTc3MzUzMTAwMH0=.pgyKoo6b4B2F20s6ix9O7xG6ZXo2CsLKt_O9-y80qE4=&transform=true
2822,https://files2.veracross.com/unishanoi/legacy_files/325054?auth=eyJhbGciOiJIUzI1NiIsInR5cCI6IkpXVCJ9.eyJkYXRhYmFzZSI6InVuaXNoYW5vaSIsInVzZXJuYW1lIjoiZHZjaHV5ZW5AdW5pc2hhbm9pLm9yZyIsImZpbGVfcGsiOjMyNTA1NCwidGFibGVfbmFtZSI6IlBlcnNvbiIsInJlY29yZF9mayI6MjgyMiwiZXhwIjoxNzczNTMxMDAwfQ==.f4pEJLplv3iLOwURAObT9ONbw9pHK-OKuF6kBJmH7G8=&transform=true
2841,https://files2.veracross.com/unishanoi/legacy_files/324806?auth=eyJhbGciOiJIUzI1NiIsInR5cCI6IkpXVCJ9.eyJkYXRhYmFzZSI6InVuaXNoYW5vaSIsInVzZXJuYW1lIjoiZHZjaHV5ZW5AdW5pc2hhbm9pLm9yZyIsImZpbGVfcGsiOjMyNDgwNiwidGFibGVfbmFtZSI6IlBlcnNvbiIsInJlY29yZF9mayI6Mjg0MSwiZXhwIjoxNzczNTMxMDAwfQ==.gDNB82_UZxbABuL0EOKFwZm93vbwy1QzxMWSt7Xxyvw=&transform=true
3373,https://files2.veracross.com/unishanoi/legacy_files/325839?auth=eyJhbGciOiJIUzI1NiIsInR5cCI6IkpXVCJ9.eyJkYXRhYmFzZSI6InVuaXNoYW5vaSIsInVzZXJuYW1lIjoiZHZjaHV5ZW5AdW5pc2hhbm9pLm9yZyIsImZpbGVfcGsiOjMyNTgzOSwidGFibGVfbmFtZSI6IlBlcnNvbiIsInJlY29yZF9mayI6MzM3MywiZXhwIjoxNzczNTMxMDAwfQ==.JNAHgXJ4TkcCg1vkb0yL6nJ8Q08sAYXBifWIR7vZDsk=&transform=true
3470,https://files2.veracross.com/unishanoi/legacy_files/325413?auth=eyJhbGciOiJIUzI1NiIsInR5cCI6IkpXVCJ9.eyJkYXRhYmFzZSI6InVuaXNoYW5vaSIsInVzZXJuYW1lIjoiZHZjaHV5ZW5AdW5pc2hhbm9pLm9yZyIsImZpbGVfcGsiOjMyNTQxMywidGFibGVfbmFtZSI6IlBlcnNvbiIsInJlY29yZF9mayI6MzQ3MCwiZXhwIjoxNzczNTMxMDAwfQ==.SqLRH2DNEB83omkpABaDVYHuvadU9_HRCS70HJ4Xr_Y=&transform=true
3575,https://files2.veracross.com/unishanoi/legacy_files/325874?auth=eyJhbGciOiJIUzI1NiIsInR5cCI6IkpXVCJ9.eyJkYXRhYmFzZSI6InVuaXNoYW5vaSIsInVzZXJuYW1lIjoiZHZjaHV5ZW5AdW5pc2hhbm9pLm9yZyIsImZpbGVfcGsiOjMyNTg3NCwidGFibGVfbmFtZSI6IlBlcnNvbiIsInJlY29yZF9mayI6MzU3NSwiZXhwIjoxNzczNTMxMDAwfQ==.XSD3fMfI0Hcrz1uKX4RKLCWZW76d6Rku63I7xs3dcdc=&transform=true
3577,https://files2.veracross.com/unishanoi/legacy_files/325731?auth=eyJhbGciOiJIUzI1NiIsInR5cCI6IkpXVCJ9.eyJkYXRhYmFzZSI6InVuaXNoYW5vaSIsInVzZXJuYW1lIjoiZHZjaHV5ZW5AdW5pc2hhbm9pLm9yZyIsImZpbGVfcGsiOjMyNTczMSwidGFibGVfbmFtZSI6IlBlcnNvbiIsInJlY29yZF9mayI6MzU3NywiZXhwIjoxNzczNTMxMDAwfQ==.yfq4-lcvO3AnvGTHeaZffhDPEKtqTUKJzaCl0XwdBDQ=&transform=true
3583,https://files2.veracross.com/unishanoi/legacy_files/325039?auth=eyJhbGciOiJIUzI1NiIsInR5cCI6IkpXVCJ9.eyJkYXRhYmFzZSI6InVuaXNoYW5vaSIsInVzZXJuYW1lIjoiZHZjaHV5ZW5AdW5pc2hhbm9pLm9yZyIsImZpbGVfcGsiOjMyNTAzOSwidGFibGVfbmFtZSI6IlBlcnNvbiIsInJlY29yZF9mayI6MzU4MywiZXhwIjoxNzczNTMxMDAwfQ==.clZrjTS1XwIw2jmQYJe796QF1WohdP3TziOIybFkanI=&transform=true
3636,https://files2.veracross.com/unishanoi/legacy_files/325026?auth=eyJhbGciOiJIUzI1NiIsInR5cCI6IkpXVCJ9.eyJkYXRhYmFzZSI6InVuaXNoYW5vaSIsInVzZXJuYW1lIjoiZHZjaHV5ZW5AdW5pc2hhbm9pLm9yZyIsImZpbGVfcGsiOjMyNTAyNiwidGFibGVfbmFtZSI6IlBlcnNvbiIsInJlY29yZF9mayI6MzYzNiwiZXhwIjoxNzczNTMxMDAwfQ==.J4FXD6nVTB5g-gf_I3STDiXrVdmoP0RRGxPXvJ8F_8I=&transform=true
3672,https://files2.veracross.com/unishanoi/legacy_files/325430?auth=eyJhbGciOiJIUzI1NiIsInR5cCI6IkpXVCJ9.eyJkYXRhYmFzZSI6InVuaXNoYW5vaSIsInVzZXJuYW1lIjoiZHZjaHV5ZW5AdW5pc2hhbm9pLm9yZyIsImZpbGVfcGsiOjMyNTQzMCwidGFibGVfbmFtZSI6IlBlcnNvbiIsInJlY29yZF9mayI6MzY3MiwiZXhwIjoxNzczNTMxMDAwfQ==.w-yQ2En97d7FOaH5IViOfqJJ5ATBl9wjQ-J8bx2wi3M=&transform=true
3706,https://files2.veracross.com/unishanoi/legacy_files/325439?auth=eyJhbGciOiJIUzI1NiIsInR5cCI6IkpXVCJ9.eyJkYXRhYmFzZSI6InVuaXNoYW5vaSIsInVzZXJuYW1lIjoiZHZjaHV5ZW5AdW5pc2hhbm9pLm9yZyIsImZpbGVfcGsiOjMyNTQzOSwidGFibGVfbmFtZSI6IlBlcnNvbiIsInJlY29yZF9mayI6MzcwNiwiZXhwIjoxNzczNTMxMDAwfQ==.5MBPN2sM4vEv4-UIL5mibn4hjltcckNLw0s9BIpSGK0=&transform=true
3750,https://files2.veracross.com/unishanoi/legacy_files/324912?auth=eyJhbGciOiJIUzI1NiIsInR5cCI6IkpXVCJ9.eyJkYXRhYmFzZSI6InVuaXNoYW5vaSIsInVzZXJuYW1lIjoiZHZjaHV5ZW5AdW5pc2hhbm9pLm9yZyIsImZpbGVfcGsiOjMyNDkxMiwidGFibGVfbmFtZSI6IlBlcnNvbiIsInJlY29yZF9mayI6Mzc1MCwiZXhwIjoxNzczNTMxMDAwfQ==.ZIE4aD5v8VQfUC_Q91VxEtK6HB-CTmgy0W9b8Cjf4Bo=&transform=true
3789,https://files2.veracross.com/unishanoi/legacy_files/325807?auth=eyJhbGciOiJIUzI1NiIsInR5cCI6IkpXVCJ9.eyJkYXRhYmFzZSI6InVuaXNoYW5vaSIsInVzZXJuYW1lIjoiZHZjaHV5ZW5AdW5pc2hhbm9pLm9yZyIsImZpbGVfcGsiOjMyNTgwNywidGFibGVfbmFtZSI6IlBlcnNvbiIsInJlY29yZF9mayI6Mzc4OSwiZXhwIjoxNzczNTMxMDAwfQ==.-6vyJJAOeFthzts6kP-JK9kuKpNs9XkRPMenbW28xJo=&transform=true
3885,https://files2.veracross.com/unishanoi/legacy_files/329413?auth=eyJhbGciOiJIUzI1NiIsInR5cCI6IkpXVCJ9.eyJkYXRhYmFzZSI6InVuaXNoYW5vaSIsInVzZXJuYW1lIjoiZHZjaHV5ZW5AdW5pc2hhbm9pLm9yZyIsImZpbGVfcGsiOjMyOTQxMywidGFibGVfbmFtZSI6IlBlcnNvbiIsInJlY29yZF9mayI6Mzg4NSwiZXhwIjoxNzczNTMxMDAwfQ==.ku-S3KsqNJf9JWzaIepeuiTw3iI8B2gN-n7SlrfOFWA=&transform=true
4024,https://files2.veracross.com/unishanoi/legacy_files/325859?auth=eyJhbGciOiJIUzI1NiIsInR5cCI6IkpXVCJ9.eyJkYXRhYmFzZSI6InVuaXNoYW5vaSIsInVzZXJuYW1lIjoiZHZjaHV5ZW5AdW5pc2hhbm9pLm9yZyIsImZpbGVfcGsiOjMyNTg1OSwidGFibGVfbmFtZSI6IlBlcnNvbiIsInJlY29yZF9mayI6NDAyNCwiZXhwIjoxNzczNTMxMDAwfQ==.cgFCt0F5HkMshbyfeYNqArR07IfXINAeJ4PPW101jAk=&transform=true
4030,https://files2.veracross.com/unishanoi/legacy_files/325861?auth=eyJhbGciOiJIUzI1NiIsInR5cCI6IkpXVCJ9.eyJkYXRhYmFzZSI6InVuaXNoYW5vaSIsInVzZXJuYW1lIjoiZHZjaHV5ZW5AdW5pc2hhbm9pLm9yZyIsImZpbGVfcGsiOjMyNTg2MSwidGFibGVfbmFtZSI6IlBlcnNvbiIsInJlY29yZF9mayI6NDAzMCwiZXhwIjoxNzczNTMxMDAwfQ==.X_FShjdlVLA3_oJwsIGC3pTzq97HM95Lp7El8nC08Ns=&transform=true
4089,https://files2.veracross.com/unishanoi/legacy_files/329415?auth=eyJhbGciOiJIUzI1NiIsInR5cCI6IkpXVCJ9.eyJkYXRhYmFzZSI6InVuaXNoYW5vaSIsInVzZXJuYW1lIjoiZHZjaHV5ZW5AdW5pc2hhbm9pLm9yZyIsImZpbGVfcGsiOjMyOTQxNSwidGFibGVfbmFtZSI6IlBlcnNvbiIsInJlY29yZF9mayI6NDA4OSwiZXhwIjoxNzczNTMxMDAwfQ==.VLGoBSGdtcEbfvuold3mIpzF8KGHAKG1fz8KQXkD4o0=&transform=true
4230,https://files2.veracross.com/unishanoi/legacy_files/325733?auth=eyJhbGciOiJIUzI1NiIsInR5cCI6IkpXVCJ9.eyJkYXRhYmFzZSI6InVuaXNoYW5vaSIsInVzZXJuYW1lIjoiZHZjaHV5ZW5AdW5pc2hhbm9pLm9yZyIsImZpbGVfcGsiOjMyNTczMywidGFibGVfbmFtZSI6IlBlcnNvbiIsInJlY29yZF9mayI6NDIzMCwiZXhwIjoxNzczNTMxMDAwfQ==.9e2yXco3hgTMAe0ES85RaX3zsN6TA6c-TO89xoUZB0w=&transform=true
4239,https://files2.veracross.com/unishanoi/legacy_files/324926?auth=eyJhbGciOiJIUzI1NiIsInR5cCI6IkpXVCJ9.eyJkYXRhYmFzZSI6InVuaXNoYW5vaSIsInVzZXJuYW1lIjoiZHZjaHV5ZW5AdW5pc2hhbm9pLm9yZyIsImZpbGVfcGsiOjMyNDkyNiwidGFibGVfbmFtZSI6IlBlcnNvbiIsInJlY29yZF9mayI6NDIzOSwiZXhwIjoxNzczNTMxMDAwfQ==.lrHv1Qz48rjo5VfPNo2VILy7xWI9WWUj9XZ6_hkFciw=&transform=true
4260,https://files2.veracross.com/unishanoi/legacy_files/325046?auth=eyJhbGciOiJIUzI1NiIsInR5cCI6IkpXVCJ9.eyJkYXRhYmFzZSI6InVuaXNoYW5vaSIsInVzZXJuYW1lIjoiZHZjaHV5ZW5AdW5pc2hhbm9pLm9yZyIsImZpbGVfcGsiOjMyNTA0NiwidGFibGVfbmFtZSI6IlBlcnNvbiIsInJlY29yZF9mayI6NDI2MCwiZXhwIjoxNzczNTMxMDAwfQ==.qK4t6fn4JBXOcEhBdirUjS86iCWfqnHRh5JQUIZ5bFY=&transform=true
4297,https://files2.veracross.com/unishanoi/legacy_files/325348?auth=eyJhbGciOiJIUzI1NiIsInR5cCI6IkpXVCJ9.eyJkYXRhYmFzZSI6InVuaXNoYW5vaSIsInVzZXJuYW1lIjoiZHZjaHV5ZW5AdW5pc2hhbm9pLm9yZyIsImZpbGVfcGsiOjMyNTM0OCwidGFibGVfbmFtZSI6IlBlcnNvbiIsInJlY29yZF9mayI6NDI5NywiZXhwIjoxNzczNTMxMDAwfQ==.mDYTrs2OoRhVYYyM6Lr3Xufmp6skz2XGvUPPULFFpR0=&transform=true
4354,https://files2.veracross.com/unishanoi/legacy_files/325695?auth=eyJhbGciOiJIUzI1NiIsInR5cCI6IkpXVCJ9.eyJkYXRhYmFzZSI6InVuaXNoYW5vaSIsInVzZXJuYW1lIjoiZHZjaHV5ZW5AdW5pc2hhbm9pLm9yZyIsImZpbGVfcGsiOjMyNTY5NSwidGFibGVfbmFtZSI6IlBlcnNvbiIsInJlY29yZF9mayI6NDM1NCwiZXhwIjoxNzczNTMxMDAwfQ==.esmWktGVtSx3wyt18OhW9uc--EGNTfPZUYppQW-oqE8=&transform=true
4471,https://files2.veracross.com/unishanoi/legacy_files/325132?auth=eyJhbGciOiJIUzI1NiIsInR5cCI6IkpXVCJ9.eyJkYXRhYmFzZSI6InVuaXNoYW5vaSIsInVzZXJuYW1lIjoiZHZjaHV5ZW5AdW5pc2hhbm9pLm9yZyIsImZpbGVfcGsiOjMyNTEzMiwidGFibGVfbmFtZSI6IlBlcnNvbiIsInJlY29yZF9mayI6NDQ3MSwiZXhwIjoxNzczNTMxMDAwfQ==.0FYF4K6npDAzezNFzEfCT5svL8BnPAMpP7vDSAy3S2c=&transform=true
4479,https://files2.veracross.com/unishanoi/legacy_files/334415?auth=eyJhbGciOiJIUzI1NiIsInR5cCI6IkpXVCJ9.eyJkYXRhYmFzZSI6InVuaXNoYW5vaSIsInVzZXJuYW1lIjoiZHZjaHV5ZW5AdW5pc2hhbm9pLm9yZyIsImZpbGVfcGsiOjMzNDQxNSwidGFibGVfbmFtZSI6IlBlcnNvbiIsInJlY29yZF9mayI6NDQ3OSwiZXhwIjoxNzczNTMxMDAwfQ==.0LgSkeh8zLsC8_k60Beeae8w_udlrP5YW8uhG049Bc8=&transform=true
4526,https://files2.veracross.com/unishanoi/legacy_files/325354?auth=eyJhbGciOiJIUzI1NiIsInR5cCI6IkpXVCJ9.eyJkYXRhYmFzZSI6InVuaXNoYW5vaSIsInVzZXJuYW1lIjoiZHZjaHV5ZW5AdW5pc2hhbm9pLm9yZyIsImZpbGVfcGsiOjMyNTM1NCwidGFibGVfbmFtZSI6IlBlcnNvbiIsInJlY29yZF9mayI6NDUyNiwiZXhwIjoxNzczNTMxMDAwfQ==.HGMYGwKj2TFppPr_UkOjOITuG0K-2uCRlQczVrORsL8=&transform=true
4568,https://files2.veracross.com/unishanoi/legacy_files/325876?auth=eyJhbGciOiJIUzI1NiIsInR5cCI6IkpXVCJ9.eyJkYXRhYmFzZSI6InVuaXNoYW5vaSIsInVzZXJuYW1lIjoiZHZjaHV5ZW5AdW5pc2hhbm9pLm9yZyIsImZpbGVfcGsiOjMyNTg3NiwidGFibGVfbmFtZSI6IlBlcnNvbiIsInJlY29yZF9mayI6NDU2OCwiZXhwIjoxNzczNTMxMDAwfQ==.-VFVoc2Uy6mEsh-w3hKQSi7xF9ccsaPO-tRZf03qEhQ=&transform=true
4573,https://files2.veracross.com/unishanoi/legacy_files/324920?auth=eyJhbGciOiJIUzI1NiIsInR5cCI6IkpXVCJ9.eyJkYXRhYmFzZSI6InVuaXNoYW5vaSIsInVzZXJuYW1lIjoiZHZjaHV5ZW5AdW5pc2hhbm9pLm9yZyIsImZpbGVfcGsiOjMyNDkyMCwidGFibGVfbmFtZSI6IlBlcnNvbiIsInJlY29yZF9mayI6NDU3MywiZXhwIjoxNzczNTMxMDAwfQ==.FR1YifyPsG38f5LjsABPkhhhdooHnCQSGHQnWJu50HI=&transform=true
4744,https://files2.veracross.com/unishanoi/legacy_files/325719?auth=eyJhbGciOiJIUzI1NiIsInR5cCI6IkpXVCJ9.eyJkYXRhYmFzZSI6InVuaXNoYW5vaSIsInVzZXJuYW1lIjoiZHZjaHV5ZW5AdW5pc2hhbm9pLm9yZyIsImZpbGVfcGsiOjMyNTcxOSwidGFibGVfbmFtZSI6IlBlcnNvbiIsInJlY29yZF9mayI6NDc0NCwiZXhwIjoxNzczNTMxMDAwfQ==.qcH6hNsoUvxuaHO66WFwboUFB28lDtLbSflnlMAYRPg=&transform=true
4759,https://files2.veracross.com/unishanoi/legacy_files/324911?auth=eyJhbGciOiJIUzI1NiIsInR5cCI6IkpXVCJ9.eyJkYXRhYmFzZSI6InVuaXNoYW5vaSIsInVzZXJuYW1lIjoiZHZjaHV5ZW5AdW5pc2hhbm9pLm9yZyIsImZpbGVfcGsiOjMyNDkxMSwidGFibGVfbmFtZSI6IlBlcnNvbiIsInJlY29yZF9mayI6NDc1OSwiZXhwIjoxNzczNTMxMDAwfQ==.0kSNGYiKPrBphZZ40RhINN7Xt2opKsPC-ouMyR-UE58=&transform=true
4791,https://files2.veracross.com/unishanoi/legacy_files/329416?auth=eyJhbGciOiJIUzI1NiIsInR5cCI6IkpXVCJ9.eyJkYXRhYmFzZSI6InVuaXNoYW5vaSIsInVzZXJuYW1lIjoiZHZjaHV5ZW5AdW5pc2hhbm9pLm9yZyIsImZpbGVfcGsiOjMyOTQxNiwidGFibGVfbmFtZSI6IlBlcnNvbiIsInJlY29yZF9mayI6NDc5MSwiZXhwIjoxNzczNTMxMDAwfQ==.qUXc2gnPklT61-YQK3MkSf18f7vQAHhkoXohS6tl6yc=&transform=true
4792,https://files2.veracross.com/unishanoi/legacy_files/325676?auth=eyJhbGciOiJIUzI1NiIsInR5cCI6IkpXVCJ9.eyJkYXRhYmFzZSI6InVuaXNoYW5vaSIsInVzZXJuYW1lIjoiZHZjaHV5ZW5AdW5pc2hhbm9pLm9yZyIsImZpbGVfcGsiOjMyNTY3NiwidGFibGVfbmFtZSI6IlBlcnNvbiIsInJlY29yZF9mayI6NDc5MiwiZXhwIjoxNzczNTMxMDAwfQ==.gpHLruTKgX0ZiORUceoLNfOZNTgBDeRj6heR8SA1Rm0=&transform=true
4832,https://files2.veracross.com/unishanoi/legacy_files/324945?auth=eyJhbGciOiJIUzI1NiIsInR5cCI6IkpXVCJ9.eyJkYXRhYmFzZSI6InVuaXNoYW5vaSIsInVzZXJuYW1lIjoiZHZjaHV5ZW5AdW5pc2hhbm9pLm9yZyIsImZpbGVfcGsiOjMyNDk0NSwidGFibGVfbmFtZSI6IlBlcnNvbiIsInJlY29yZF9mayI6NDgzMiwiZXhwIjoxNzczNTMxMDAwfQ==.xuu_H0DEoqBO8ZIx2M9Bqr2Pk0YV_s9ynY0AXBkvSLU=&transform=true
4903,https://files2.veracross.com/unishanoi/legacy_files/325333?auth=eyJhbGciOiJIUzI1NiIsInR5cCI6IkpXVCJ9.eyJkYXRhYmFzZSI6InVuaXNoYW5vaSIsInVzZXJuYW1lIjoiZHZjaHV5ZW5AdW5pc2hhbm9pLm9yZyIsImZpbGVfcGsiOjMyNTMzMywidGFibGVfbmFtZSI6IlBlcnNvbiIsInJlY29yZF9mayI6NDkwMywiZXhwIjoxNzczNTMxMDAwfQ==.Sh5-ES-oQe2P031z-0olV3TwvJadoRcbuudYPWYGPWQ=&transform=true
4920,https://files2.veracross.com/unishanoi/legacy_files/325124?auth=eyJhbGciOiJIUzI1NiIsInR5cCI6IkpXVCJ9.eyJkYXRhYmFzZSI6InVuaXNoYW5vaSIsInVzZXJuYW1lIjoiZHZjaHV5ZW5AdW5pc2hhbm9pLm9yZyIsImZpbGVfcGsiOjMyNTEyNCwidGFibGVfbmFtZSI6IlBlcnNvbiIsInJlY29yZF9mayI6NDkyMCwiZXhwIjoxNzczNTMxMDAwfQ==.jjRRm9q0xq9PBHA3NYMmTT80M2iDg7boQfwXC6F7qy4=&transform=true
4953,https://files2.veracross.com/unishanoi/legacy_files/324975?auth=eyJhbGciOiJIUzI1NiIsInR5cCI6IkpXVCJ9.eyJkYXRhYmFzZSI6InVuaXNoYW5vaSIsInVzZXJuYW1lIjoiZHZjaHV5ZW5AdW5pc2hhbm9pLm9yZyIsImZpbGVfcGsiOjMyNDk3NSwidGFibGVfbmFtZSI6IlBlcnNvbiIsInJlY29yZF9mayI6NDk1MywiZXhwIjoxNzczNTMxMDAwfQ==.5KeZuyc8ThTImT0bdNPHIfGPENm6qw91B4imJ3d66Iw=&transform=true
5004,https://files2.veracross.com/unishanoi/legacy_files/325489?auth=eyJhbGciOiJIUzI1NiIsInR5cCI6IkpXVCJ9.eyJkYXRhYmFzZSI6InVuaXNoYW5vaSIsInVzZXJuYW1lIjoiZHZjaHV5ZW5AdW5pc2hhbm9pLm9yZyIsImZpbGVfcGsiOjMyNTQ4OSwidGFibGVfbmFtZSI6IlBlcnNvbiIsInJlY29yZF9mayI6NTAwNCwiZXhwIjoxNzczNTMxMDAwfQ==.NCB_kxRlP3mGP59nwGeYkWTzE3zEJuacaaRnIiTFOAw=&transform=true
5025,https://files2.veracross.com/unishanoi/legacy_files/325198?auth=eyJhbGciOiJIUzI1NiIsInR5cCI6IkpXVCJ9.eyJkYXRhYmFzZSI6InVuaXNoYW5vaSIsInVzZXJuYW1lIjoiZHZjaHV5ZW5AdW5pc2hhbm9pLm9yZyIsImZpbGVfcGsiOjMyNTE5OCwidGFibGVfbmFtZSI6IlBlcnNvbiIsInJlY29yZF9mayI6NTAyNSwiZXhwIjoxNzczNTMxMDAwfQ==.wi6fi5-VsBpunK8SnH4uQLVTsiBYJiKpL2Qp5F6brp0=&transform=true
5128,https://files2.veracross.com/unishanoi/legacy_files/325595?auth=eyJhbGciOiJIUzI1NiIsInR5cCI6IkpXVCJ9.eyJkYXRhYmFzZSI6InVuaXNoYW5vaSIsInVzZXJuYW1lIjoiZHZjaHV5ZW5AdW5pc2hhbm9pLm9yZyIsImZpbGVfcGsiOjMyNTU5NSwidGFibGVfbmFtZSI6IlBlcnNvbiIsInJlY29yZF9mayI6NTEyOCwiZXhwIjoxNzczNTMxMDAwfQ==.6rhjUvTy6scQ7bUKPj9wAuqsDCmgtGqRCrF2mz1tpKY=&transform=true
5130,https://files2.veracross.com/unishanoi/legacy_files/324986?auth=eyJhbGciOiJIUzI1NiIsInR5cCI6IkpXVCJ9.eyJkYXRhYmFzZSI6InVuaXNoYW5vaSIsInVzZXJuYW1lIjoiZHZjaHV5ZW5AdW5pc2hhbm9pLm9yZyIsImZpbGVfcGsiOjMyNDk4NiwidGFibGVfbmFtZSI6IlBlcnNvbiIsInJlY29yZF9mayI6NTEzMCwiZXhwIjoxNzczNTMxMDAwfQ==.PKoqMqy7mNEGgAl4moMKWwlPfPX2PIHpv1FimYGwiU8=&transform=true
5164,https://files2.veracross.com/unishanoi/legacy_files/325518?auth=eyJhbGciOiJIUzI1NiIsInR5cCI6IkpXVCJ9.eyJkYXRhYmFzZSI6InVuaXNoYW5vaSIsInVzZXJuYW1lIjoiZHZjaHV5ZW5AdW5pc2hhbm9pLm9yZyIsImZpbGVfcGsiOjMyNTUxOCwidGFibGVfbmFtZSI6IlBlcnNvbiIsInJlY29yZF9mayI6NTE2NCwiZXhwIjoxNzczNTMxMDAwfQ==.T_OkduLzVZ3s9Mg55YGfpzLz7zc6Z6PRomJTWRJmJNs=&transform=true
5195,https://files2.veracross.com/unishanoi/legacy_files/325053?auth=eyJhbGciOiJIUzI1NiIsInR5cCI6IkpXVCJ9.eyJkYXRhYmFzZSI6InVuaXNoYW5vaSIsInVzZXJuYW1lIjoiZHZjaHV5ZW5AdW5pc2hhbm9pLm9yZyIsImZpbGVfcGsiOjMyNTA1MywidGFibGVfbmFtZSI6IlBlcnNvbiIsInJlY29yZF9mayI6NTE5NSwiZXhwIjoxNzczNTMxMDAwfQ==.4KefJcoy6LmtqHtsTDiu-z8wXrulmW1ZHVxIxUCGDks=&transform=true
5218,https://files2.veracross.com/unishanoi/legacy_files/325264?auth=eyJhbGciOiJIUzI1NiIsInR5cCI6IkpXVCJ9.eyJkYXRhYmFzZSI6InVuaXNoYW5vaSIsInVzZXJuYW1lIjoiZHZjaHV5ZW5AdW5pc2hhbm9pLm9yZyIsImZpbGVfcGsiOjMyNTI2NCwidGFibGVfbmFtZSI6IlBlcnNvbiIsInJlY29yZF9mayI6NTIxOCwiZXhwIjoxNzczNTMxMDAwfQ==.1f3ItyPzuQZGgy4v0ZAYs-O7YeQSmOQrppU6qc3PypU=&transform=true
5271,https://files2.veracross.com/unishanoi/legacy_files/325775?auth=eyJhbGciOiJIUzI1NiIsInR5cCI6IkpXVCJ9.eyJkYXRhYmFzZSI6InVuaXNoYW5vaSIsInVzZXJuYW1lIjoiZHZjaHV5ZW5AdW5pc2hhbm9pLm9yZyIsImZpbGVfcGsiOjMyNTc3NSwidGFibGVfbmFtZSI6IlBlcnNvbiIsInJlY29yZF9mayI6NTI3MSwiZXhwIjoxNzczNTMxMDAwfQ==.6nghTOBdlti-0IZVQNjfQX2k7PM5twWAcgCOuyEl5K4=&transform=true
5272,https://files2.veracross.com/unishanoi/legacy_files/325849?auth=eyJhbGciOiJIUzI1NiIsInR5cCI6IkpXVCJ9.eyJkYXRhYmFzZSI6InVuaXNoYW5vaSIsInVzZXJuYW1lIjoiZHZjaHV5ZW5AdW5pc2hhbm9pLm9yZyIsImZpbGVfcGsiOjMyNTg0OSwidGFibGVfbmFtZSI6IlBlcnNvbiIsInJlY29yZF9mayI6NTI3MiwiZXhwIjoxNzczNTMxMDAwfQ==.XEM3wmBui9wRV94fcFOga-EG1nT2VJwVvlbWrhuwWvM=&transform=true
5348,https://files2.veracross.com/unishanoi/legacy_files/325340?auth=eyJhbGciOiJIUzI1NiIsInR5cCI6IkpXVCJ9.eyJkYXRhYmFzZSI6InVuaXNoYW5vaSIsInVzZXJuYW1lIjoiZHZjaHV5ZW5AdW5pc2hhbm9pLm9yZyIsImZpbGVfcGsiOjMyNTM0MCwidGFibGVfbmFtZSI6IlBlcnNvbiIsInJlY29yZF9mayI6NTM0OCwiZXhwIjoxNzczNTMxMDAwfQ==._LYHxh-Ff5LwNTV_WV0cgGBP7tumpSnC8gMS_EYpgdM=&transform=true
5357,https://files2.veracross.com/unishanoi/legacy_files/295512?auth=eyJhbGciOiJIUzI1NiIsInR5cCI6IkpXVCJ9.eyJkYXRhYmFzZSI6InVuaXNoYW5vaSIsInVzZXJuYW1lIjoiZHZjaHV5ZW5AdW5pc2hhbm9pLm9yZyIsImZpbGVfcGsiOjI5NTUxMiwidGFibGVfbmFtZSI6IlBlcnNvbiIsInJlY29yZF9mayI6NTM1NywiZXhwIjoxNzczNTMxMDAwfQ==.8A6-0B32x4Y0rMg_S1IBD5EBMkEsZQnR9tnjI8gIJZc=&transform=true
5406,https://files2.veracross.com/unishanoi/legacy_files/325337?auth=eyJhbGciOiJIUzI1NiIsInR5cCI6IkpXVCJ9.eyJkYXRhYmFzZSI6InVuaXNoYW5vaSIsInVzZXJuYW1lIjoiZHZjaHV5ZW5AdW5pc2hhbm9pLm9yZyIsImZpbGVfcGsiOjMyNTMzNywidGFibGVfbmFtZSI6IlBlcnNvbiIsInJlY29yZF9mayI6NTQwNiwiZXhwIjoxNzczNTMxMDAwfQ==.S4L7ujn0gKSDau3zEidIo7ilrmY8Af0KKIri-gvjdB0=&transform=true
5420,https://files2.veracross.com/unishanoi/legacy_files/325173?auth=eyJhbGciOiJIUzI1NiIsInR5cCI6IkpXVCJ9.eyJkYXRhYmFzZSI6InVuaXNoYW5vaSIsInVzZXJuYW1lIjoiZHZjaHV5ZW5AdW5pc2hhbm9pLm9yZyIsImZpbGVfcGsiOjMyNTE3MywidGFibGVfbmFtZSI6IlBlcnNvbiIsInJlY29yZF9mayI6NTQyMCwiZXhwIjoxNzczNTMxMDAwfQ==.YA-loufwNrKLw_2yPnSX0KHW_9gh5wYpTorTVv5hSeA=&transform=true
5421,https://files2.veracross.com/unishanoi/legacy_files/325214?auth=eyJhbGciOiJIUzI1NiIsInR5cCI6IkpXVCJ9.eyJkYXRhYmFzZSI6InVuaXNoYW5vaSIsInVzZXJuYW1lIjoiZHZjaHV5ZW5AdW5pc2hhbm9pLm9yZyIsImZpbGVfcGsiOjMyNTIxNCwidGFibGVfbmFtZSI6IlBlcnNvbiIsInJlY29yZF9mayI6NTQyMSwiZXhwIjoxNzczNTMxMDAwfQ==.DjAvs_CXALioUUOpnwkNTvD8Ni5rfcKJIBilXQQ6pT0=&transform=true
5422,https://files2.veracross.com/unishanoi/legacy_files/325272?auth=eyJhbGciOiJIUzI1NiIsInR5cCI6IkpXVCJ9.eyJkYXRhYmFzZSI6InVuaXNoYW5vaSIsInVzZXJuYW1lIjoiZHZjaHV5ZW5AdW5pc2hhbm9pLm9yZyIsImZpbGVfcGsiOjMyNTI3MiwidGFibGVfbmFtZSI6IlBlcnNvbiIsInJlY29yZF9mayI6NTQyMiwiZXhwIjoxNzczNTMxMDAwfQ==.byPUz7vNdgnn-j7WDU23hEZyZdhgxiQctXJ-o22M0Jo=&transform=true
5424,https://files2.veracross.com/unishanoi/legacy_files/325155?auth=eyJhbGciOiJIUzI1NiIsInR5cCI6IkpXVCJ9.eyJkYXRhYmFzZSI6InVuaXNoYW5vaSIsInVzZXJuYW1lIjoiZHZjaHV5ZW5AdW5pc2hhbm9pLm9yZyIsImZpbGVfcGsiOjMyNTE1NSwidGFibGVfbmFtZSI6IlBlcnNvbiIsInJlY29yZF9mayI6NTQyNCwiZXhwIjoxNzczNTMxMDAwfQ==.0ZyFKSHZ18wxAINUkcCl0HMkNHnANR3ZjJ2GPNVhHxI=&transform=true
5478,https://files2.veracross.com/unishanoi/legacy_files/324850?auth=eyJhbGciOiJIUzI1NiIsInR5cCI6IkpXVCJ9.eyJkYXRhYmFzZSI6InVuaXNoYW5vaSIsInVzZXJuYW1lIjoiZHZjaHV5ZW5AdW5pc2hhbm9pLm9yZyIsImZpbGVfcGsiOjMyNDg1MCwidGFibGVfbmFtZSI6IlBlcnNvbiIsInJlY29yZF9mayI6NTQ3OCwiZXhwIjoxNzczNTMxMDAwfQ==.mkHcAzR6arB2-MCD73hbXoXSpju41pqqIlLKmysPT0o=&transform=true
5499,https://files2.veracross.com/unishanoi/legacy_files/325713?auth=eyJhbGciOiJIUzI1NiIsInR5cCI6IkpXVCJ9.eyJkYXRhYmFzZSI6InVuaXNoYW5vaSIsInVzZXJuYW1lIjoiZHZjaHV5ZW5AdW5pc2hhbm9pLm9yZyIsImZpbGVfcGsiOjMyNTcxMywidGFibGVfbmFtZSI6IlBlcnNvbiIsInJlY29yZF9mayI6NTQ5OSwiZXhwIjoxNzczNTMxMDAwfQ==.MK0qu2O1e0xbudXtByOsXciK_rzQnh63M4hq5bMCaII=&transform=true
5500,https://files2.veracross.com/unishanoi/legacy_files/325851?auth=eyJhbGciOiJIUzI1NiIsInR5cCI6IkpXVCJ9.eyJkYXRhYmFzZSI6InVuaXNoYW5vaSIsInVzZXJuYW1lIjoiZHZjaHV5ZW5AdW5pc2hhbm9pLm9yZyIsImZpbGVfcGsiOjMyNTg1MSwidGFibGVfbmFtZSI6IlBlcnNvbiIsInJlY29yZF9mayI6NTUwMCwiZXhwIjoxNzczNTMxMDAwfQ==.Bp_t6BbPqTqsFJDHYfe2ezQqeyNMpUsYq3PXQy0hUtU=&transform=true
5512,https://files2.veracross.com/unishanoi/legacy_files/325704?auth=eyJhbGciOiJIUzI1NiIsInR5cCI6IkpXVCJ9.eyJkYXRhYmFzZSI6InVuaXNoYW5vaSIsInVzZXJuYW1lIjoiZHZjaHV5ZW5AdW5pc2hhbm9pLm9yZyIsImZpbGVfcGsiOjMyNTcwNCwidGFibGVfbmFtZSI6IlBlcnNvbiIsInJlY29yZF9mayI6NTUxMiwiZXhwIjoxNzczNTMxMDAwfQ==.KpxUT-xePASctshq2tbtqr_LXSFcrErSLkLDTupdLZc=&transform=true
5539,https://files2.veracross.com/unishanoi/legacy_files/325642?auth=eyJhbGciOiJIUzI1NiIsInR5cCI6IkpXVCJ9.eyJkYXRhYmFzZSI6InVuaXNoYW5vaSIsInVzZXJuYW1lIjoiZHZjaHV5ZW5AdW5pc2hhbm9pLm9yZyIsImZpbGVfcGsiOjMyNTY0MiwidGFibGVfbmFtZSI6IlBlcnNvbiIsInJlY29yZF9mayI6NTUzOSwiZXhwIjoxNzczNTMxMDAwfQ==.VfO_BEG-Lgjnd1oUXhAgh7CIqClEXOQhoxncL9F44Vw=&transform=true
5548,https://files2.veracross.com/unishanoi/legacy_files/325497?auth=eyJhbGciOiJIUzI1NiIsInR5cCI6IkpXVCJ9.eyJkYXRhYmFzZSI6InVuaXNoYW5vaSIsInVzZXJuYW1lIjoiZHZjaHV5ZW5AdW5pc2hhbm9pLm9yZyIsImZpbGVfcGsiOjMyNTQ5NywidGFibGVfbmFtZSI6IlBlcnNvbiIsInJlY29yZF9mayI6NTU0OCwiZXhwIjoxNzczNTMxMDAwfQ==.8AJ-Uz0JyYkBdIWiA4O7-EnX_6nMZ2jpnOQ43_mMO9I=&transform=true
5553,https://files2.veracross.com/unishanoi/legacy_files/325087?auth=eyJhbGciOiJIUzI1NiIsInR5cCI6IkpXVCJ9.eyJkYXRhYmFzZSI6InVuaXNoYW5vaSIsInVzZXJuYW1lIjoiZHZjaHV5ZW5AdW5pc2hhbm9pLm9yZyIsImZpbGVfcGsiOjMyNTA4NywidGFibGVfbmFtZSI6IlBlcnNvbiIsInJlY29yZF9mayI6NTU1MywiZXhwIjoxNzczNTMxMDAwfQ==.EFf0yoU-PyNYR5Fi0ooC2412YUwFrKzs4_hJBHW4p6c=&transform=true
5632,https://files2.veracross.com/unishanoi/legacy_files/325164?auth=eyJhbGciOiJIUzI1NiIsInR5cCI6IkpXVCJ9.eyJkYXRhYmFzZSI6InVuaXNoYW5vaSIsInVzZXJuYW1lIjoiZHZjaHV5ZW5AdW5pc2hhbm9pLm9yZyIsImZpbGVfcGsiOjMyNTE2NCwidGFibGVfbmFtZSI6IlBlcnNvbiIsInJlY29yZF9mayI6NTYzMiwiZXhwIjoxNzczNTMxMDAwfQ==.E2x7-5i8TwZqD70r2IDDh_KTUsfSZ-OrkSXkploIxTQ=&transform=true
5636,https://files2.veracross.com/unishanoi/legacy_files/325169?auth=eyJhbGciOiJIUzI1NiIsInR5cCI6IkpXVCJ9.eyJkYXRhYmFzZSI6InVuaXNoYW5vaSIsInVzZXJuYW1lIjoiZHZjaHV5ZW5AdW5pc2hhbm9pLm9yZyIsImZpbGVfcGsiOjMyNTE2OSwidGFibGVfbmFtZSI6IlBlcnNvbiIsInJlY29yZF9mayI6NTYzNiwiZXhwIjoxNzczNTMxMDAwfQ==.ct20EstabSG-5N5d_K5tRVkkN3FjXLVDD-zXPhhf_j8=&transform=true
5661,https://files2.veracross.com/unishanoi/legacy_files/325794?auth=eyJhbGciOiJIUzI1NiIsInR5cCI6IkpXVCJ9.eyJkYXRhYmFzZSI6InVuaXNoYW5vaSIsInVzZXJuYW1lIjoiZHZjaHV5ZW5AdW5pc2hhbm9pLm9yZyIsImZpbGVfcGsiOjMyNTc5NCwidGFibGVfbmFtZSI6IlBlcnNvbiIsInJlY29yZF9mayI6NTY2MSwiZXhwIjoxNzczNTMxMDAwfQ==.5yCqY3lxj6whi2KS_V2ulPq1NOjbNDIxR8VggIYYQpE=&transform=true
5679,https://files2.veracross.com/unishanoi/legacy_files/324923?auth=eyJhbGciOiJIUzI1NiIsInR5cCI6IkpXVCJ9.eyJkYXRhYmFzZSI6InVuaXNoYW5vaSIsInVzZXJuYW1lIjoiZHZjaHV5ZW5AdW5pc2hhbm9pLm9yZyIsImZpbGVfcGsiOjMyNDkyMywidGFibGVfbmFtZSI6IlBlcnNvbiIsInJlY29yZF9mayI6NTY3OSwiZXhwIjoxNzczNTMxMDAwfQ==.0il_yQRd1-Jgw_-dTVaVwm2o2BlmJcRpMRVg3czHIIs=&transform=true
5717,https://files2.veracross.com/unishanoi/legacy_files/325816?auth=eyJhbGciOiJIUzI1NiIsInR5cCI6IkpXVCJ9.eyJkYXRhYmFzZSI6InVuaXNoYW5vaSIsInVzZXJuYW1lIjoiZHZjaHV5ZW5AdW5pc2hhbm9pLm9yZyIsImZpbGVfcGsiOjMyNTgxNiwidGFibGVfbmFtZSI6IlBlcnNvbiIsInJlY29yZF9mayI6NTcxNywiZXhwIjoxNzczNTMxMDAwfQ==._8zxQQ36zka9rW9LknCCrKi1GoBRiKQpaewvfvHDMrk=&transform=true
5739,https://files2.veracross.com/unishanoi/legacy_files/325687?auth=eyJhbGciOiJIUzI1NiIsInR5cCI6IkpXVCJ9.eyJkYXRhYmFzZSI6InVuaXNoYW5vaSIsInVzZXJuYW1lIjoiZHZjaHV5ZW5AdW5pc2hhbm9pLm9yZyIsImZpbGVfcGsiOjMyNTY4NywidGFibGVfbmFtZSI6IlBlcnNvbiIsInJlY29yZF9mayI6NTczOSwiZXhwIjoxNzczNTMxMDAwfQ==.U_yTo89CFERvBh20VA7ct7x_6zESWICsStJk6XjHzOs=&transform=true
5755,https://files2.veracross.com/unishanoi/legacy_files/325246?auth=eyJhbGciOiJIUzI1NiIsInR5cCI6IkpXVCJ9.eyJkYXRhYmFzZSI6InVuaXNoYW5vaSIsInVzZXJuYW1lIjoiZHZjaHV5ZW5AdW5pc2hhbm9pLm9yZyIsImZpbGVfcGsiOjMyNTI0NiwidGFibGVfbmFtZSI6IlBlcnNvbiIsInJlY29yZF9mayI6NTc1NSwiZXhwIjoxNzczNTMxMDAwfQ==.XMvODCwqQFUhFT6cbMFc55jrhifM8J8nuHeL9JDDZiA=&transform=true
5766,https://files2.veracross.com/unishanoi/legacy_files/329417?auth=eyJhbGciOiJIUzI1NiIsInR5cCI6IkpXVCJ9.eyJkYXRhYmFzZSI6InVuaXNoYW5vaSIsInVzZXJuYW1lIjoiZHZjaHV5ZW5AdW5pc2hhbm9pLm9yZyIsImZpbGVfcGsiOjMyOTQxNywidGFibGVfbmFtZSI6IlBlcnNvbiIsInJlY29yZF9mayI6NTc2NiwiZXhwIjoxNzczNTMxMDAwfQ==.QoW6L4gkjrgf4bkMEikAeINiez_QRqFnlf0yr3LGI7Q=&transform=true
5767,https://files2.veracross.com/unishanoi/legacy_files/325414?auth=eyJhbGciOiJIUzI1NiIsInR5cCI6IkpXVCJ9.eyJkYXRhYmFzZSI6InVuaXNoYW5vaSIsInVzZXJuYW1lIjoiZHZjaHV5ZW5AdW5pc2hhbm9pLm9yZyIsImZpbGVfcGsiOjMyNTQxNCwidGFibGVfbmFtZSI6IlBlcnNvbiIsInJlY29yZF9mayI6NTc2NywiZXhwIjoxNzczNTMxMDAwfQ==.9JX-2ZXP4Gf3t4BzGEP6MLwjhDsgKvWsgWuduZI70zQ=&transform=true
5768,https://files2.veracross.com/unishanoi/legacy_files/329418?auth=eyJhbGciOiJIUzI1NiIsInR5cCI6IkpXVCJ9.eyJkYXRhYmFzZSI6InVuaXNoYW5vaSIsInVzZXJuYW1lIjoiZHZjaHV5ZW5AdW5pc2hhbm9pLm9yZyIsImZpbGVfcGsiOjMyOTQxOCwidGFibGVfbmFtZSI6IlBlcnNvbiIsInJlY29yZF9mayI6NTc2OCwiZXhwIjoxNzczNTMxMDAwfQ==.73r0YdLoA5BDTVkbgVtU22pvhi77SIZH_ULiqv0uzjg=&transform=true
5769,https://files2.veracross.com/unishanoi/legacy_files/295668?auth=eyJhbGciOiJIUzI1NiIsInR5cCI6IkpXVCJ9.eyJkYXRhYmFzZSI6InVuaXNoYW5vaSIsInVzZXJuYW1lIjoiZHZjaHV5ZW5AdW5pc2hhbm9pLm9yZyIsImZpbGVfcGsiOjI5NTY2OCwidGFibGVfbmFtZSI6IlBlcnNvbiIsInJlY29yZF9mayI6NTc2OSwiZXhwIjoxNzczNTMxMDAwfQ==.PMy85hBIxKMjCmMxEVpHGAOdbfi2d0q5X1v3R5JoQzg=&transform=true
5772,https://files2.veracross.com/unishanoi/legacy_files/325396?auth=eyJhbGciOiJIUzI1NiIsInR5cCI6IkpXVCJ9.eyJkYXRhYmFzZSI6InVuaXNoYW5vaSIsInVzZXJuYW1lIjoiZHZjaHV5ZW5AdW5pc2hhbm9pLm9yZyIsImZpbGVfcGsiOjMyNTM5NiwidGFibGVfbmFtZSI6IlBlcnNvbiIsInJlY29yZF9mayI6NTc3MiwiZXhwIjoxNzczNTMxMDAwfQ==.R7KwRdIxFwTa8_CsVA_pcYAF6OYLjDsPoKxHy03-awU=&transform=true
5773,https://files2.veracross.com/unishanoi/legacy_files/325416?auth=eyJhbGciOiJIUzI1NiIsInR5cCI6IkpXVCJ9.eyJkYXRhYmFzZSI6InVuaXNoYW5vaSIsInVzZXJuYW1lIjoiZHZjaHV5ZW5AdW5pc2hhbm9pLm9yZyIsImZpbGVfcGsiOjMyNTQxNiwidGFibGVfbmFtZSI6IlBlcnNvbiIsInJlY29yZF9mayI6NTc3MywiZXhwIjoxNzczNTMxMDAwfQ==.GEYANwa-x2zKRu8KGYrJa_pzfQne4EmiyQ6-WA_TOYA=&transform=true
5790,https://files2.veracross.com/unishanoi/legacy_files/325138?auth=eyJhbGciOiJIUzI1NiIsInR5cCI6IkpXVCJ9.eyJkYXRhYmFzZSI6InVuaXNoYW5vaSIsInVzZXJuYW1lIjoiZHZjaHV5ZW5AdW5pc2hhbm9pLm9yZyIsImZpbGVfcGsiOjMyNTEzOCwidGFibGVfbmFtZSI6IlBlcnNvbiIsInJlY29yZF9mayI6NTc5MCwiZXhwIjoxNzczNTMxMDAwfQ==.FRmDcxwGnoFnrZIkb5Kxcd2D_OpTsp1yKNL90kDMjcg=&transform=true
5828,https://files2.veracross.com/unishanoi/legacy_files/325115?auth=eyJhbGciOiJIUzI1NiIsInR5cCI6IkpXVCJ9.eyJkYXRhYmFzZSI6InVuaXNoYW5vaSIsInVzZXJuYW1lIjoiZHZjaHV5ZW5AdW5pc2hhbm9pLm9yZyIsImZpbGVfcGsiOjMyNTExNSwidGFibGVfbmFtZSI6IlBlcnNvbiIsInJlY29yZF9mayI6NTgyOCwiZXhwIjoxNzczNTMxMDAwfQ==.KMOETh9DTC1QAMfpWGp9smP0AYTGYJRIBr-Up-ND8a0=&transform=true
5833,https://files2.veracross.com/unishanoi/legacy_files/325535?auth=eyJhbGciOiJIUzI1NiIsInR5cCI6IkpXVCJ9.eyJkYXRhYmFzZSI6InVuaXNoYW5vaSIsInVzZXJuYW1lIjoiZHZjaHV5ZW5AdW5pc2hhbm9pLm9yZyIsImZpbGVfcGsiOjMyNTUzNSwidGFibGVfbmFtZSI6IlBlcnNvbiIsInJlY29yZF9mayI6NTgzMywiZXhwIjoxNzczNTMxMDAwfQ==.iY0W3_1M9WjIXuUMEzRPtG1fis8OizvHDepkB_8dqew=&transform=true
5837,https://files2.veracross.com/unishanoi/legacy_files/325346?auth=eyJhbGciOiJIUzI1NiIsInR5cCI6IkpXVCJ9.eyJkYXRhYmFzZSI6InVuaXNoYW5vaSIsInVzZXJuYW1lIjoiZHZjaHV5ZW5AdW5pc2hhbm9pLm9yZyIsImZpbGVfcGsiOjMyNTM0NiwidGFibGVfbmFtZSI6IlBlcnNvbiIsInJlY29yZF9mayI6NTgzNywiZXhwIjoxNzczNTMxMDAwfQ==.MxSR1CwatPjfHcbKaTCAYbi0UDhA5UR1CkTTsYv_S9A=&transform=true
5840,https://files2.veracross.com/unishanoi/legacy_files/325649?auth=eyJhbGciOiJIUzI1NiIsInR5cCI6IkpXVCJ9.eyJkYXRhYmFzZSI6InVuaXNoYW5vaSIsInVzZXJuYW1lIjoiZHZjaHV5ZW5AdW5pc2hhbm9pLm9yZyIsImZpbGVfcGsiOjMyNTY0OSwidGFibGVfbmFtZSI6IlBlcnNvbiIsInJlY29yZF9mayI6NTg0MCwiZXhwIjoxNzczNTMxMDAwfQ==.SYALLUOpumc9q5K0Y-7O7q0I3hHdHLbW15w7ezsGGRA=&transform=true
5859,https://files2.veracross.com/unishanoi/legacy_files/295370?auth=eyJhbGciOiJIUzI1NiIsInR5cCI6IkpXVCJ9.eyJkYXRhYmFzZSI6InVuaXNoYW5vaSIsInVzZXJuYW1lIjoiZHZjaHV5ZW5AdW5pc2hhbm9pLm9yZyIsImZpbGVfcGsiOjI5NTM3MCwidGFibGVfbmFtZSI6IlBlcnNvbiIsInJlY29yZF9mayI6NTg1OSwiZXhwIjoxNzczNTMxMDAwfQ==.QDBKCzWi5V7JIov7DLllvannUTD3mL9JMLr7wRoEi9A=&transform=true
5906,https://files2.veracross.com/unishanoi/legacy_files/324959?auth=eyJhbGciOiJIUzI1NiIsInR5cCI6IkpXVCJ9.eyJkYXRhYmFzZSI6InVuaXNoYW5vaSIsInVzZXJuYW1lIjoiZHZjaHV5ZW5AdW5pc2hhbm9pLm9yZyIsImZpbGVfcGsiOjMyNDk1OSwidGFibGVfbmFtZSI6IlBlcnNvbiIsInJlY29yZF9mayI6NTkwNiwiZXhwIjoxNzczNTMxMDAwfQ==.zlEjupo18rxUgFRztrR2cToW7exT3erIBNLeBTLFbhA=&transform=true
5908,https://files2.veracross.com/unishanoi/legacy_files/325628?auth=eyJhbGciOiJIUzI1NiIsInR5cCI6IkpXVCJ9.eyJkYXRhYmFzZSI6InVuaXNoYW5vaSIsInVzZXJuYW1lIjoiZHZjaHV5ZW5AdW5pc2hhbm9pLm9yZyIsImZpbGVfcGsiOjMyNTYyOCwidGFibGVfbmFtZSI6IlBlcnNvbiIsInJlY29yZF9mayI6NTkwOCwiZXhwIjoxNzczNTMxMDAwfQ==.jpSbCQ7UTu6KnuSSkfolupwermfxTb9K497BFtscHeI=&transform=true
5919,https://files2.veracross.com/unishanoi/legacy_files/325829?auth=eyJhbGciOiJIUzI1NiIsInR5cCI6IkpXVCJ9.eyJkYXRhYmFzZSI6InVuaXNoYW5vaSIsInVzZXJuYW1lIjoiZHZjaHV5ZW5AdW5pc2hhbm9pLm9yZyIsImZpbGVfcGsiOjMyNTgyOSwidGFibGVfbmFtZSI6IlBlcnNvbiIsInJlY29yZF9mayI6NTkxOSwiZXhwIjoxNzczNTMxMDAwfQ==.iyloopk845r5I9KPeNekD3yxOZIxxr5H4OHkRV0y8jU=&transform=true
5939,https://files2.veracross.com/unishanoi/legacy_files/325010?auth=eyJhbGciOiJIUzI1NiIsInR5cCI6IkpXVCJ9.eyJkYXRhYmFzZSI6InVuaXNoYW5vaSIsInVzZXJuYW1lIjoiZHZjaHV5ZW5AdW5pc2hhbm9pLm9yZyIsImZpbGVfcGsiOjMyNTAxMCwidGFibGVfbmFtZSI6IlBlcnNvbiIsInJlY29yZF9mayI6NTkzOSwiZXhwIjoxNzczNTMxMDAwfQ==.MJvIqlB9mmrd9P2U_mQvwG0kKcP5dB8OFlyxEigB3pI=&transform=true
6002,https://files2.veracross.com/unishanoi/legacy_files/324943?auth=eyJhbGciOiJIUzI1NiIsInR5cCI6IkpXVCJ9.eyJkYXRhYmFzZSI6InVuaXNoYW5vaSIsInVzZXJuYW1lIjoiZHZjaHV5ZW5AdW5pc2hhbm9pLm9yZyIsImZpbGVfcGsiOjMyNDk0MywidGFibGVfbmFtZSI6IlBlcnNvbiIsInJlY29yZF9mayI6NjAwMiwiZXhwIjoxNzczNTMxMDAwfQ==.oZ2x-l5v2NiEjFOuYzbgwLvc8RE5wqKokgRAuJQ4Tyg=&transform=true
6111,https://files2.veracross.com/unishanoi/legacy_files/325159?auth=eyJhbGciOiJIUzI1NiIsInR5cCI6IkpXVCJ9.eyJkYXRhYmFzZSI6InVuaXNoYW5vaSIsInVzZXJuYW1lIjoiZHZjaHV5ZW5AdW5pc2hhbm9pLm9yZyIsImZpbGVfcGsiOjMyNTE1OSwidGFibGVfbmFtZSI6IlBlcnNvbiIsInJlY29yZF9mayI6NjExMSwiZXhwIjoxNzczNTMxMDAwfQ==.PBizFrRbgRxeq78BeuRGXLjFIPAEj6EDOCzOplXkHkg=&transform=true
6172,https://files2.veracross.com/unishanoi/legacy_files/324916?auth=eyJhbGciOiJIUzI1NiIsInR5cCI6IkpXVCJ9.eyJkYXRhYmFzZSI6InVuaXNoYW5vaSIsInVzZXJuYW1lIjoiZHZjaHV5ZW5AdW5pc2hhbm9pLm9yZyIsImZpbGVfcGsiOjMyNDkxNiwidGFibGVfbmFtZSI6IlBlcnNvbiIsInJlY29yZF9mayI6NjE3MiwiZXhwIjoxNzczNTMxMDAwfQ==.MbiPoCh6gM0h7y68TTMgzTmGSS20waK1xmgwacLmpUQ=&transform=true
6207,https://files2.veracross.com/unishanoi/legacy_files/329419?auth=eyJhbGciOiJIUzI1NiIsInR5cCI6IkpXVCJ9.eyJkYXRhYmFzZSI6InVuaXNoYW5vaSIsInVzZXJuYW1lIjoiZHZjaHV5ZW5AdW5pc2hhbm9pLm9yZyIsImZpbGVfcGsiOjMyOTQxOSwidGFibGVfbmFtZSI6IlBlcnNvbiIsInJlY29yZF9mayI6NjIwNywiZXhwIjoxNzczNTMxMDAwfQ==.DcXd5HYR6fHgEGEKaPzbP4obyhcu0LKcDNsG5R0fqG0=&transform=true
6208,https://files2.veracross.com/unishanoi/legacy_files/325765?auth=eyJhbGciOiJIUzI1NiIsInR5cCI6IkpXVCJ9.eyJkYXRhYmFzZSI6InVuaXNoYW5vaSIsInVzZXJuYW1lIjoiZHZjaHV5ZW5AdW5pc2hhbm9pLm9yZyIsImZpbGVfcGsiOjMyNTc2NSwidGFibGVfbmFtZSI6IlBlcnNvbiIsInJlY29yZF9mayI6NjIwOCwiZXhwIjoxNzczNTMxMDAwfQ==.got9QWf_WTDTJLqfUnO1qEkZKh3cW1CShqYvztZTobY=&transform=true
6229,https://files2.veracross.com/unishanoi/legacy_files/324964?auth=eyJhbGciOiJIUzI1NiIsInR5cCI6IkpXVCJ9.eyJkYXRhYmFzZSI6InVuaXNoYW5vaSIsInVzZXJuYW1lIjoiZHZjaHV5ZW5AdW5pc2hhbm9pLm9yZyIsImZpbGVfcGsiOjMyNDk2NCwidGFibGVfbmFtZSI6IlBlcnNvbiIsInJlY29yZF9mayI6NjIyOSwiZXhwIjoxNzczNTMxMDAwfQ==.M3AmNFbXk2UK_pimkVU5LpZY1WARcx7w4caJ02Ym4Ps=&transform=true
6365,https://files2.veracross.com/unishanoi/legacy_files/324864?auth=eyJhbGciOiJIUzI1NiIsInR5cCI6IkpXVCJ9.eyJkYXRhYmFzZSI6InVuaXNoYW5vaSIsInVzZXJuYW1lIjoiZHZjaHV5ZW5AdW5pc2hhbm9pLm9yZyIsImZpbGVfcGsiOjMyNDg2NCwidGFibGVfbmFtZSI6IlBlcnNvbiIsInJlY29yZF9mayI6NjM2NSwiZXhwIjoxNzczNTMxMDAwfQ==.on_YPqMJHzYyzOTxfyqp1fSMARhEC1PPccNdujunsVU=&transform=true
6383,https://files2.veracross.com/unishanoi/legacy_files/325786?auth=eyJhbGciOiJIUzI1NiIsInR5cCI6IkpXVCJ9.eyJkYXRhYmFzZSI6InVuaXNoYW5vaSIsInVzZXJuYW1lIjoiZHZjaHV5ZW5AdW5pc2hhbm9pLm9yZyIsImZpbGVfcGsiOjMyNTc4NiwidGFibGVfbmFtZSI6IlBlcnNvbiIsInJlY29yZF9mayI6NjM4MywiZXhwIjoxNzczNTMxMDAwfQ==.L82_Oyz91takzadqOmDimMXIwHyjKTuNjeO82wBzR1I=&transform=true
6432,https://files2.veracross.com/unishanoi/legacy_files/325792?auth=eyJhbGciOiJIUzI1NiIsInR5cCI6IkpXVCJ9.eyJkYXRhYmFzZSI6InVuaXNoYW5vaSIsInVzZXJuYW1lIjoiZHZjaHV5ZW5AdW5pc2hhbm9pLm9yZyIsImZpbGVfcGsiOjMyNTc5MiwidGFibGVfbmFtZSI6IlBlcnNvbiIsInJlY29yZF9mayI6NjQzMiwiZXhwIjoxNzczNTMxMDAwfQ==.D8R3lv1LMZ4dU-CJGBbdoAZVZ1AZ9ybhYGvnx5FrA4I=&transform=true
6464,https://files2.veracross.com/unishanoi/legacy_files/325222?auth=eyJhbGciOiJIUzI1NiIsInR5cCI6IkpXVCJ9.eyJkYXRhYmFzZSI6InVuaXNoYW5vaSIsInVzZXJuYW1lIjoiZHZjaHV5ZW5AdW5pc2hhbm9pLm9yZyIsImZpbGVfcGsiOjMyNTIyMiwidGFibGVfbmFtZSI6IlBlcnNvbiIsInJlY29yZF9mayI6NjQ2NCwiZXhwIjoxNzczNTMxMDAwfQ==.Q0jowUfKHPZBw07udjD25tXYWw2u3eC0Rwepsr_Yt6U=&transform=true
6473,https://files2.veracross.com/unishanoi/legacy_files/325893?auth=eyJhbGciOiJIUzI1NiIsInR5cCI6IkpXVCJ9.eyJkYXRhYmFzZSI6InVuaXNoYW5vaSIsInVzZXJuYW1lIjoiZHZjaHV5ZW5AdW5pc2hhbm9pLm9yZyIsImZpbGVfcGsiOjMyNTg5MywidGFibGVfbmFtZSI6IlBlcnNvbiIsInJlY29yZF9mayI6NjQ3MywiZXhwIjoxNzczNTMxMDAwfQ==.sv_WAYLj061rzTFXy6Kv-_bngyyk_I0PC5nSfL6GiNI=&transform=true
6483,https://files2.veracross.com/unishanoi/legacy_files/325443?auth=eyJhbGciOiJIUzI1NiIsInR5cCI6IkpXVCJ9.eyJkYXRhYmFzZSI6InVuaXNoYW5vaSIsInVzZXJuYW1lIjoiZHZjaHV5ZW5AdW5pc2hhbm9pLm9yZyIsImZpbGVfcGsiOjMyNTQ0MywidGFibGVfbmFtZSI6IlBlcnNvbiIsInJlY29yZF9mayI6NjQ4MywiZXhwIjoxNzczNTMxMDAwfQ==.3HGmQpy3-RsV5N2_fMl3KJNMHgn3E6gfawWH3ywyJ5Q=&transform=true
6511,https://files2.veracross.com/unishanoi/legacy_files/325192?auth=eyJhbGciOiJIUzI1NiIsInR5cCI6IkpXVCJ9.eyJkYXRhYmFzZSI6InVuaXNoYW5vaSIsInVzZXJuYW1lIjoiZHZjaHV5ZW5AdW5pc2hhbm9pLm9yZyIsImZpbGVfcGsiOjMyNTE5MiwidGFibGVfbmFtZSI6IlBlcnNvbiIsInJlY29yZF9mayI6NjUxMSwiZXhwIjoxNzczNTMxMDAwfQ==.njBtmPY9PPhj_5EMFFmIjjYVkZwO7cAgyyauGBaCs70=&transform=true
6543,https://files2.veracross.com/unishanoi/legacy_files/325696?auth=eyJhbGciOiJIUzI1NiIsInR5cCI6IkpXVCJ9.eyJkYXRhYmFzZSI6InVuaXNoYW5vaSIsInVzZXJuYW1lIjoiZHZjaHV5ZW5AdW5pc2hhbm9pLm9yZyIsImZpbGVfcGsiOjMyNTY5NiwidGFibGVfbmFtZSI6IlBlcnNvbiIsInJlY29yZF9mayI6NjU0MywiZXhwIjoxNzczNTMxMDAwfQ==.3FxB2RdGafrb3r6NAZd7AY7lyz6Pla-Ru2RcgscRyhU=&transform=true
6579,https://files2.veracross.com/unishanoi/legacy_files/325835?auth=eyJhbGciOiJIUzI1NiIsInR5cCI6IkpXVCJ9.eyJkYXRhYmFzZSI6InVuaXNoYW5vaSIsInVzZXJuYW1lIjoiZHZjaHV5ZW5AdW5pc2hhbm9pLm9yZyIsImZpbGVfcGsiOjMyNTgzNSwidGFibGVfbmFtZSI6IlBlcnNvbiIsInJlY29yZF9mayI6NjU3OSwiZXhwIjoxNzczNTMxMDAwfQ==._czDeHjEM2L7m_dBM-Uj3ceLV_walQT6bBozR0hCIyo=&transform=true
6599,https://files2.veracross.com/unishanoi/legacy_files/324956?auth=eyJhbGciOiJIUzI1NiIsInR5cCI6IkpXVCJ9.eyJkYXRhYmFzZSI6InVuaXNoYW5vaSIsInVzZXJuYW1lIjoiZHZjaHV5ZW5AdW5pc2hhbm9pLm9yZyIsImZpbGVfcGsiOjMyNDk1NiwidGFibGVfbmFtZSI6IlBlcnNvbiIsInJlY29yZF9mayI6NjU5OSwiZXhwIjoxNzczNTMxMDAwfQ==.GUKMkilJsoOLOIQE1HOBGPPidscA1SlhS3SYlMQ-DxA=&transform=true
6609,https://files2.veracross.com/unishanoi/legacy_files/325717?auth=eyJhbGciOiJIUzI1NiIsInR5cCI6IkpXVCJ9.eyJkYXRhYmFzZSI6InVuaXNoYW5vaSIsInVzZXJuYW1lIjoiZHZjaHV5ZW5AdW5pc2hhbm9pLm9yZyIsImZpbGVfcGsiOjMyNTcxNywidGFibGVfbmFtZSI6IlBlcnNvbiIsInJlY29yZF9mayI6NjYwOSwiZXhwIjoxNzczNTMxMDAwfQ==.oDWO9WXFkh6a9m8NkYDZzgR9R7tenPqhLy13PA9ik18=&transform=true
6620,https://files2.veracross.com/unishanoi/legacy_files/325668?auth=eyJhbGciOiJIUzI1NiIsInR5cCI6IkpXVCJ9.eyJkYXRhYmFzZSI6InVuaXNoYW5vaSIsInVzZXJuYW1lIjoiZHZjaHV5ZW5AdW5pc2hhbm9pLm9yZyIsImZpbGVfcGsiOjMyNTY2OCwidGFibGVfbmFtZSI6IlBlcnNvbiIsInJlY29yZF9mayI6NjYyMCwiZXhwIjoxNzczNTMxMDAwfQ==.uH7D_CQrArqgLFIhy9g4hAUHfDVCVvoa_fAMYI8mnrg=&transform=true
6648,https://files2.veracross.com/unishanoi/legacy_files/325097?auth=eyJhbGciOiJIUzI1NiIsInR5cCI6IkpXVCJ9.eyJkYXRhYmFzZSI6InVuaXNoYW5vaSIsInVzZXJuYW1lIjoiZHZjaHV5ZW5AdW5pc2hhbm9pLm9yZyIsImZpbGVfcGsiOjMyNTA5NywidGFibGVfbmFtZSI6IlBlcnNvbiIsInJlY29yZF9mayI6NjY0OCwiZXhwIjoxNzczNTMxMDAwfQ==.pklA_rGjis9-Tnwz9JW1yjj27HvE87q2zEOf-vseCX8=&transform=true
6762,https://files2.veracross.com/unishanoi/legacy_files/324813?auth=eyJhbGciOiJIUzI1NiIsInR5cCI6IkpXVCJ9.eyJkYXRhYmFzZSI6InVuaXNoYW5vaSIsInVzZXJuYW1lIjoiZHZjaHV5ZW5AdW5pc2hhbm9pLm9yZyIsImZpbGVfcGsiOjMyNDgxMywidGFibGVfbmFtZSI6IlBlcnNvbiIsInJlY29yZF9mayI6Njc2MiwiZXhwIjoxNzczNTMxMDAwfQ==.ZvzgTl75iPiy3vmUgfPuw2qIGup1MH03QA6a-a0NK6U=&transform=true
6763,https://files2.veracross.com/unishanoi/legacy_files/324840?auth=eyJhbGciOiJIUzI1NiIsInR5cCI6IkpXVCJ9.eyJkYXRhYmFzZSI6InVuaXNoYW5vaSIsInVzZXJuYW1lIjoiZHZjaHV5ZW5AdW5pc2hhbm9pLm9yZyIsImZpbGVfcGsiOjMyNDg0MCwidGFibGVfbmFtZSI6IlBlcnNvbiIsInJlY29yZF9mayI6Njc2MywiZXhwIjoxNzczNTMxMDAwfQ==.dr_pm8i1RI1PLbXWp1V10r6aY0ZNZOzDsBKfLMzGs-g=&transform=true
6791,https://files2.veracross.com/unishanoi/legacy_files/325813?auth=eyJhbGciOiJIUzI1NiIsInR5cCI6IkpXVCJ9.eyJkYXRhYmFzZSI6InVuaXNoYW5vaSIsInVzZXJuYW1lIjoiZHZjaHV5ZW5AdW5pc2hhbm9pLm9yZyIsImZpbGVfcGsiOjMyNTgxMywidGFibGVfbmFtZSI6IlBlcnNvbiIsInJlY29yZF9mayI6Njc5MSwiZXhwIjoxNzczNTMxMDAwfQ==.rsJQ8wAzgsOg9U-kSIfSdMF_oYR8GuqoO9-_naGaLTk=&transform=true
6796,https://files2.veracross.com/unishanoi/legacy_files/325700?auth=eyJhbGciOiJIUzI1NiIsInR5cCI6IkpXVCJ9.eyJkYXRhYmFzZSI6InVuaXNoYW5vaSIsInVzZXJuYW1lIjoiZHZjaHV5ZW5AdW5pc2hhbm9pLm9yZyIsImZpbGVfcGsiOjMyNTcwMCwidGFibGVfbmFtZSI6IlBlcnNvbiIsInJlY29yZF9mayI6Njc5NiwiZXhwIjoxNzczNTMxMDAwfQ==.UMmMTwYAgrXGUC-C8ayyha9RQ4rYmF5U5IqvuIujG24=&transform=true
6800,https://files2.veracross.com/unishanoi/legacy_files/325855?auth=eyJhbGciOiJIUzI1NiIsInR5cCI6IkpXVCJ9.eyJkYXRhYmFzZSI6InVuaXNoYW5vaSIsInVzZXJuYW1lIjoiZHZjaHV5ZW5AdW5pc2hhbm9pLm9yZyIsImZpbGVfcGsiOjMyNTg1NSwidGFibGVfbmFtZSI6IlBlcnNvbiIsInJlY29yZF9mayI6NjgwMCwiZXhwIjoxNzczNTMxMDAwfQ==.Wc0kobszivcf9TQ52DbcIX-UUQVkQmmVigRcogpzoS0=&transform=true
6821,https://files2.veracross.com/unishanoi/legacy_files/325030?auth=eyJhbGciOiJIUzI1NiIsInR5cCI6IkpXVCJ9.eyJkYXRhYmFzZSI6InVuaXNoYW5vaSIsInVzZXJuYW1lIjoiZHZjaHV5ZW5AdW5pc2hhbm9pLm9yZyIsImZpbGVfcGsiOjMyNTAzMCwidGFibGVfbmFtZSI6IlBlcnNvbiIsInJlY29yZF9mayI6NjgyMSwiZXhwIjoxNzczNTMxMDAwfQ==.3WCJ43JIXj5Z_RMQhJngisCSjd3RMgxoaoz7Fm6wfMU=&transform=true
6822,https://files2.veracross.com/unishanoi/legacy_files/324977?auth=eyJhbGciOiJIUzI1NiIsInR5cCI6IkpXVCJ9.eyJkYXRhYmFzZSI6InVuaXNoYW5vaSIsInVzZXJuYW1lIjoiZHZjaHV5ZW5AdW5pc2hhbm9pLm9yZyIsImZpbGVfcGsiOjMyNDk3NywidGFibGVfbmFtZSI6IlBlcnNvbiIsInJlY29yZF9mayI6NjgyMiwiZXhwIjoxNzczNTMxMDAwfQ==.o_TYQkVRGUv0XAPjhPExBBoVPlUH_HcQgtKxSA0Yfao=&transform=true
6843,https://files2.veracross.com/unishanoi/legacy_files/325235?auth=eyJhbGciOiJIUzI1NiIsInR5cCI6IkpXVCJ9.eyJkYXRhYmFzZSI6InVuaXNoYW5vaSIsInVzZXJuYW1lIjoiZHZjaHV5ZW5AdW5pc2hhbm9pLm9yZyIsImZpbGVfcGsiOjMyNTIzNSwidGFibGVfbmFtZSI6IlBlcnNvbiIsInJlY29yZF9mayI6Njg0MywiZXhwIjoxNzczNTMxMDAwfQ==.s_ZBTgISbGWSSB__WRoQe69Xab895VXPcIujb0YCKvg=&transform=true
6853,https://files2.veracross.com/unishanoi/legacy_files/295483?auth=eyJhbGciOiJIUzI1NiIsInR5cCI6IkpXVCJ9.eyJkYXRhYmFzZSI6InVuaXNoYW5vaSIsInVzZXJuYW1lIjoiZHZjaHV5ZW5AdW5pc2hhbm9pLm9yZyIsImZpbGVfcGsiOjI5NTQ4MywidGFibGVfbmFtZSI6IlBlcnNvbiIsInJlY29yZF9mayI6Njg1MywiZXhwIjoxNzczNTMxMDAwfQ==.jL0hXGLuKLsEO4GY_II0cG4w9KxAp_3ACTAg4OUXenU=&transform=true
6905,https://files2.veracross.com/unishanoi/legacy_files/325425?auth=eyJhbGciOiJIUzI1NiIsInR5cCI6IkpXVCJ9.eyJkYXRhYmFzZSI6InVuaXNoYW5vaSIsInVzZXJuYW1lIjoiZHZjaHV5ZW5AdW5pc2hhbm9pLm9yZyIsImZpbGVfcGsiOjMyNTQyNSwidGFibGVfbmFtZSI6IlBlcnNvbiIsInJlY29yZF9mayI6NjkwNSwiZXhwIjoxNzczNTMxMDAwfQ==.nmR6844b5qT-pK4xbfOinIND9eoM2dyzvixueWKMIDs=&transform=true
6914,https://files2.veracross.com/unishanoi/legacy_files/325491?auth=eyJhbGciOiJIUzI1NiIsInR5cCI6IkpXVCJ9.eyJkYXRhYmFzZSI6InVuaXNoYW5vaSIsInVzZXJuYW1lIjoiZHZjaHV5ZW5AdW5pc2hhbm9pLm9yZyIsImZpbGVfcGsiOjMyNTQ5MSwidGFibGVfbmFtZSI6IlBlcnNvbiIsInJlY29yZF9mayI6NjkxNCwiZXhwIjoxNzczNTMxMDAwfQ==.pVN7MNe7tDgB0k1spREzAZUznHSfQgCEtvAKWJYg-8o=&transform=true
6926,https://files2.veracross.com/unishanoi/legacy_files/325066?auth=eyJhbGciOiJIUzI1NiIsInR5cCI6IkpXVCJ9.eyJkYXRhYmFzZSI6InVuaXNoYW5vaSIsInVzZXJuYW1lIjoiZHZjaHV5ZW5AdW5pc2hhbm9pLm9yZyIsImZpbGVfcGsiOjMyNTA2NiwidGFibGVfbmFtZSI6IlBlcnNvbiIsInJlY29yZF9mayI6NjkyNiwiZXhwIjoxNzczNTMxMDAwfQ==.GQ7itrjpPe7FVoxzEGV6eZyqEVRU6j_QvcShs5Ys5S0=&transform=true
6931,https://files2.veracross.com/unishanoi/legacy_files/325129?auth=eyJhbGciOiJIUzI1NiIsInR5cCI6IkpXVCJ9.eyJkYXRhYmFzZSI6InVuaXNoYW5vaSIsInVzZXJuYW1lIjoiZHZjaHV5ZW5AdW5pc2hhbm9pLm9yZyIsImZpbGVfcGsiOjMyNTEyOSwidGFibGVfbmFtZSI6IlBlcnNvbiIsInJlY29yZF9mayI6NjkzMSwiZXhwIjoxNzczNTMxMDAwfQ==.AhZPquWLI3B5SPDknQKky4frAANcV8urCuJDjXbkIJc=&transform=true
6932,https://files2.veracross.com/unishanoi/legacy_files/325065?auth=eyJhbGciOiJIUzI1NiIsInR5cCI6IkpXVCJ9.eyJkYXRhYmFzZSI6InVuaXNoYW5vaSIsInVzZXJuYW1lIjoiZHZjaHV5ZW5AdW5pc2hhbm9pLm9yZyIsImZpbGVfcGsiOjMyNTA2NSwidGFibGVfbmFtZSI6IlBlcnNvbiIsInJlY29yZF9mayI6NjkzMiwiZXhwIjoxNzczNTMxMDAwfQ==.WywC3DO3kifVE-1xq3NwFl4shO7FnkPip_mEsVFj4kQ=&transform=true
6939,https://files2.veracross.com/unishanoi/legacy_files/325426?auth=eyJhbGciOiJIUzI1NiIsInR5cCI6IkpXVCJ9.eyJkYXRhYmFzZSI6InVuaXNoYW5vaSIsInVzZXJuYW1lIjoiZHZjaHV5ZW5AdW5pc2hhbm9pLm9yZyIsImZpbGVfcGsiOjMyNTQyNiwidGFibGVfbmFtZSI6IlBlcnNvbiIsInJlY29yZF9mayI6NjkzOSwiZXhwIjoxNzczNTMxMDAwfQ==.h4aqECjDx3KSPUgCKInOZyDkTaug0UQvDp0j2Aoo0hw=&transform=true
6945,https://files2.veracross.com/unishanoi/legacy_files/324817?auth=eyJhbGciOiJIUzI1NiIsInR5cCI6IkpXVCJ9.eyJkYXRhYmFzZSI6InVuaXNoYW5vaSIsInVzZXJuYW1lIjoiZHZjaHV5ZW5AdW5pc2hhbm9pLm9yZyIsImZpbGVfcGsiOjMyNDgxNywidGFibGVfbmFtZSI6IlBlcnNvbiIsInJlY29yZF9mayI6Njk0NSwiZXhwIjoxNzczNTMxMDAwfQ==.dLgs_vPpGVsC22nJVeCv3wqk5dRZ8bFst6kxno9AkQQ=&transform=true
6957,https://files2.veracross.com/unishanoi/legacy_files/324948?auth=eyJhbGciOiJIUzI1NiIsInR5cCI6IkpXVCJ9.eyJkYXRhYmFzZSI6InVuaXNoYW5vaSIsInVzZXJuYW1lIjoiZHZjaHV5ZW5AdW5pc2hhbm9pLm9yZyIsImZpbGVfcGsiOjMyNDk0OCwidGFibGVfbmFtZSI6IlBlcnNvbiIsInJlY29yZF9mayI6Njk1NywiZXhwIjoxNzczNTMxMDAwfQ==.eowLWiiC0UVZwsX_BUv6IcdaC1qKsJFMTSinGZxY2sU=&transform=true
6958,https://files2.veracross.com/unishanoi/legacy_files/325614?auth=eyJhbGciOiJIUzI1NiIsInR5cCI6IkpXVCJ9.eyJkYXRhYmFzZSI6InVuaXNoYW5vaSIsInVzZXJuYW1lIjoiZHZjaHV5ZW5AdW5pc2hhbm9pLm9yZyIsImZpbGVfcGsiOjMyNTYxNCwidGFibGVfbmFtZSI6IlBlcnNvbiIsInJlY29yZF9mayI6Njk1OCwiZXhwIjoxNzczNTMxMDAwfQ==.rCkwDnCZEUwU0MRB73pE676rp2GpdfDLrdUWf0X4Ang=&transform=true
6991,https://files2.veracross.com/unishanoi/legacy_files/324883?auth=eyJhbGciOiJIUzI1NiIsInR5cCI6IkpXVCJ9.eyJkYXRhYmFzZSI6InVuaXNoYW5vaSIsInVzZXJuYW1lIjoiZHZjaHV5ZW5AdW5pc2hhbm9pLm9yZyIsImZpbGVfcGsiOjMyNDg4MywidGFibGVfbmFtZSI6IlBlcnNvbiIsInJlY29yZF9mayI6Njk5MSwiZXhwIjoxNzczNTMxMDAwfQ==.xlsiBu44lbieUfPk5bQbxCf0AJZi7wqoe7FAUkXiFTo=&transform=true
6993,https://files2.veracross.com/unishanoi/legacy_files/324839?auth=eyJhbGciOiJIUzI1NiIsInR5cCI6IkpXVCJ9.eyJkYXRhYmFzZSI6InVuaXNoYW5vaSIsInVzZXJuYW1lIjoiZHZjaHV5ZW5AdW5pc2hhbm9pLm9yZyIsImZpbGVfcGsiOjMyNDgzOSwidGFibGVfbmFtZSI6IlBlcnNvbiIsInJlY29yZF9mayI6Njk5MywiZXhwIjoxNzczNTMxMDAwfQ==.EbSiud4GKP008Tw8z8PlgLaJGuGlpoUD0Ua1kOZ1Wpk=&transform=true
7003,https://files2.veracross.com/unishanoi/legacy_files/325521?auth=eyJhbGciOiJIUzI1NiIsInR5cCI6IkpXVCJ9.eyJkYXRhYmFzZSI6InVuaXNoYW5vaSIsInVzZXJuYW1lIjoiZHZjaHV5ZW5AdW5pc2hhbm9pLm9yZyIsImZpbGVfcGsiOjMyNTUyMSwidGFibGVfbmFtZSI6IlBlcnNvbiIsInJlY29yZF9mayI6NzAwMywiZXhwIjoxNzczNTMxMDAwfQ==.XKZefEmihg6GPYul5Lp0s9qQWi-s_Sij3uUD8cPrmjo=&transform=true
7015,https://files2.veracross.com/unishanoi/legacy_files/325520?auth=eyJhbGciOiJIUzI1NiIsInR5cCI6IkpXVCJ9.eyJkYXRhYmFzZSI6InVuaXNoYW5vaSIsInVzZXJuYW1lIjoiZHZjaHV5ZW5AdW5pc2hhbm9pLm9yZyIsImZpbGVfcGsiOjMyNTUyMCwidGFibGVfbmFtZSI6IlBlcnNvbiIsInJlY29yZF9mayI6NzAxNSwiZXhwIjoxNzczNTMxMDAwfQ==.k5mA06Lfvbx7nIpC8U5WraPOEOgJCIau3d5r4ZcXrWI=&transform=true
7017,https://files2.veracross.com/unishanoi/legacy_files/325526?auth=eyJhbGciOiJIUzI1NiIsInR5cCI6IkpXVCJ9.eyJkYXRhYmFzZSI6InVuaXNoYW5vaSIsInVzZXJuYW1lIjoiZHZjaHV5ZW5AdW5pc2hhbm9pLm9yZyIsImZpbGVfcGsiOjMyNTUyNiwidGFibGVfbmFtZSI6IlBlcnNvbiIsInJlY29yZF9mayI6NzAxNywiZXhwIjoxNzczNTMxMDAwfQ==.h8-TEmh3Q0YMOiQ9PjdO3qCIcPq118EqG4jrazvlk6o=&transform=true
7069,https://files2.veracross.com/unishanoi/legacy_files/324989?auth=eyJhbGciOiJIUzI1NiIsInR5cCI6IkpXVCJ9.eyJkYXRhYmFzZSI6InVuaXNoYW5vaSIsInVzZXJuYW1lIjoiZHZjaHV5ZW5AdW5pc2hhbm9pLm9yZyIsImZpbGVfcGsiOjMyNDk4OSwidGFibGVfbmFtZSI6IlBlcnNvbiIsInJlY29yZF9mayI6NzA2OSwiZXhwIjoxNzczNTMxMDAwfQ==._3RvF9PcpdT14ZUvLJ45Sx1ZWHBY_p86KBCluJ3BTTY=&transform=true
7082,https://files2.veracross.com/unishanoi/legacy_files/324991?auth=eyJhbGciOiJIUzI1NiIsInR5cCI6IkpXVCJ9.eyJkYXRhYmFzZSI6InVuaXNoYW5vaSIsInVzZXJuYW1lIjoiZHZjaHV5ZW5AdW5pc2hhbm9pLm9yZyIsImZpbGVfcGsiOjMyNDk5MSwidGFibGVfbmFtZSI6IlBlcnNvbiIsInJlY29yZF9mayI6NzA4MiwiZXhwIjoxNzczNTMxMDAwfQ==.UdioGHOkuIFm27tlmYB0lx9rHWzF-XmN7s5mUZXTxrk=&transform=true
7110,https://files2.veracross.com/unishanoi/legacy_files/325635?auth=eyJhbGciOiJIUzI1NiIsInR5cCI6IkpXVCJ9.eyJkYXRhYmFzZSI6InVuaXNoYW5vaSIsInVzZXJuYW1lIjoiZHZjaHV5ZW5AdW5pc2hhbm9pLm9yZyIsImZpbGVfcGsiOjMyNTYzNSwidGFibGVfbmFtZSI6IlBlcnNvbiIsInJlY29yZF9mayI6NzExMCwiZXhwIjoxNzczNTMxMDAwfQ==.tymqDqO112Myrvj72ortnFUttKEy-AuDXkaFsELHWNw=&transform=true
7176,https://files2.veracross.com/unishanoi/legacy_files/325566?auth=eyJhbGciOiJIUzI1NiIsInR5cCI6IkpXVCJ9.eyJkYXRhYmFzZSI6InVuaXNoYW5vaSIsInVzZXJuYW1lIjoiZHZjaHV5ZW5AdW5pc2hhbm9pLm9yZyIsImZpbGVfcGsiOjMyNTU2NiwidGFibGVfbmFtZSI6IlBlcnNvbiIsInJlY29yZF9mayI6NzE3NiwiZXhwIjoxNzczNTMxMDAwfQ==.lUuxa2RfxzeOSBrPRF3sCJvL_RmsK9BEYe4hvQ-qV3Y=&transform=true
7199,https://files2.veracross.com/unishanoi/legacy_files/325310?auth=eyJhbGciOiJIUzI1NiIsInR5cCI6IkpXVCJ9.eyJkYXRhYmFzZSI6InVuaXNoYW5vaSIsInVzZXJuYW1lIjoiZHZjaHV5ZW5AdW5pc2hhbm9pLm9yZyIsImZpbGVfcGsiOjMyNTMxMCwidGFibGVfbmFtZSI6IlBlcnNvbiIsInJlY29yZF9mayI6NzE5OSwiZXhwIjoxNzczNTMxMDAwfQ==.hOHog3EmjVi4OxUe-Rij0lwTIm62HiWi8ZXa6SYNuMw=&transform=true
7255,https://files2.veracross.com/unishanoi/legacy_files/324979?auth=eyJhbGciOiJIUzI1NiIsInR5cCI6IkpXVCJ9.eyJkYXRhYmFzZSI6InVuaXNoYW5vaSIsInVzZXJuYW1lIjoiZHZjaHV5ZW5AdW5pc2hhbm9pLm9yZyIsImZpbGVfcGsiOjMyNDk3OSwidGFibGVfbmFtZSI6IlBlcnNvbiIsInJlY29yZF9mayI6NzI1NSwiZXhwIjoxNzczNTMxMDAwfQ==.X_LnLN_t4XKyagwNCj86syWxftz6uNmL_ZrJzpaCiIc=&transform=true
7264,https://files2.veracross.com/unishanoi/legacy_files/325672?auth=eyJhbGciOiJIUzI1NiIsInR5cCI6IkpXVCJ9.eyJkYXRhYmFzZSI6InVuaXNoYW5vaSIsInVzZXJuYW1lIjoiZHZjaHV5ZW5AdW5pc2hhbm9pLm9yZyIsImZpbGVfcGsiOjMyNTY3MiwidGFibGVfbmFtZSI6IlBlcnNvbiIsInJlY29yZF9mayI6NzI2NCwiZXhwIjoxNzczNTMxMDAwfQ==.JN75Pr1s025X_WqTqOGgBSTbZVuQTDBFg1LvPVV8H0Y=&transform=true
7321,https://files2.veracross.com/unishanoi/legacy_files/324972?auth=eyJhbGciOiJIUzI1NiIsInR5cCI6IkpXVCJ9.eyJkYXRhYmFzZSI6InVuaXNoYW5vaSIsInVzZXJuYW1lIjoiZHZjaHV5ZW5AdW5pc2hhbm9pLm9yZyIsImZpbGVfcGsiOjMyNDk3MiwidGFibGVfbmFtZSI6IlBlcnNvbiIsInJlY29yZF9mayI6NzMyMSwiZXhwIjoxNzczNTMxMDAwfQ==.Phstz7BphFpWeKWqM7W-48xTjzKNh-7sgGHKjqQhQno=&transform=true
7374,https://files2.veracross.com/unishanoi/legacy_files/325571?auth=eyJhbGciOiJIUzI1NiIsInR5cCI6IkpXVCJ9.eyJkYXRhYmFzZSI6InVuaXNoYW5vaSIsInVzZXJuYW1lIjoiZHZjaHV5ZW5AdW5pc2hhbm9pLm9yZyIsImZpbGVfcGsiOjMyNTU3MSwidGFibGVfbmFtZSI6IlBlcnNvbiIsInJlY29yZF9mayI6NzM3NCwiZXhwIjoxNzczNTMxMDAwfQ==.JTj7qzpPLUSmPsZF90wRFUx__nSBwRd48loNDkXzVMU=&transform=true
27109,https://files2.veracross.com/unishanoi/legacy_files/325323?auth=eyJhbGciOiJIUzI1NiIsInR5cCI6IkpXVCJ9.eyJkYXRhYmFzZSI6InVuaXNoYW5vaSIsInVzZXJuYW1lIjoiZHZjaHV5ZW5AdW5pc2hhbm9pLm9yZyIsImZpbGVfcGsiOjMyNTMyMywidGFibGVfbmFtZSI6IlBlcnNvbiIsInJlY29yZF9mayI6MjcxMDksImV4cCI6MTc3MzUzMTAwMH0=.rLDVIQlDfCls6wbUNd2UAyOtA4OonuA6CzhpjyP4cHA=&transform=true
28233,https://files2.veracross.com/unishanoi/legacy_files/325084?auth=eyJhbGciOiJIUzI1NiIsInR5cCI6IkpXVCJ9.eyJkYXRhYmFzZSI6InVuaXNoYW5vaSIsInVzZXJuYW1lIjoiZHZjaHV5ZW5AdW5pc2hhbm9pLm9yZyIsImZpbGVfcGsiOjMyNTA4NCwidGFibGVfbmFtZSI6IlBlcnNvbiIsInJlY29yZF9mayI6MjgyMzMsImV4cCI6MTc3MzUzMTAwMH0=.IPYvwIjAlzs3WxtGwq2oJVmKxDRIhAw2ceywVV24ZiQ=&transform=true
28955,https://files2.veracross.com/unishanoi/legacy_files/325553?auth=eyJhbGciOiJIUzI1NiIsInR5cCI6IkpXVCJ9.eyJkYXRhYmFzZSI6InVuaXNoYW5vaSIsInVzZXJuYW1lIjoiZHZjaHV5ZW5AdW5pc2hhbm9pLm9yZyIsImZpbGVfcGsiOjMyNTU1MywidGFibGVfbmFtZSI6IlBlcnNvbiIsInJlY29yZF9mayI6Mjg5NTUsImV4cCI6MTc3MzUzMTAwMH0=.Grh1euuvGSjARlLStYSx1fDuhjuAOTQ3pMw-xnRleG8=&transform=true
29169,https://files2.veracross.com/unishanoi/legacy_files/325772?auth=eyJhbGciOiJIUzI1NiIsInR5cCI6IkpXVCJ9.eyJkYXRhYmFzZSI6InVuaXNoYW5vaSIsInVzZXJuYW1lIjoiZHZjaHV5ZW5AdW5pc2hhbm9pLm9yZyIsImZpbGVfcGsiOjMyNTc3MiwidGFibGVfbmFtZSI6IlBlcnNvbiIsInJlY29yZF9mayI6MjkxNjksImV4cCI6MTc3MzUzMTAwMH0=.-e_8iVbCXS8NkTAzVMcPa3-S4MQAoIDrvy2tTWkdA5Q=&transform=true
29275,https://files2.veracross.com/unishanoi/legacy_files/325218?auth=eyJhbGciOiJIUzI1NiIsInR5cCI6IkpXVCJ9.eyJkYXRhYmFzZSI6InVuaXNoYW5vaSIsInVzZXJuYW1lIjoiZHZjaHV5ZW5AdW5pc2hhbm9pLm9yZyIsImZpbGVfcGsiOjMyNTIxOCwidGFibGVfbmFtZSI6IlBlcnNvbiIsInJlY29yZF9mayI6MjkyNzUsImV4cCI6MTc3MzUzMTAwMH0=.8fGwVNCqrPAdov9bDWluhWUHgXsF2U6cQrZGUH5txSs=&transform=true
29328,https://files2.veracross.com/unishanoi/legacy_files/325193?auth=eyJhbGciOiJIUzI1NiIsInR5cCI6IkpXVCJ9.eyJkYXRhYmFzZSI6InVuaXNoYW5vaSIsInVzZXJuYW1lIjoiZHZjaHV5ZW5AdW5pc2hhbm9pLm9yZyIsImZpbGVfcGsiOjMyNTE5MywidGFibGVfbmFtZSI6IlBlcnNvbiIsInJlY29yZF9mayI6MjkzMjgsImV4cCI6MTc3MzUzMTAwMH0=.EtOpsEZS8dJsoOI7BeHdHPZAW2cSIqV_S_nxgCul7jo=&transform=true
29343,https://files2.veracross.com/unishanoi/legacy_files/325760?auth=eyJhbGciOiJIUzI1NiIsInR5cCI6IkpXVCJ9.eyJkYXRhYmFzZSI6InVuaXNoYW5vaSIsInVzZXJuYW1lIjoiZHZjaHV5ZW5AdW5pc2hhbm9pLm9yZyIsImZpbGVfcGsiOjMyNTc2MCwidGFibGVfbmFtZSI6IlBlcnNvbiIsInJlY29yZF9mayI6MjkzNDMsImV4cCI6MTc3MzUzMTAwMH0=.xHXqcDulTIzjFhJQ1PU6BHQZoXEaOt6w3AWvt9JZp9k=&transform=true
29642,https://files2.veracross.com/unishanoi/legacy_files/325324?auth=eyJhbGciOiJIUzI1NiIsInR5cCI6IkpXVCJ9.eyJkYXRhYmFzZSI6InVuaXNoYW5vaSIsInVzZXJuYW1lIjoiZHZjaHV5ZW5AdW5pc2hhbm9pLm9yZyIsImZpbGVfcGsiOjMyNTMyNCwidGFibGVfbmFtZSI6IlBlcnNvbiIsInJlY29yZF9mayI6Mjk2NDIsImV4cCI6MTc3MzUzMTAwMH0=.VFLoks71gNoxAMUlTsqAgbcVl9UJ1N0bZ7rZToPkbC0=&transform=true
29731,https://files2.veracross.com/unishanoi/legacy_files/325468?auth=eyJhbGciOiJIUzI1NiIsInR5cCI6IkpXVCJ9.eyJkYXRhYmFzZSI6InVuaXNoYW5vaSIsInVzZXJuYW1lIjoiZHZjaHV5ZW5AdW5pc2hhbm9pLm9yZyIsImZpbGVfcGsiOjMyNTQ2OCwidGFibGVfbmFtZSI6IlBlcnNvbiIsInJlY29yZF9mayI6Mjk3MzEsImV4cCI6MTc3MzUzMTAwMH0=.lO52nDBjJKoHi2XoSE3Fv8Asv-4t3CBS9Bj7YZ3si1I=&transform=true
29734,https://files2.veracross.com/unishanoi/legacy_files/325375?auth=eyJhbGciOiJIUzI1NiIsInR5cCI6IkpXVCJ9.eyJkYXRhYmFzZSI6InVuaXNoYW5vaSIsInVzZXJuYW1lIjoiZHZjaHV5ZW5AdW5pc2hhbm9pLm9yZyIsImZpbGVfcGsiOjMyNTM3NSwidGFibGVfbmFtZSI6IlBlcnNvbiIsInJlY29yZF9mayI6Mjk3MzQsImV4cCI6MTc3MzUzMTAwMH0=.XRaqg_c1vIoJT_-S9YF2jh2fJ694nXHg5osUz5DL1vk=&transform=true
29765,https://files2.veracross.com/unishanoi/legacy_files/325028?auth=eyJhbGciOiJIUzI1NiIsInR5cCI6IkpXVCJ9.eyJkYXRhYmFzZSI6InVuaXNoYW5vaSIsInVzZXJuYW1lIjoiZHZjaHV5ZW5AdW5pc2hhbm9pLm9yZyIsImZpbGVfcGsiOjMyNTAyOCwidGFibGVfbmFtZSI6IlBlcnNvbiIsInJlY29yZF9mayI6Mjk3NjUsImV4cCI6MTc3MzUzMTAwMH0=.7eDq3TbnbHQNCxMS2J8RmQuYjQc4Q2pKuCRppRc-k_g=&transform=true
29778,https://files2.veracross.com/unishanoi/legacy_files/325854?auth=eyJhbGciOiJIUzI1NiIsInR5cCI6IkpXVCJ9.eyJkYXRhYmFzZSI6InVuaXNoYW5vaSIsInVzZXJuYW1lIjoiZHZjaHV5ZW5AdW5pc2hhbm9pLm9yZyIsImZpbGVfcGsiOjMyNTg1NCwidGFibGVfbmFtZSI6IlBlcnNvbiIsInJlY29yZF9mayI6Mjk3NzgsImV4cCI6MTc3MzUzMTAwMH0=.nYuVv83FA-wf5XPZhvzhnBGKsMjCJyNBs3IdrL-zM7M=&transform=true
29789,https://files2.veracross.com/unishanoi/legacy_files/324872?auth=eyJhbGciOiJIUzI1NiIsInR5cCI6IkpXVCJ9.eyJkYXRhYmFzZSI6InVuaXNoYW5vaSIsInVzZXJuYW1lIjoiZHZjaHV5ZW5AdW5pc2hhbm9pLm9yZyIsImZpbGVfcGsiOjMyNDg3MiwidGFibGVfbmFtZSI6IlBlcnNvbiIsInJlY29yZF9mayI6Mjk3ODksImV4cCI6MTc3MzUzMTAwMH0=.rsC4SDJY5Ftdpx-6VOVrc9_QgKvQCXHRIIS_Hy6RHrg=&transform=true
30017,https://files2.veracross.com/unishanoi/legacy_files/325867?auth=eyJhbGciOiJIUzI1NiIsInR5cCI6IkpXVCJ9.eyJkYXRhYmFzZSI6InVuaXNoYW5vaSIsInVzZXJuYW1lIjoiZHZjaHV5ZW5AdW5pc2hhbm9pLm9yZyIsImZpbGVfcGsiOjMyNTg2NywidGFibGVfbmFtZSI6IlBlcnNvbiIsInJlY29yZF9mayI6MzAwMTcsImV4cCI6MTc3MzUzMTAwMH0=.n7HBWrZh8MxIyg_D7UM609JzmXT6mPzivsMgSEfOjJM=&transform=true
30051,https://files2.veracross.com/unishanoi/legacy_files/325052?auth=eyJhbGciOiJIUzI1NiIsInR5cCI6IkpXVCJ9.eyJkYXRhYmFzZSI6InVuaXNoYW5vaSIsInVzZXJuYW1lIjoiZHZjaHV5ZW5AdW5pc2hhbm9pLm9yZyIsImZpbGVfcGsiOjMyNTA1MiwidGFibGVfbmFtZSI6IlBlcnNvbiIsInJlY29yZF9mayI6MzAwNTEsImV4cCI6MTc3MzUzMTAwMH0=.JietfPFKmp72THl3j5qssVq36MTEmXM1u62ce4bheho=&transform=true
30076,https://files2.veracross.com/unishanoi/legacy_files/325459?auth=eyJhbGciOiJIUzI1NiIsInR5cCI6IkpXVCJ9.eyJkYXRhYmFzZSI6InVuaXNoYW5vaSIsInVzZXJuYW1lIjoiZHZjaHV5ZW5AdW5pc2hhbm9pLm9yZyIsImZpbGVfcGsiOjMyNTQ1OSwidGFibGVfbmFtZSI6IlBlcnNvbiIsInJlY29yZF9mayI6MzAwNzYsImV4cCI6MTc3MzUzMTAwMH0=.pgRCkA2Q8kt6uZL1ocFzOv47ZQr0cLROLlfFtufGSog=&transform=true
30245,https://files2.veracross.com/unishanoi/legacy_files/325154?auth=eyJhbGciOiJIUzI1NiIsInR5cCI6IkpXVCJ9.eyJkYXRhYmFzZSI6InVuaXNoYW5vaSIsInVzZXJuYW1lIjoiZHZjaHV5ZW5AdW5pc2hhbm9pLm9yZyIsImZpbGVfcGsiOjMyNTE1NCwidGFibGVfbmFtZSI6IlBlcnNvbiIsInJlY29yZF9mayI6MzAyNDUsImV4cCI6MTc3MzUzMTAwMH0=.fNrj16iEuGfOCl6mt6EOnEZSuIJ_zlwQqR0pR_GxIYo=&transform=true
30246,https://files2.veracross.com/unishanoi/legacy_files/325095?auth=eyJhbGciOiJIUzI1NiIsInR5cCI6IkpXVCJ9.eyJkYXRhYmFzZSI6InVuaXNoYW5vaSIsInVzZXJuYW1lIjoiZHZjaHV5ZW5AdW5pc2hhbm9pLm9yZyIsImZpbGVfcGsiOjMyNTA5NSwidGFibGVfbmFtZSI6IlBlcnNvbiIsInJlY29yZF9mayI6MzAyNDYsImV4cCI6MTc3MzUzMTAwMH0=.dHx9PPPB75GaHdsaShNJkCjPiPAwY_wOHdpHDX_mm10=&transform=true
30320,https://files2.veracross.com/unishanoi/legacy_files/329420?auth=eyJhbGciOiJIUzI1NiIsInR5cCI6IkpXVCJ9.eyJkYXRhYmFzZSI6InVuaXNoYW5vaSIsInVzZXJuYW1lIjoiZHZjaHV5ZW5AdW5pc2hhbm9pLm9yZyIsImZpbGVfcGsiOjMyOTQyMCwidGFibGVfbmFtZSI6IlBlcnNvbiIsInJlY29yZF9mayI6MzAzMjAsImV4cCI6MTc3MzUzMTAwMH0=.hJ7tVPIKaLxPkWKcyiVwkX9xEQ8FtY82ouX_WAnA5TU=&transform=true
30405,https://files2.veracross.com/unishanoi/legacy_files/325751?auth=eyJhbGciOiJIUzI1NiIsInR5cCI6IkpXVCJ9.eyJkYXRhYmFzZSI6InVuaXNoYW5vaSIsInVzZXJuYW1lIjoiZHZjaHV5ZW5AdW5pc2hhbm9pLm9yZyIsImZpbGVfcGsiOjMyNTc1MSwidGFibGVfbmFtZSI6IlBlcnNvbiIsInJlY29yZF9mayI6MzA0MDUsImV4cCI6MTc3MzUzMTAwMH0=.IhQdtfuQMKaG5wAbkYUPiJTYxP50rgT0uO13y2w42OU=&transform=true
30414,https://files2.veracross.com/unishanoi/legacy_files/325683?auth=eyJhbGciOiJIUzI1NiIsInR5cCI6IkpXVCJ9.eyJkYXRhYmFzZSI6InVuaXNoYW5vaSIsInVzZXJuYW1lIjoiZHZjaHV5ZW5AdW5pc2hhbm9pLm9yZyIsImZpbGVfcGsiOjMyNTY4MywidGFibGVfbmFtZSI6IlBlcnNvbiIsInJlY29yZF9mayI6MzA0MTQsImV4cCI6MTc3MzUzMTAwMH0=.LTwexyJJcWwekCI7Yz_dPL6j-Snz0E2dZVuKb_oYKM0=&transform=true
30477,https://files2.veracross.com/unishanoi/legacy_files/325389?auth=eyJhbGciOiJIUzI1NiIsInR5cCI6IkpXVCJ9.eyJkYXRhYmFzZSI6InVuaXNoYW5vaSIsInVzZXJuYW1lIjoiZHZjaHV5ZW5AdW5pc2hhbm9pLm9yZyIsImZpbGVfcGsiOjMyNTM4OSwidGFibGVfbmFtZSI6IlBlcnNvbiIsInJlY29yZF9mayI6MzA0NzcsImV4cCI6MTc3MzUzMTAwMH0=.tTG2CrPYvE8mcCfSJ_BX-XOt-KX1-3atwhThaip5H3k=&transform=true
30653,https://files2.veracross.com/unishanoi/legacy_files/325251?auth=eyJhbGciOiJIUzI1NiIsInR5cCI6IkpXVCJ9.eyJkYXRhYmFzZSI6InVuaXNoYW5vaSIsInVzZXJuYW1lIjoiZHZjaHV5ZW5AdW5pc2hhbm9pLm9yZyIsImZpbGVfcGsiOjMyNTI1MSwidGFibGVfbmFtZSI6IlBlcnNvbiIsInJlY29yZF9mayI6MzA2NTMsImV4cCI6MTc3MzUzMTAwMH0=.heTh5JOct6CkK_NUgSSSV3ej2pgByyqLMWsUA8G1qEQ=&transform=true
30745,https://files2.veracross.com/unishanoi/legacy_files/324992?auth=eyJhbGciOiJIUzI1NiIsInR5cCI6IkpXVCJ9.eyJkYXRhYmFzZSI6InVuaXNoYW5vaSIsInVzZXJuYW1lIjoiZHZjaHV5ZW5AdW5pc2hhbm9pLm9yZyIsImZpbGVfcGsiOjMyNDk5MiwidGFibGVfbmFtZSI6IlBlcnNvbiIsInJlY29yZF9mayI6MzA3NDUsImV4cCI6MTc3MzUzMTAwMH0=.r7zlRIpurmY0Wsspn9aXCMizYEy0RDy4_ZiFYsoX8uE=&transform=true
30928,https://files2.veracross.com/unishanoi/legacy_files/325276?auth=eyJhbGciOiJIUzI1NiIsInR5cCI6IkpXVCJ9.eyJkYXRhYmFzZSI6InVuaXNoYW5vaSIsInVzZXJuYW1lIjoiZHZjaHV5ZW5AdW5pc2hhbm9pLm9yZyIsImZpbGVfcGsiOjMyNTI3NiwidGFibGVfbmFtZSI6IlBlcnNvbiIsInJlY29yZF9mayI6MzA5MjgsImV4cCI6MTc3MzUzMTAwMH0=.NJJvz45bzXDUxMigKalbDJnI8SjC0VYZHiyDJHfoNJ0=&transform=true
30959,https://files2.veracross.com/unishanoi/legacy_files/324922?auth=eyJhbGciOiJIUzI1NiIsInR5cCI6IkpXVCJ9.eyJkYXRhYmFzZSI6InVuaXNoYW5vaSIsInVzZXJuYW1lIjoiZHZjaHV5ZW5AdW5pc2hhbm9pLm9yZyIsImZpbGVfcGsiOjMyNDkyMiwidGFibGVfbmFtZSI6IlBlcnNvbiIsInJlY29yZF9mayI6MzA5NTksImV4cCI6MTc3MzUzMTAwMH0=.05w6XEN5_zNQtmB2ZBSK63NQ_7lcgdvBzH4kAOmQmxA=&transform=true
31134,https://files2.veracross.com/unishanoi/legacy_files/325778?auth=eyJhbGciOiJIUzI1NiIsInR5cCI6IkpXVCJ9.eyJkYXRhYmFzZSI6InVuaXNoYW5vaSIsInVzZXJuYW1lIjoiZHZjaHV5ZW5AdW5pc2hhbm9pLm9yZyIsImZpbGVfcGsiOjMyNTc3OCwidGFibGVfbmFtZSI6IlBlcnNvbiIsInJlY29yZF9mayI6MzExMzQsImV4cCI6MTc3MzUzMTAwMH0=.9D5xHJRK75Hk3B5L_ly0cdFQ2PEpdPc3BGEraIfEDYE=&transform=true
31154,https://files2.veracross.com/unishanoi/legacy_files/325573?auth=eyJhbGciOiJIUzI1NiIsInR5cCI6IkpXVCJ9.eyJkYXRhYmFzZSI6InVuaXNoYW5vaSIsInVzZXJuYW1lIjoiZHZjaHV5ZW5AdW5pc2hhbm9pLm9yZyIsImZpbGVfcGsiOjMyNTU3MywidGFibGVfbmFtZSI6IlBlcnNvbiIsInJlY29yZF9mayI6MzExNTQsImV4cCI6MTc3MzUzMTAwMH0=.kHwOAEXCfj7ELG9tNwmKqQ03tTbw6_71ZHAP08rys7o=&transform=true
32386,https://files2.veracross.com/unishanoi/legacy_files/325037?auth=eyJhbGciOiJIUzI1NiIsInR5cCI6IkpXVCJ9.eyJkYXRhYmFzZSI6InVuaXNoYW5vaSIsInVzZXJuYW1lIjoiZHZjaHV5ZW5AdW5pc2hhbm9pLm9yZyIsImZpbGVfcGsiOjMyNTAzNywidGFibGVfbmFtZSI6IlBlcnNvbiIsInJlY29yZF9mayI6MzIzODYsImV4cCI6MTc3MzUzMTAwMH0=.1b0R3bDOg5qislPnPSqfFK943NZBCldzCtm0uQaXOH4=&transform=true
32387,https://files2.veracross.com/unishanoi/legacy_files/324996?auth=eyJhbGciOiJIUzI1NiIsInR5cCI6IkpXVCJ9.eyJkYXRhYmFzZSI6InVuaXNoYW5vaSIsInVzZXJuYW1lIjoiZHZjaHV5ZW5AdW5pc2hhbm9pLm9yZyIsImZpbGVfcGsiOjMyNDk5NiwidGFibGVfbmFtZSI6IlBlcnNvbiIsInJlY29yZF9mayI6MzIzODcsImV4cCI6MTc3MzUzMTAwMH0=.di9ExayF8gDlsyDHsD-2xlYyhbKT0WHaeI3NR--rSIc=&transform=true
32419,https://files2.veracross.com/unishanoi/legacy_files/324906?auth=eyJhbGciOiJIUzI1NiIsInR5cCI6IkpXVCJ9.eyJkYXRhYmFzZSI6InVuaXNoYW5vaSIsInVzZXJuYW1lIjoiZHZjaHV5ZW5AdW5pc2hhbm9pLm9yZyIsImZpbGVfcGsiOjMyNDkwNiwidGFibGVfbmFtZSI6IlBlcnNvbiIsInJlY29yZF9mayI6MzI0MTksImV4cCI6MTc3MzUzMTAwMH0=.rTZvoNyGEIt0LH0yOagBYWp-1X3M4nfoNap5k6GPfKM=&transform=true
32453,https://files2.veracross.com/unishanoi/legacy_files/325122?auth=eyJhbGciOiJIUzI1NiIsInR5cCI6IkpXVCJ9.eyJkYXRhYmFzZSI6InVuaXNoYW5vaSIsInVzZXJuYW1lIjoiZHZjaHV5ZW5AdW5pc2hhbm9pLm9yZyIsImZpbGVfcGsiOjMyNTEyMiwidGFibGVfbmFtZSI6IlBlcnNvbiIsInJlY29yZF9mayI6MzI0NTMsImV4cCI6MTc3MzUzMTAwMH0=.R3tkF5IFypTyX2Yc8u-FBVXMa7Un8XrZrgbRlydtPnU=&transform=true
32761,https://files2.veracross.com/unishanoi/legacy_files/325827?auth=eyJhbGciOiJIUzI1NiIsInR5cCI6IkpXVCJ9.eyJkYXRhYmFzZSI6InVuaXNoYW5vaSIsInVzZXJuYW1lIjoiZHZjaHV5ZW5AdW5pc2hhbm9pLm9yZyIsImZpbGVfcGsiOjMyNTgyNywidGFibGVfbmFtZSI6IlBlcnNvbiIsInJlY29yZF9mayI6MzI3NjEsImV4cCI6MTc3MzUzMTAwMH0=.ZyZRdYOgL2p4-sfbcSX3_On_XoVS-317kqxfejdeWpg=&transform=true
32798,https://files2.veracross.com/unishanoi/legacy_files/325688?auth=eyJhbGciOiJIUzI1NiIsInR5cCI6IkpXVCJ9.eyJkYXRhYmFzZSI6InVuaXNoYW5vaSIsInVzZXJuYW1lIjoiZHZjaHV5ZW5AdW5pc2hhbm9pLm9yZyIsImZpbGVfcGsiOjMyNTY4OCwidGFibGVfbmFtZSI6IlBlcnNvbiIsInJlY29yZF9mayI6MzI3OTgsImV4cCI6MTc3MzUzMTAwMH0=.uXZm1j_nWwhFyl9ToAQZ1O2zTUn1nqbPr-OAZPE1i_A=&transform=true
32889,https://files2.veracross.com/unishanoi/legacy_files/325112?auth=eyJhbGciOiJIUzI1NiIsInR5cCI6IkpXVCJ9.eyJkYXRhYmFzZSI6InVuaXNoYW5vaSIsInVzZXJuYW1lIjoiZHZjaHV5ZW5AdW5pc2hhbm9pLm9yZyIsImZpbGVfcGsiOjMyNTExMiwidGFibGVfbmFtZSI6IlBlcnNvbiIsInJlY29yZF9mayI6MzI4ODksImV4cCI6MTc3MzUzMTAwMH0=.LjqAB5PubIGpRICKtY0SCfJ5cRkg1dO9bUGb4QqVJXI=&transform=true
32934,https://files2.veracross.com/unishanoi/legacy_files/325305?auth=eyJhbGciOiJIUzI1NiIsInR5cCI6IkpXVCJ9.eyJkYXRhYmFzZSI6InVuaXNoYW5vaSIsInVzZXJuYW1lIjoiZHZjaHV5ZW5AdW5pc2hhbm9pLm9yZyIsImZpbGVfcGsiOjMyNTMwNSwidGFibGVfbmFtZSI6IlBlcnNvbiIsInJlY29yZF9mayI6MzI5MzQsImV4cCI6MTc3MzUzMTAwMH0=.E4kD19F_CGlFfNSPp-ZTW44mXc2DUgSlR5l8wqfu7iY=&transform=true
32936,https://files2.veracross.com/unishanoi/legacy_files/325411?auth=eyJhbGciOiJIUzI1NiIsInR5cCI6IkpXVCJ9.eyJkYXRhYmFzZSI6InVuaXNoYW5vaSIsInVzZXJuYW1lIjoiZHZjaHV5ZW5AdW5pc2hhbm9pLm9yZyIsImZpbGVfcGsiOjMyNTQxMSwidGFibGVfbmFtZSI6IlBlcnNvbiIsInJlY29yZF9mayI6MzI5MzYsImV4cCI6MTc3MzUzMTAwMH0=.VPXWPTI7VwtbsM3wmeJBWTdNZ6zZ2xN1bWKQo6kyLKU=&transform=true
33054,https://files2.veracross.com/unishanoi/legacy_files/325708?auth=eyJhbGciOiJIUzI1NiIsInR5cCI6IkpXVCJ9.eyJkYXRhYmFzZSI6InVuaXNoYW5vaSIsInVzZXJuYW1lIjoiZHZjaHV5ZW5AdW5pc2hhbm9pLm9yZyIsImZpbGVfcGsiOjMyNTcwOCwidGFibGVfbmFtZSI6IlBlcnNvbiIsInJlY29yZF9mayI6MzMwNTQsImV4cCI6MTc3MzUzMTAwMH0=.KqHX5y7rWVqr3XYD70MsPMrRAaCuuAvbQU-8_Thz3pw=&transform=true
33161,https://files2.veracross.com/unishanoi/legacy_files/325083?auth=eyJhbGciOiJIUzI1NiIsInR5cCI6IkpXVCJ9.eyJkYXRhYmFzZSI6InVuaXNoYW5vaSIsInVzZXJuYW1lIjoiZHZjaHV5ZW5AdW5pc2hhbm9pLm9yZyIsImZpbGVfcGsiOjMyNTA4MywidGFibGVfbmFtZSI6IlBlcnNvbiIsInJlY29yZF9mayI6MzMxNjEsImV4cCI6MTc3MzUzMTAwMH0=.iO2W4lajpWW8JOEYU39O-t3OB9UUfvu9GHCRu7z1b-0=&transform=true
33232,https://files2.veracross.com/unishanoi/legacy_files/325532?auth=eyJhbGciOiJIUzI1NiIsInR5cCI6IkpXVCJ9.eyJkYXRhYmFzZSI6InVuaXNoYW5vaSIsInVzZXJuYW1lIjoiZHZjaHV5ZW5AdW5pc2hhbm9pLm9yZyIsImZpbGVfcGsiOjMyNTUzMiwidGFibGVfbmFtZSI6IlBlcnNvbiIsInJlY29yZF9mayI6MzMyMzIsImV4cCI6MTc3MzUzMTAwMH0=.HzMFvt5ZF3ED4yKQ0LEtLjzLveQO6cydI5NXiHWVZGM=&transform=true
33472,https://files2.veracross.com/unishanoi/legacy_files/324827?auth=eyJhbGciOiJIUzI1NiIsInR5cCI6IkpXVCJ9.eyJkYXRhYmFzZSI6InVuaXNoYW5vaSIsInVzZXJuYW1lIjoiZHZjaHV5ZW5AdW5pc2hhbm9pLm9yZyIsImZpbGVfcGsiOjMyNDgyNywidGFibGVfbmFtZSI6IlBlcnNvbiIsInJlY29yZF9mayI6MzM0NzIsImV4cCI6MTc3MzUzMTAwMH0=.Bgm6E6nHvHSQUxKSFsZZEzJ4iudkQ8ejJUqnJY6TpUk=&transform=true
33554,https://files2.veracross.com/unishanoi/legacy_files/325534?auth=eyJhbGciOiJIUzI1NiIsInR5cCI6IkpXVCJ9.eyJkYXRhYmFzZSI6InVuaXNoYW5vaSIsInVzZXJuYW1lIjoiZHZjaHV5ZW5AdW5pc2hhbm9pLm9yZyIsImZpbGVfcGsiOjMyNTUzNCwidGFibGVfbmFtZSI6IlBlcnNvbiIsInJlY29yZF9mayI6MzM1NTQsImV4cCI6MTc3MzUzMTAwMH0=.PHh0rLk3fp4y88EBEcEC315tixNjO9UFU7yD-pDK5Nk=&transform=true
33567,https://files2.veracross.com/unishanoi/legacy_files/325114?auth=eyJhbGciOiJIUzI1NiIsInR5cCI6IkpXVCJ9.eyJkYXRhYmFzZSI6InVuaXNoYW5vaSIsInVzZXJuYW1lIjoiZHZjaHV5ZW5AdW5pc2hhbm9pLm9yZyIsImZpbGVfcGsiOjMyNTExNCwidGFibGVfbmFtZSI6IlBlcnNvbiIsInJlY29yZF9mayI6MzM1NjcsImV4cCI6MTc3MzUzMTAwMH0=.H2_hSPCGy_hDK6g3ts1ZmR7Gb78678QRiMXKhFh8hqI=&transform=true
33568,https://files2.veracross.com/unishanoi/legacy_files/325538?auth=eyJhbGciOiJIUzI1NiIsInR5cCI6IkpXVCJ9.eyJkYXRhYmFzZSI6InVuaXNoYW5vaSIsInVzZXJuYW1lIjoiZHZjaHV5ZW5AdW5pc2hhbm9pLm9yZyIsImZpbGVfcGsiOjMyNTUzOCwidGFibGVfbmFtZSI6IlBlcnNvbiIsInJlY29yZF9mayI6MzM1NjgsImV4cCI6MTc3MzUzMTAwMH0=.G6OPbH128sjj_tbTXbnIY71o6urbkqxp1jBklyTdcGg=&transform=true
33712,https://files2.veracross.com/unishanoi/legacy_files/324876?auth=eyJhbGciOiJIUzI1NiIsInR5cCI6IkpXVCJ9.eyJkYXRhYmFzZSI6InVuaXNoYW5vaSIsInVzZXJuYW1lIjoiZHZjaHV5ZW5AdW5pc2hhbm9pLm9yZyIsImZpbGVfcGsiOjMyNDg3NiwidGFibGVfbmFtZSI6IlBlcnNvbiIsInJlY29yZF9mayI6MzM3MTIsImV4cCI6MTc3MzUzMTAwMH0=.EZ9c5q7WlfH4mevkGc88wSawbO2O_EwvWFj31cCwb5w=&transform=true
33803,https://files2.veracross.com/unishanoi/legacy_files/325382?auth=eyJhbGciOiJIUzI1NiIsInR5cCI6IkpXVCJ9.eyJkYXRhYmFzZSI6InVuaXNoYW5vaSIsInVzZXJuYW1lIjoiZHZjaHV5ZW5AdW5pc2hhbm9pLm9yZyIsImZpbGVfcGsiOjMyNTM4MiwidGFibGVfbmFtZSI6IlBlcnNvbiIsInJlY29yZF9mayI6MzM4MDMsImV4cCI6MTc3MzUzMTAwMH0=.evUdIFNIZyatB2-v4QLuNYuPx6Co2hWuHYGd9XYpo9s=&transform=true
33813,https://files2.veracross.com/unishanoi/legacy_files/325493?auth=eyJhbGciOiJIUzI1NiIsInR5cCI6IkpXVCJ9.eyJkYXRhYmFzZSI6InVuaXNoYW5vaSIsInVzZXJuYW1lIjoiZHZjaHV5ZW5AdW5pc2hhbm9pLm9yZyIsImZpbGVfcGsiOjMyNTQ5MywidGFibGVfbmFtZSI6IlBlcnNvbiIsInJlY29yZF9mayI6MzM4MTMsImV4cCI6MTc3MzUzMTAwMH0=.5kAbjlHFpg1uYbh1SCqRMLKebjmnXxkhf4jfLpPZWnI=&transform=true
33827,https://files2.veracross.com/unishanoi/legacy_files/325182?auth=eyJhbGciOiJIUzI1NiIsInR5cCI6IkpXVCJ9.eyJkYXRhYmFzZSI6InVuaXNoYW5vaSIsInVzZXJuYW1lIjoiZHZjaHV5ZW5AdW5pc2hhbm9pLm9yZyIsImZpbGVfcGsiOjMyNTE4MiwidGFibGVfbmFtZSI6IlBlcnNvbiIsInJlY29yZF9mayI6MzM4MjcsImV4cCI6MTc3MzUzMTAwMH0=.Ql6ToRFdmbNt-YMLiKAYSNY5lqbVGGL0FoqGRU0psQc=&transform=true
34113,https://files2.veracross.com/unishanoi/legacy_files/325841?auth=eyJhbGciOiJIUzI1NiIsInR5cCI6IkpXVCJ9.eyJkYXRhYmFzZSI6InVuaXNoYW5vaSIsInVzZXJuYW1lIjoiZHZjaHV5ZW5AdW5pc2hhbm9pLm9yZyIsImZpbGVfcGsiOjMyNTg0MSwidGFibGVfbmFtZSI6IlBlcnNvbiIsInJlY29yZF9mayI6MzQxMTMsImV4cCI6MTc3MzUzMTAwMH0=.3dFT5GAqZ4JN5nKN5cyBY98_N2tgFjYfJHLz5j1R4wE=&transform=true
34115,https://files2.veracross.com/unishanoi/legacy_files/325702?auth=eyJhbGciOiJIUzI1NiIsInR5cCI6IkpXVCJ9.eyJkYXRhYmFzZSI6InVuaXNoYW5vaSIsInVzZXJuYW1lIjoiZHZjaHV5ZW5AdW5pc2hhbm9pLm9yZyIsImZpbGVfcGsiOjMyNTcwMiwidGFibGVfbmFtZSI6IlBlcnNvbiIsInJlY29yZF9mayI6MzQxMTUsImV4cCI6MTc3MzUzMTAwMH0=.GKWcFcB1mu2-JznL5lgoCOCA0y-AkzdwXFkU7MyNUR8=&transform=true
34139,https://files2.veracross.com/unishanoi/legacy_files/325749?auth=eyJhbGciOiJIUzI1NiIsInR5cCI6IkpXVCJ9.eyJkYXRhYmFzZSI6InVuaXNoYW5vaSIsInVzZXJuYW1lIjoiZHZjaHV5ZW5AdW5pc2hhbm9pLm9yZyIsImZpbGVfcGsiOjMyNTc0OSwidGFibGVfbmFtZSI6IlBlcnNvbiIsInJlY29yZF9mayI6MzQxMzksImV4cCI6MTc3MzUzMTAwMH0=.cIPJA-XDedtFh5u-uSztimTGFzYs5-O9DNoJgtNdFvc=&transform=true
34144,https://files2.veracross.com/unishanoi/legacy_files/325242?auth=eyJhbGciOiJIUzI1NiIsInR5cCI6IkpXVCJ9.eyJkYXRhYmFzZSI6InVuaXNoYW5vaSIsInVzZXJuYW1lIjoiZHZjaHV5ZW5AdW5pc2hhbm9pLm9yZyIsImZpbGVfcGsiOjMyNTI0MiwidGFibGVfbmFtZSI6IlBlcnNvbiIsInJlY29yZF9mayI6MzQxNDQsImV4cCI6MTc3MzUzMTAwMH0=.3GbYQyiCjC4ob107fFRUORjwzricMigQZUMdD_nOAaw=&transform=true
34154,https://files2.veracross.com/unishanoi/legacy_files/325085?auth=eyJhbGciOiJIUzI1NiIsInR5cCI6IkpXVCJ9.eyJkYXRhYmFzZSI6InVuaXNoYW5vaSIsInVzZXJuYW1lIjoiZHZjaHV5ZW5AdW5pc2hhbm9pLm9yZyIsImZpbGVfcGsiOjMyNTA4NSwidGFibGVfbmFtZSI6IlBlcnNvbiIsInJlY29yZF9mayI6MzQxNTQsImV4cCI6MTc3MzUzMTAwMH0=.TymMjg3gQjvAFXtgRgbnu1S-0cSmwxhJb35Pf8vMobg=&transform=true
34201,https://files2.veracross.com/unishanoi/legacy_files/325367?auth=eyJhbGciOiJIUzI1NiIsInR5cCI6IkpXVCJ9.eyJkYXRhYmFzZSI6InVuaXNoYW5vaSIsInVzZXJuYW1lIjoiZHZjaHV5ZW5AdW5pc2hhbm9pLm9yZyIsImZpbGVfcGsiOjMyNTM2NywidGFibGVfbmFtZSI6IlBlcnNvbiIsInJlY29yZF9mayI6MzQyMDEsImV4cCI6MTc3MzUzMTAwMH0=.aVDtIakDcVD7Q6-1yrZyJlWsJbfmymXvReg-EsgTs6Y=&transform=true
34293,https://files2.veracross.com/unishanoi/legacy_files/325041?auth=eyJhbGciOiJIUzI1NiIsInR5cCI6IkpXVCJ9.eyJkYXRhYmFzZSI6InVuaXNoYW5vaSIsInVzZXJuYW1lIjoiZHZjaHV5ZW5AdW5pc2hhbm9pLm9yZyIsImZpbGVfcGsiOjMyNTA0MSwidGFibGVfbmFtZSI6IlBlcnNvbiIsInJlY29yZF9mayI6MzQyOTMsImV4cCI6MTc3MzUzMTAwMH0=.qeeGR3YeqfhA_hBONek-YBWuK9srVzH_4F78K_McOns=&transform=true
34526,https://files2.veracross.com/unishanoi/legacy_files/324804?auth=eyJhbGciOiJIUzI1NiIsInR5cCI6IkpXVCJ9.eyJkYXRhYmFzZSI6InVuaXNoYW5vaSIsInVzZXJuYW1lIjoiZHZjaHV5ZW5AdW5pc2hhbm9pLm9yZyIsImZpbGVfcGsiOjMyNDgwNCwidGFibGVfbmFtZSI6IlBlcnNvbiIsInJlY29yZF9mayI6MzQ1MjYsImV4cCI6MTc3MzUzMTAwMH0=.ncYBaLV1f1uFIz8mw6BrbXSjMDP9Nw507ZFRL0uNAyc=&transform=true
34527,https://files2.veracross.com/unishanoi/legacy_files/324859?auth=eyJhbGciOiJIUzI1NiIsInR5cCI6IkpXVCJ9.eyJkYXRhYmFzZSI6InVuaXNoYW5vaSIsInVzZXJuYW1lIjoiZHZjaHV5ZW5AdW5pc2hhbm9pLm9yZyIsImZpbGVfcGsiOjMyNDg1OSwidGFibGVfbmFtZSI6IlBlcnNvbiIsInJlY29yZF9mayI6MzQ1MjcsImV4cCI6MTc3MzUzMTAwMH0=._v6rsxuIhIhQZCxW2LT6vTb1ypTqpPzJtWXn33Jhs7E=&transform=true
34795,https://files2.veracross.com/unishanoi/legacy_files/325230?auth=eyJhbGciOiJIUzI1NiIsInR5cCI6IkpXVCJ9.eyJkYXRhYmFzZSI6InVuaXNoYW5vaSIsInVzZXJuYW1lIjoiZHZjaHV5ZW5AdW5pc2hhbm9pLm9yZyIsImZpbGVfcGsiOjMyNTIzMCwidGFibGVfbmFtZSI6IlBlcnNvbiIsInJlY29yZF9mayI6MzQ3OTUsImV4cCI6MTc3MzUzMTAwMH0=.8WwsZ5NAYeEZjo_Bgppei0osYVph-gAUehUc6f7imJw=&transform=true
34980,https://files2.veracross.com/unishanoi/legacy_files/325437?auth=eyJhbGciOiJIUzI1NiIsInR5cCI6IkpXVCJ9.eyJkYXRhYmFzZSI6InVuaXNoYW5vaSIsInVzZXJuYW1lIjoiZHZjaHV5ZW5AdW5pc2hhbm9pLm9yZyIsImZpbGVfcGsiOjMyNTQzNywidGFibGVfbmFtZSI6IlBlcnNvbiIsInJlY29yZF9mayI6MzQ5ODAsImV4cCI6MTc3MzUzMTAwMH0=.m3-PXXwuXGK8ozyQKVyHEE1_FcmVXZ2E6NLDI9sbJGM=&transform=true
35043,https://files2.veracross.com/unishanoi/legacy_files/325406?auth=eyJhbGciOiJIUzI1NiIsInR5cCI6IkpXVCJ9.eyJkYXRhYmFzZSI6InVuaXNoYW5vaSIsInVzZXJuYW1lIjoiZHZjaHV5ZW5AdW5pc2hhbm9pLm9yZyIsImZpbGVfcGsiOjMyNTQwNiwidGFibGVfbmFtZSI6IlBlcnNvbiIsInJlY29yZF9mayI6MzUwNDMsImV4cCI6MTc3MzUzMTAwMH0=.7VlQRfaDThF9bFF4QYZfGYhMqCVnSEFyKUFYJuyNAdw=&transform=true
35097,https://files2.veracross.com/unishanoi/legacy_files/325306?auth=eyJhbGciOiJIUzI1NiIsInR5cCI6IkpXVCJ9.eyJkYXRhYmFzZSI6InVuaXNoYW5vaSIsInVzZXJuYW1lIjoiZHZjaHV5ZW5AdW5pc2hhbm9pLm9yZyIsImZpbGVfcGsiOjMyNTMwNiwidGFibGVfbmFtZSI6IlBlcnNvbiIsInJlY29yZF9mayI6MzUwOTcsImV4cCI6MTc3MzUzMTAwMH0=.ALu6Zcs0RbDHcl3VOPr3qXl6AFItxEJvXipThnCmIAA=&transform=true
35098,https://files2.veracross.com/unishanoi/legacy_files/325191?auth=eyJhbGciOiJIUzI1NiIsInR5cCI6IkpXVCJ9.eyJkYXRhYmFzZSI6InVuaXNoYW5vaSIsInVzZXJuYW1lIjoiZHZjaHV5ZW5AdW5pc2hhbm9pLm9yZyIsImZpbGVfcGsiOjMyNTE5MSwidGFibGVfbmFtZSI6IlBlcnNvbiIsInJlY29yZF9mayI6MzUwOTgsImV4cCI6MTc3MzUzMTAwMH0=.TcCNlooAKxhbcspZjWFs2LGt7PHUP75uJcI2gmcpe8k=&transform=true
35101,https://files2.veracross.com/unishanoi/legacy_files/325055?auth=eyJhbGciOiJIUzI1NiIsInR5cCI6IkpXVCJ9.eyJkYXRhYmFzZSI6InVuaXNoYW5vaSIsInVzZXJuYW1lIjoiZHZjaHV5ZW5AdW5pc2hhbm9pLm9yZyIsImZpbGVfcGsiOjMyNTA1NSwidGFibGVfbmFtZSI6IlBlcnNvbiIsInJlY29yZF9mayI6MzUxMDEsImV4cCI6MTc3MzUzMTAwMH0=.mxKCt5gBuRYaanRXO0xx1d417Q2uWjz9JMuHtHMSaRU=&transform=true
35106,https://files2.veracross.com/unishanoi/legacy_files/325220?auth=eyJhbGciOiJIUzI1NiIsInR5cCI6IkpXVCJ9.eyJkYXRhYmFzZSI6InVuaXNoYW5vaSIsInVzZXJuYW1lIjoiZHZjaHV5ZW5AdW5pc2hhbm9pLm9yZyIsImZpbGVfcGsiOjMyNTIyMCwidGFibGVfbmFtZSI6IlBlcnNvbiIsInJlY29yZF9mayI6MzUxMDYsImV4cCI6MTc3MzUzMTAwMH0=.-0OnSfyo0YYqFOE94rF0XxKZWKwvOryKdWcMUZn4xWo=&transform=true
35199,https://files2.veracross.com/unishanoi/legacy_files/325040?auth=eyJhbGciOiJIUzI1NiIsInR5cCI6IkpXVCJ9.eyJkYXRhYmFzZSI6InVuaXNoYW5vaSIsInVzZXJuYW1lIjoiZHZjaHV5ZW5AdW5pc2hhbm9pLm9yZyIsImZpbGVfcGsiOjMyNTA0MCwidGFibGVfbmFtZSI6IlBlcnNvbiIsInJlY29yZF9mayI6MzUxOTksImV4cCI6MTc3MzUzMTAwMH0=.2WAwIJXcz1nfTDBmXa-hrQ9huqgiQeH1TPjdf1-GhDM=&transform=true
35437,https://files2.veracross.com/unishanoi/legacy_files/325857?auth=eyJhbGciOiJIUzI1NiIsInR5cCI6IkpXVCJ9.eyJkYXRhYmFzZSI6InVuaXNoYW5vaSIsInVzZXJuYW1lIjoiZHZjaHV5ZW5AdW5pc2hhbm9pLm9yZyIsImZpbGVfcGsiOjMyNTg1NywidGFibGVfbmFtZSI6IlBlcnNvbiIsInJlY29yZF9mayI6MzU0MzcsImV4cCI6MTc3MzUzMTAwMH0=.AsKKq-8xjqASV9RJuNLCsdg27Za6cA2unCPpZiqvxGs=&transform=true
35490,https://files2.veracross.com/unishanoi/legacy_files/325374?auth=eyJhbGciOiJIUzI1NiIsInR5cCI6IkpXVCJ9.eyJkYXRhYmFzZSI6InVuaXNoYW5vaSIsInVzZXJuYW1lIjoiZHZjaHV5ZW5AdW5pc2hhbm9pLm9yZyIsImZpbGVfcGsiOjMyNTM3NCwidGFibGVfbmFtZSI6IlBlcnNvbiIsInJlY29yZF9mayI6MzU0OTAsImV4cCI6MTc3MzUzMTAwMH0=.FYqr3LkJ_unSVbyZEdtJEpVI19ZgckZY9r38uaWzbko=&transform=true
35626,https://files2.veracross.com/unishanoi/legacy_files/325664?auth=eyJhbGciOiJIUzI1NiIsInR5cCI6IkpXVCJ9.eyJkYXRhYmFzZSI6InVuaXNoYW5vaSIsInVzZXJuYW1lIjoiZHZjaHV5ZW5AdW5pc2hhbm9pLm9yZyIsImZpbGVfcGsiOjMyNTY2NCwidGFibGVfbmFtZSI6IlBlcnNvbiIsInJlY29yZF9mayI6MzU2MjYsImV4cCI6MTc3MzUzMTAwMH0=.g581VCe2T6lsAf53962UU3r9LpKNSaE-YLEdS85maqc=&transform=true
35839,https://files2.veracross.com/unishanoi/legacy_files/325795?auth=eyJhbGciOiJIUzI1NiIsInR5cCI6IkpXVCJ9.eyJkYXRhYmFzZSI6InVuaXNoYW5vaSIsInVzZXJuYW1lIjoiZHZjaHV5ZW5AdW5pc2hhbm9pLm9yZyIsImZpbGVfcGsiOjMyNTc5NSwidGFibGVfbmFtZSI6IlBlcnNvbiIsInJlY29yZF9mayI6MzU4MzksImV4cCI6MTc3MzUzMTAwMH0=.26jTti9IbzbWfNYo3dAuTLLxIfLsKd_ye94bPr_xSRc=&transform=true
35853,https://files2.veracross.com/unishanoi/legacy_files/325221?auth=eyJhbGciOiJIUzI1NiIsInR5cCI6IkpXVCJ9.eyJkYXRhYmFzZSI6InVuaXNoYW5vaSIsInVzZXJuYW1lIjoiZHZjaHV5ZW5AdW5pc2hhbm9pLm9yZyIsImZpbGVfcGsiOjMyNTIyMSwidGFibGVfbmFtZSI6IlBlcnNvbiIsInJlY29yZF9mayI6MzU4NTMsImV4cCI6MTc3MzUzMTAwMH0=.Gsz6NCj6dAzIiGz_SlmjSkLGhBt7QlnJOrYgSQJysWQ=&transform=true
36031,https://files2.veracross.com/unishanoi/legacy_files/325086?auth=eyJhbGciOiJIUzI1NiIsInR5cCI6IkpXVCJ9.eyJkYXRhYmFzZSI6InVuaXNoYW5vaSIsInVzZXJuYW1lIjoiZHZjaHV5ZW5AdW5pc2hhbm9pLm9yZyIsImZpbGVfcGsiOjMyNTA4NiwidGFibGVfbmFtZSI6IlBlcnNvbiIsInJlY29yZF9mayI6MzYwMzEsImV4cCI6MTc3MzUzMTAwMH0=.9lmXQJFNXrEl3CealFHtmJiqPiOU8un1qnmizXedvOQ=&transform=true
36187,https://files2.veracross.com/unishanoi/legacy_files/325056?auth=eyJhbGciOiJIUzI1NiIsInR5cCI6IkpXVCJ9.eyJkYXRhYmFzZSI6InVuaXNoYW5vaSIsInVzZXJuYW1lIjoiZHZjaHV5ZW5AdW5pc2hhbm9pLm9yZyIsImZpbGVfcGsiOjMyNTA1NiwidGFibGVfbmFtZSI6IlBlcnNvbiIsInJlY29yZF9mayI6MzYxODcsImV4cCI6MTc3MzUzMTAwMH0=.n3A_Ud5D4f6GlYqmyVG074dRdWK31TxFrSvj2BgLPCo=&transform=true
36210,https://files2.veracross.com/unishanoi/legacy_files/325403?auth=eyJhbGciOiJIUzI1NiIsInR5cCI6IkpXVCJ9.eyJkYXRhYmFzZSI6InVuaXNoYW5vaSIsInVzZXJuYW1lIjoiZHZjaHV5ZW5AdW5pc2hhbm9pLm9yZyIsImZpbGVfcGsiOjMyNTQwMywidGFibGVfbmFtZSI6IlBlcnNvbiIsInJlY29yZF9mayI6MzYyMTAsImV4cCI6MTc3MzUzMTAwMH0=.iDjBHZCJQ2L1p2jXEqrSSnoyhF15xNJkQbq1-KvkIeg=&transform=true
36214,https://files2.veracross.com/unishanoi/legacy_files/325483?auth=eyJhbGciOiJIUzI1NiIsInR5cCI6IkpXVCJ9.eyJkYXRhYmFzZSI6InVuaXNoYW5vaSIsInVzZXJuYW1lIjoiZHZjaHV5ZW5AdW5pc2hhbm9pLm9yZyIsImZpbGVfcGsiOjMyNTQ4MywidGFibGVfbmFtZSI6IlBlcnNvbiIsInJlY29yZF9mayI6MzYyMTQsImV4cCI6MTc3MzUzMTAwMH0=.YsBYnFqie0cSh5OxqgxHG3NBMCaCF_avJs4-CBaEynM=&transform=true
36239,https://files2.veracross.com/unishanoi/legacy_files/325409?auth=eyJhbGciOiJIUzI1NiIsInR5cCI6IkpXVCJ9.eyJkYXRhYmFzZSI6InVuaXNoYW5vaSIsInVzZXJuYW1lIjoiZHZjaHV5ZW5AdW5pc2hhbm9pLm9yZyIsImZpbGVfcGsiOjMyNTQwOSwidGFibGVfbmFtZSI6IlBlcnNvbiIsInJlY29yZF9mayI6MzYyMzksImV4cCI6MTc3MzUzMTAwMH0=.2-KBoKj4PyCnmc638hG7W7QNgsn93yHQ8AH5j5iWtL4=&transform=true
36305,https://files2.veracross.com/unishanoi/legacy_files/325650?auth=eyJhbGciOiJIUzI1NiIsInR5cCI6IkpXVCJ9.eyJkYXRhYmFzZSI6InVuaXNoYW5vaSIsInVzZXJuYW1lIjoiZHZjaHV5ZW5AdW5pc2hhbm9pLm9yZyIsImZpbGVfcGsiOjMyNTY1MCwidGFibGVfbmFtZSI6IlBlcnNvbiIsInJlY29yZF9mayI6MzYzMDUsImV4cCI6MTc3MzUzMTAwMH0=.GYSlge58auqxaEpDrrDkZTyl6qq-MWQmmZV_XIxkPHc=&transform=true
36306,https://files2.veracross.com/unishanoi/legacy_files/325724?auth=eyJhbGciOiJIUzI1NiIsInR5cCI6IkpXVCJ9.eyJkYXRhYmFzZSI6InVuaXNoYW5vaSIsInVzZXJuYW1lIjoiZHZjaHV5ZW5AdW5pc2hhbm9pLm9yZyIsImZpbGVfcGsiOjMyNTcyNCwidGFibGVfbmFtZSI6IlBlcnNvbiIsInJlY29yZF9mayI6MzYzMDYsImV4cCI6MTc3MzUzMTAwMH0=.AfZqdPPFX-x7nUAYgBNsjTYmB3QGflnIVQ5XrZwx3XM=&transform=true
36331,https://files2.veracross.com/unishanoi/legacy_files/324803?auth=eyJhbGciOiJIUzI1NiIsInR5cCI6IkpXVCJ9.eyJkYXRhYmFzZSI6InVuaXNoYW5vaSIsInVzZXJuYW1lIjoiZHZjaHV5ZW5AdW5pc2hhbm9pLm9yZyIsImZpbGVfcGsiOjMyNDgwMywidGFibGVfbmFtZSI6IlBlcnNvbiIsInJlY29yZF9mayI6MzYzMzEsImV4cCI6MTc3MzUzMTAwMH0=.9IATn3NnFsU7YD3A-MBdXCzMI6aEJDfjoiCPqYujRv8=&transform=true
36564,https://files2.veracross.com/unishanoi/legacy_files/325557?auth=eyJhbGciOiJIUzI1NiIsInR5cCI6IkpXVCJ9.eyJkYXRhYmFzZSI6InVuaXNoYW5vaSIsInVzZXJuYW1lIjoiZHZjaHV5ZW5AdW5pc2hhbm9pLm9yZyIsImZpbGVfcGsiOjMyNTU1NywidGFibGVfbmFtZSI6IlBlcnNvbiIsInJlY29yZF9mayI6MzY1NjQsImV4cCI6MTc3MzUzMTAwMH0=.CUM00cEg26KWadIhawvlI13h46roGHP5IVzpKGsyRKE=&transform=true
36676,https://files2.veracross.com/unishanoi/legacy_files/325714?auth=eyJhbGciOiJIUzI1NiIsInR5cCI6IkpXVCJ9.eyJkYXRhYmFzZSI6InVuaXNoYW5vaSIsInVzZXJuYW1lIjoiZHZjaHV5ZW5AdW5pc2hhbm9pLm9yZyIsImZpbGVfcGsiOjMyNTcxNCwidGFibGVfbmFtZSI6IlBlcnNvbiIsInJlY29yZF9mayI6MzY2NzYsImV4cCI6MTc3MzUzMTAwMH0=.ZuCENh2VKyvUozpZGWtUIbmiDdPF8iYOost1-Lfkj7E=&transform=true
36762,https://files2.veracross.com/unishanoi/legacy_files/325325?auth=eyJhbGciOiJIUzI1NiIsInR5cCI6IkpXVCJ9.eyJkYXRhYmFzZSI6InVuaXNoYW5vaSIsInVzZXJuYW1lIjoiZHZjaHV5ZW5AdW5pc2hhbm9pLm9yZyIsImZpbGVfcGsiOjMyNTMyNSwidGFibGVfbmFtZSI6IlBlcnNvbiIsInJlY29yZF9mayI6MzY3NjIsImV4cCI6MTc3MzUzMTAwMH0=.xUrKQZ4pkHD-WzglDLJT-WZYtEMTy1l-huMppp76UUs=&transform=true
37053,https://files2.veracross.com/unishanoi/legacy_files/325442?auth=eyJhbGciOiJIUzI1NiIsInR5cCI6IkpXVCJ9.eyJkYXRhYmFzZSI6InVuaXNoYW5vaSIsInVzZXJuYW1lIjoiZHZjaHV5ZW5AdW5pc2hhbm9pLm9yZyIsImZpbGVfcGsiOjMyNTQ0MiwidGFibGVfbmFtZSI6IlBlcnNvbiIsInJlY29yZF9mayI6MzcwNTMsImV4cCI6MTc3MzUzMTAwMH0=.z-CwSLXCiE67v7cQn8HM8KBB33vjWK8Y-uzew15FNyU=&transform=true
37071,https://files2.veracross.com/unishanoi/legacy_files/325100?auth=eyJhbGciOiJIUzI1NiIsInR5cCI6IkpXVCJ9.eyJkYXRhYmFzZSI6InVuaXNoYW5vaSIsInVzZXJuYW1lIjoiZHZjaHV5ZW5AdW5pc2hhbm9pLm9yZyIsImZpbGVfcGsiOjMyNTEwMCwidGFibGVfbmFtZSI6IlBlcnNvbiIsInJlY29yZF9mayI6MzcwNzEsImV4cCI6MTc3MzUzMTAwMH0=.06wIKkehXUd8VLaFaq-WKVrJ4vFflDMqEcoMMz5hbDM=&transform=true
37072,https://files2.veracross.com/unishanoi/legacy_files/325161?auth=eyJhbGciOiJIUzI1NiIsInR5cCI6IkpXVCJ9.eyJkYXRhYmFzZSI6InVuaXNoYW5vaSIsInVzZXJuYW1lIjoiZHZjaHV5ZW5AdW5pc2hhbm9pLm9yZyIsImZpbGVfcGsiOjMyNTE2MSwidGFibGVfbmFtZSI6IlBlcnNvbiIsInJlY29yZF9mayI6MzcwNzIsImV4cCI6MTc3MzUzMTAwMH0=.fS1vLWWS36nJxwdUGfzJbaW2oj8LPR2Vu8P88Oi34CQ=&transform=true
37097,https://files2.veracross.com/unishanoi/legacy_files/325522?auth=eyJhbGciOiJIUzI1NiIsInR5cCI6IkpXVCJ9.eyJkYXRhYmFzZSI6InVuaXNoYW5vaSIsInVzZXJuYW1lIjoiZHZjaHV5ZW5AdW5pc2hhbm9pLm9yZyIsImZpbGVfcGsiOjMyNTUyMiwidGFibGVfbmFtZSI6IlBlcnNvbiIsInJlY29yZF9mayI6MzcwOTcsImV4cCI6MTc3MzUzMTAwMH0=.lyfzk0mCBkgiCUkQGwoELk-zb1z-yRjAAdjd_3iCuCc=&transform=true
37450,https://files2.veracross.com/unishanoi/legacy_files/325547?auth=eyJhbGciOiJIUzI1NiIsInR5cCI6IkpXVCJ9.eyJkYXRhYmFzZSI6InVuaXNoYW5vaSIsInVzZXJuYW1lIjoiZHZjaHV5ZW5AdW5pc2hhbm9pLm9yZyIsImZpbGVfcGsiOjMyNTU0NywidGFibGVfbmFtZSI6IlBlcnNvbiIsInJlY29yZF9mayI6Mzc0NTAsImV4cCI6MTc3MzUzMTAwMH0=.VSfebaj1b87Jr23Mhbm-cw0cASlCLrUuFtm2q77217Y=&transform=true
37458,https://files2.veracross.com/unishanoi/legacy_files/325260?auth=eyJhbGciOiJIUzI1NiIsInR5cCI6IkpXVCJ9.eyJkYXRhYmFzZSI6InVuaXNoYW5vaSIsInVzZXJuYW1lIjoiZHZjaHV5ZW5AdW5pc2hhbm9pLm9yZyIsImZpbGVfcGsiOjMyNTI2MCwidGFibGVfbmFtZSI6IlBlcnNvbiIsInJlY29yZF9mayI6Mzc0NTgsImV4cCI6MTc3MzUzMTAwMH0=.hF3oJqJ5Diqd3q5E9Emvgyd1q7ieao1o5xF00snehgQ=&transform=true
37578,https://files2.veracross.com/unishanoi/legacy_files/325745?auth=eyJhbGciOiJIUzI1NiIsInR5cCI6IkpXVCJ9.eyJkYXRhYmFzZSI6InVuaXNoYW5vaSIsInVzZXJuYW1lIjoiZHZjaHV5ZW5AdW5pc2hhbm9pLm9yZyIsImZpbGVfcGsiOjMyNTc0NSwidGFibGVfbmFtZSI6IlBlcnNvbiIsInJlY29yZF9mayI6Mzc1NzgsImV4cCI6MTc3MzUzMTAwMH0=.MltgZ62U8-1H2icj_3RpnzMjTnVEaghXXZDMBJ4PLGw=&transform=true
37653,https://files2.veracross.com/unishanoi/legacy_files/325561?auth=eyJhbGciOiJIUzI1NiIsInR5cCI6IkpXVCJ9.eyJkYXRhYmFzZSI6InVuaXNoYW5vaSIsInVzZXJuYW1lIjoiZHZjaHV5ZW5AdW5pc2hhbm9pLm9yZyIsImZpbGVfcGsiOjMyNTU2MSwidGFibGVfbmFtZSI6IlBlcnNvbiIsInJlY29yZF9mayI6Mzc2NTMsImV4cCI6MTc3MzUzMTAwMH0=.IAGnzV1g8neCT0c8KIBhnlyhmmWXclRuVPZ-4hQcPBM=&transform=true
37654,https://files2.veracross.com/unishanoi/legacy_files/325407?auth=eyJhbGciOiJIUzI1NiIsInR5cCI6IkpXVCJ9.eyJkYXRhYmFzZSI6InVuaXNoYW5vaSIsInVzZXJuYW1lIjoiZHZjaHV5ZW5AdW5pc2hhbm9pLm9yZyIsImZpbGVfcGsiOjMyNTQwNywidGFibGVfbmFtZSI6IlBlcnNvbiIsInJlY29yZF9mayI6Mzc2NTQsImV4cCI6MTc3MzUzMTAwMH0=.WHv0sVHAHwydTrCeqxK2Q_2Dv0_aEyh0xEb3u6JEixc=&transform=true
37656,https://files2.veracross.com/unishanoi/legacy_files/325315?auth=eyJhbGciOiJIUzI1NiIsInR5cCI6IkpXVCJ9.eyJkYXRhYmFzZSI6InVuaXNoYW5vaSIsInVzZXJuYW1lIjoiZHZjaHV5ZW5AdW5pc2hhbm9pLm9yZyIsImZpbGVfcGsiOjMyNTMxNSwidGFibGVfbmFtZSI6IlBlcnNvbiIsInJlY29yZF9mayI6Mzc2NTYsImV4cCI6MTc3MzUzMTAwMH0=.eFihy1cdla0oOKs2yGgmBqPSDwxw1-9mXYSZG2eyV98=&transform=true
37679,https://files2.veracross.com/unishanoi/legacy_files/325482?auth=eyJhbGciOiJIUzI1NiIsInR5cCI6IkpXVCJ9.eyJkYXRhYmFzZSI6InVuaXNoYW5vaSIsInVzZXJuYW1lIjoiZHZjaHV5ZW5AdW5pc2hhbm9pLm9yZyIsImZpbGVfcGsiOjMyNTQ4MiwidGFibGVfbmFtZSI6IlBlcnNvbiIsInJlY29yZF9mayI6Mzc2NzksImV4cCI6MTc3MzUzMTAwMH0=.5Q4-qrl4P8RK6rDF6Pzd9_l9xI01gsMCOpKB8_sXMF4=&transform=true
37682,https://files2.veracross.com/unishanoi/legacy_files/325420?auth=eyJhbGciOiJIUzI1NiIsInR5cCI6IkpXVCJ9.eyJkYXRhYmFzZSI6InVuaXNoYW5vaSIsInVzZXJuYW1lIjoiZHZjaHV5ZW5AdW5pc2hhbm9pLm9yZyIsImZpbGVfcGsiOjMyNTQyMCwidGFibGVfbmFtZSI6IlBlcnNvbiIsInJlY29yZF9mayI6Mzc2ODIsImV4cCI6MTc3MzUzMTAwMH0=.E0QZ-AF5Jv8-XoXagXFce-Hm0BJaOSHvmBO0ZPG45-8=&transform=true
37782,https://files2.veracross.com/unishanoi/legacy_files/325653?auth=eyJhbGciOiJIUzI1NiIsInR5cCI6IkpXVCJ9.eyJkYXRhYmFzZSI6InVuaXNoYW5vaSIsInVzZXJuYW1lIjoiZHZjaHV5ZW5AdW5pc2hhbm9pLm9yZyIsImZpbGVfcGsiOjMyNTY1MywidGFibGVfbmFtZSI6IlBlcnNvbiIsInJlY29yZF9mayI6Mzc3ODIsImV4cCI6MTc3MzUzMTAwMH0=.JHypPs4M5i0PEmg6iymdv5YQYkkqRF-jZzOAzOPzWPY=&transform=true
37820,https://files2.veracross.com/unishanoi/legacy_files/324952?auth=eyJhbGciOiJIUzI1NiIsInR5cCI6IkpXVCJ9.eyJkYXRhYmFzZSI6InVuaXNoYW5vaSIsInVzZXJuYW1lIjoiZHZjaHV5ZW5AdW5pc2hhbm9pLm9yZyIsImZpbGVfcGsiOjMyNDk1MiwidGFibGVfbmFtZSI6IlBlcnNvbiIsInJlY29yZF9mayI6Mzc4MjAsImV4cCI6MTc3MzUzMTAwMH0=.jPu7LTDGQ3MWuo_2D8zawpgbyoL4uBR-YnO3ihHOW5Y=&transform=true
37821,https://files2.veracross.com/unishanoi/legacy_files/324962?auth=eyJhbGciOiJIUzI1NiIsInR5cCI6IkpXVCJ9.eyJkYXRhYmFzZSI6InVuaXNoYW5vaSIsInVzZXJuYW1lIjoiZHZjaHV5ZW5AdW5pc2hhbm9pLm9yZyIsImZpbGVfcGsiOjMyNDk2MiwidGFibGVfbmFtZSI6IlBlcnNvbiIsInJlY29yZF9mayI6Mzc4MjEsImV4cCI6MTc3MzUzMTAwMH0=.JXIxmZaxngkf4ux3FWmnN840jOioCPj-Jlh7VAedxik=&transform=true
37913,https://files2.veracross.com/unishanoi/legacy_files/325357?auth=eyJhbGciOiJIUzI1NiIsInR5cCI6IkpXVCJ9.eyJkYXRhYmFzZSI6InVuaXNoYW5vaSIsInVzZXJuYW1lIjoiZHZjaHV5ZW5AdW5pc2hhbm9pLm9yZyIsImZpbGVfcGsiOjMyNTM1NywidGFibGVfbmFtZSI6IlBlcnNvbiIsInJlY29yZF9mayI6Mzc5MTMsImV4cCI6MTc3MzUzMTAwMH0=.2DLuCQs-MPKGuNNXg_10C_iQssOcvsxSwc9ielyVw28=&transform=true
37930,https://files2.veracross.com/unishanoi/legacy_files/315247?auth=eyJhbGciOiJIUzI1NiIsInR5cCI6IkpXVCJ9.eyJkYXRhYmFzZSI6InVuaXNoYW5vaSIsInVzZXJuYW1lIjoiZHZjaHV5ZW5AdW5pc2hhbm9pLm9yZyIsImZpbGVfcGsiOjMxNTI0NywidGFibGVfbmFtZSI6IlBlcnNvbiIsInJlY29yZF9mayI6Mzc5MzAsImV4cCI6MTc3MzUzMTAwMH0=.Tsg_rSE45oq6RX3QCqTcp9690yx6Vx0huc5-YZrflOk=&transform=true
37974,https://files2.veracross.com/unishanoi/legacy_files/325791?auth=eyJhbGciOiJIUzI1NiIsInR5cCI6IkpXVCJ9.eyJkYXRhYmFzZSI6InVuaXNoYW5vaSIsInVzZXJuYW1lIjoiZHZjaHV5ZW5AdW5pc2hhbm9pLm9yZyIsImZpbGVfcGsiOjMyNTc5MSwidGFibGVfbmFtZSI6IlBlcnNvbiIsInJlY29yZF9mayI6Mzc5NzQsImV4cCI6MTc3MzUzMTAwMH0=.qkSacWQqRVro8eCzAhscDO5_OudUPU0HBfeJ0nFubEI=&transform=true
38123,https://files2.veracross.com/unishanoi/legacy_files/324843?auth=eyJhbGciOiJIUzI1NiIsInR5cCI6IkpXVCJ9.eyJkYXRhYmFzZSI6InVuaXNoYW5vaSIsInVzZXJuYW1lIjoiZHZjaHV5ZW5AdW5pc2hhbm9pLm9yZyIsImZpbGVfcGsiOjMyNDg0MywidGFibGVfbmFtZSI6IlBlcnNvbiIsInJlY29yZF9mayI6MzgxMjMsImV4cCI6MTc3MzUzMTAwMH0=.62W6WCwfOiQCFJV51fUyvO73Q5Y5pVIISTdveEJnEC0=&transform=true
38124,https://files2.veracross.com/unishanoi/legacy_files/324936?auth=eyJhbGciOiJIUzI1NiIsInR5cCI6IkpXVCJ9.eyJkYXRhYmFzZSI6InVuaXNoYW5vaSIsInVzZXJuYW1lIjoiZHZjaHV5ZW5AdW5pc2hhbm9pLm9yZyIsImZpbGVfcGsiOjMyNDkzNiwidGFibGVfbmFtZSI6IlBlcnNvbiIsInJlY29yZF9mayI6MzgxMjQsImV4cCI6MTc3MzUzMTAwMH0=.2br_u6jaemZvWHUrO1-4Pia2eUXwQvQtivsYI9a_Iy8=&transform=true
38200,https://files2.veracross.com/unishanoi/legacy_files/325408?auth=eyJhbGciOiJIUzI1NiIsInR5cCI6IkpXVCJ9.eyJkYXRhYmFzZSI6InVuaXNoYW5vaSIsInVzZXJuYW1lIjoiZHZjaHV5ZW5AdW5pc2hhbm9pLm9yZyIsImZpbGVfcGsiOjMyNTQwOCwidGFibGVfbmFtZSI6IlBlcnNvbiIsInJlY29yZF9mayI6MzgyMDAsImV4cCI6MTc3MzUzMTAwMH0=.4ggfkkPY_BVC0843qbrDz6sgqocnDHs-1gTm8XkpiB4=&transform=true
38332,https://files2.veracross.com/unishanoi/legacy_files/324931?auth=eyJhbGciOiJIUzI1NiIsInR5cCI6IkpXVCJ9.eyJkYXRhYmFzZSI6InVuaXNoYW5vaSIsInVzZXJuYW1lIjoiZHZjaHV5ZW5AdW5pc2hhbm9pLm9yZyIsImZpbGVfcGsiOjMyNDkzMSwidGFibGVfbmFtZSI6IlBlcnNvbiIsInJlY29yZF9mayI6MzgzMzIsImV4cCI6MTc3MzUzMTAwMH0=.GquNwJ2QBn5YLkqBKGEb5oiywrvgjk0eRxM9GBMRuaM=&transform=true
38513,https://files2.veracross.com/unishanoi/legacy_files/325627?auth=eyJhbGciOiJIUzI1NiIsInR5cCI6IkpXVCJ9.eyJkYXRhYmFzZSI6InVuaXNoYW5vaSIsInVzZXJuYW1lIjoiZHZjaHV5ZW5AdW5pc2hhbm9pLm9yZyIsImZpbGVfcGsiOjMyNTYyNywidGFibGVfbmFtZSI6IlBlcnNvbiIsInJlY29yZF9mayI6Mzg1MTMsImV4cCI6MTc3MzUzMTAwMH0=.OaMMF5YVYF1i1YqOXbpBnG6DynqR2dpLroERzoMvumg=&transform=true
38670,https://files2.veracross.com/unishanoi/legacy_files/325643?auth=eyJhbGciOiJIUzI1NiIsInR5cCI6IkpXVCJ9.eyJkYXRhYmFzZSI6InVuaXNoYW5vaSIsInVzZXJuYW1lIjoiZHZjaHV5ZW5AdW5pc2hhbm9pLm9yZyIsImZpbGVfcGsiOjMyNTY0MywidGFibGVfbmFtZSI6IlBlcnNvbiIsInJlY29yZF9mayI6Mzg2NzAsImV4cCI6MTc3MzUzMTAwMH0=.YrLv3jw4f5Nn9QV3O0Xsl8uZiB57_DMlr8bFw94NZvs=&transform=true
38722,https://files2.veracross.com/unishanoi/legacy_files/324947?auth=eyJhbGciOiJIUzI1NiIsInR5cCI6IkpXVCJ9.eyJkYXRhYmFzZSI6InVuaXNoYW5vaSIsInVzZXJuYW1lIjoiZHZjaHV5ZW5AdW5pc2hhbm9pLm9yZyIsImZpbGVfcGsiOjMyNDk0NywidGFibGVfbmFtZSI6IlBlcnNvbiIsInJlY29yZF9mayI6Mzg3MjIsImV4cCI6MTc3MzUzMTAwMH0=.hHlrLiaqrLBAv9fVSGtw75zMLMk0soXgf6FcpcJYT8M=&transform=true
38766,https://files2.veracross.com/unishanoi/legacy_files/325301?auth=eyJhbGciOiJIUzI1NiIsInR5cCI6IkpXVCJ9.eyJkYXRhYmFzZSI6InVuaXNoYW5vaSIsInVzZXJuYW1lIjoiZHZjaHV5ZW5AdW5pc2hhbm9pLm9yZyIsImZpbGVfcGsiOjMyNTMwMSwidGFibGVfbmFtZSI6IlBlcnNvbiIsInJlY29yZF9mayI6Mzg3NjYsImV4cCI6MTc3MzUzMTAwMH0=.TpVzyadb4DHpVn4-G6F6_uVDC_5xv3ac-gGb2NRSgCo=&transform=true
38782,https://files2.veracross.com/unishanoi/legacy_files/315248?auth=eyJhbGciOiJIUzI1NiIsInR5cCI6IkpXVCJ9.eyJkYXRhYmFzZSI6InVuaXNoYW5vaSIsInVzZXJuYW1lIjoiZHZjaHV5ZW5AdW5pc2hhbm9pLm9yZyIsImZpbGVfcGsiOjMxNTI0OCwidGFibGVfbmFtZSI6IlBlcnNvbiIsInJlY29yZF9mayI6Mzg3ODIsImV4cCI6MTc3MzUzMTAwMH0=.ctDFaGGNzJ3zhSt6RFYdE9owyAp4-SHrrg4Fqn-Pmx0=&transform=true
38813,https://files2.veracross.com/unishanoi/legacy_files/325210?auth=eyJhbGciOiJIUzI1NiIsInR5cCI6IkpXVCJ9.eyJkYXRhYmFzZSI6InVuaXNoYW5vaSIsInVzZXJuYW1lIjoiZHZjaHV5ZW5AdW5pc2hhbm9pLm9yZyIsImZpbGVfcGsiOjMyNTIxMCwidGFibGVfbmFtZSI6IlBlcnNvbiIsInJlY29yZF9mayI6Mzg4MTMsImV4cCI6MTc3MzUzMTAwMH0=.cKMyvySCt-MLlBsUcYDg_DkFhPfFkzXQWExTBRETh_g=&transform=true
38817,https://files2.veracross.com/unishanoi/legacy_files/325118?auth=eyJhbGciOiJIUzI1NiIsInR5cCI6IkpXVCJ9.eyJkYXRhYmFzZSI6InVuaXNoYW5vaSIsInVzZXJuYW1lIjoiZHZjaHV5ZW5AdW5pc2hhbm9pLm9yZyIsImZpbGVfcGsiOjMyNTExOCwidGFibGVfbmFtZSI6IlBlcnNvbiIsInJlY29yZF9mayI6Mzg4MTcsImV4cCI6MTc3MzUzMTAwMH0=.JozQTaBf6BxDREX9RVyS_YZSEA-9HnTvQ4ExVsq4vrQ=&transform=true
38865,https://files2.veracross.com/unishanoi/legacy_files/324935?auth=eyJhbGciOiJIUzI1NiIsInR5cCI6IkpXVCJ9.eyJkYXRhYmFzZSI6InVuaXNoYW5vaSIsInVzZXJuYW1lIjoiZHZjaHV5ZW5AdW5pc2hhbm9pLm9yZyIsImZpbGVfcGsiOjMyNDkzNSwidGFibGVfbmFtZSI6IlBlcnNvbiIsInJlY29yZF9mayI6Mzg4NjUsImV4cCI6MTc3MzUzMTAwMH0=.IQwSxipwMOPP7_A1_BX-NEItbPzU891IfYy8nJ6QvYQ=&transform=true
38873,https://files2.veracross.com/unishanoi/legacy_files/325035?auth=eyJhbGciOiJIUzI1NiIsInR5cCI6IkpXVCJ9.eyJkYXRhYmFzZSI6InVuaXNoYW5vaSIsInVzZXJuYW1lIjoiZHZjaHV5ZW5AdW5pc2hhbm9pLm9yZyIsImZpbGVfcGsiOjMyNTAzNSwidGFibGVfbmFtZSI6IlBlcnNvbiIsInJlY29yZF9mayI6Mzg4NzMsImV4cCI6MTc3MzUzMTAwMH0=.V5NUgLDyV0KTX2dIDR6DrQEQ1HPB8SnJQ-FFXvv-yI8=&transform=true
38882,https://files2.veracross.com/unishanoi/legacy_files/296111?auth=eyJhbGciOiJIUzI1NiIsInR5cCI6IkpXVCJ9.eyJkYXRhYmFzZSI6InVuaXNoYW5vaSIsInVzZXJuYW1lIjoiZHZjaHV5ZW5AdW5pc2hhbm9pLm9yZyIsImZpbGVfcGsiOjI5NjExMSwidGFibGVfbmFtZSI6IlBlcnNvbiIsInJlY29yZF9mayI6Mzg4ODIsImV4cCI6MTc3MzUzMTAwMH0=.yj-hgQvQov_xi67sOzlQf1sLInFgPhEteQKiEQu9W0k=&transform=true
39111,https://files2.veracross.com/unishanoi/legacy_files/326296?auth=eyJhbGciOiJIUzI1NiIsInR5cCI6IkpXVCJ9.eyJkYXRhYmFzZSI6InVuaXNoYW5vaSIsInVzZXJuYW1lIjoiZHZjaHV5ZW5AdW5pc2hhbm9pLm9yZyIsImZpbGVfcGsiOjMyNjI5NiwidGFibGVfbmFtZSI6IlBlcnNvbiIsInJlY29yZF9mayI6MzkxMTEsImV4cCI6MTc3MzUzMTAwMH0=.CLL5m9QLel7yOWEO8zlB0An2gWlRfzIfvn-XwwGr9u4=&transform=true
39134,https://files2.veracross.com/unishanoi/legacy_files/325309?auth=eyJhbGciOiJIUzI1NiIsInR5cCI6IkpXVCJ9.eyJkYXRhYmFzZSI6InVuaXNoYW5vaSIsInVzZXJuYW1lIjoiZHZjaHV5ZW5AdW5pc2hhbm9pLm9yZyIsImZpbGVfcGsiOjMyNTMwOSwidGFibGVfbmFtZSI6IlBlcnNvbiIsInJlY29yZF9mayI6MzkxMzQsImV4cCI6MTc3MzUzMTAwMH0=.ND9TzaaMIvnjByLZwsab_uNmDcq82b4Qgi0pNtTM-SA=&transform=true
39135,https://files2.veracross.com/unishanoi/legacy_files/325317?auth=eyJhbGciOiJIUzI1NiIsInR5cCI6IkpXVCJ9.eyJkYXRhYmFzZSI6InVuaXNoYW5vaSIsInVzZXJuYW1lIjoiZHZjaHV5ZW5AdW5pc2hhbm9pLm9yZyIsImZpbGVfcGsiOjMyNTMxNywidGFibGVfbmFtZSI6IlBlcnNvbiIsInJlY29yZF9mayI6MzkxMzUsImV4cCI6MTc3MzUzMTAwMH0=.AMwfgpLY9Trj0XarJis-5j7xF61iOszlLxN50I1TToQ=&transform=true
39187,https://files2.veracross.com/unishanoi/legacy_files/325762?auth=eyJhbGciOiJIUzI1NiIsInR5cCI6IkpXVCJ9.eyJkYXRhYmFzZSI6InVuaXNoYW5vaSIsInVzZXJuYW1lIjoiZHZjaHV5ZW5AdW5pc2hhbm9pLm9yZyIsImZpbGVfcGsiOjMyNTc2MiwidGFibGVfbmFtZSI6IlBlcnNvbiIsInJlY29yZF9mayI6MzkxODcsImV4cCI6MTc3MzUzMTAwMH0=.e706xq598PtXJ32Ab949yxYT4AInrlgqh_xa5-BTa-4=&transform=true
39490,https://files2.veracross.com/unishanoi/legacy_files/325383?auth=eyJhbGciOiJIUzI1NiIsInR5cCI6IkpXVCJ9.eyJkYXRhYmFzZSI6InVuaXNoYW5vaSIsInVzZXJuYW1lIjoiZHZjaHV5ZW5AdW5pc2hhbm9pLm9yZyIsImZpbGVfcGsiOjMyNTM4MywidGFibGVfbmFtZSI6IlBlcnNvbiIsInJlY29yZF9mayI6Mzk0OTAsImV4cCI6MTc3MzUzMTAwMH0=.4qRFrTHq72y7zNpJs1o5cNSscZTdwzwE7ybOOKgK8Vo=&transform=true
39505,https://files2.veracross.com/unishanoi/legacy_files/325060?auth=eyJhbGciOiJIUzI1NiIsInR5cCI6IkpXVCJ9.eyJkYXRhYmFzZSI6InVuaXNoYW5vaSIsInVzZXJuYW1lIjoiZHZjaHV5ZW5AdW5pc2hhbm9pLm9yZyIsImZpbGVfcGsiOjMyNTA2MCwidGFibGVfbmFtZSI6IlBlcnNvbiIsInJlY29yZF9mayI6Mzk1MDUsImV4cCI6MTc3MzUzMTAwMH0=.EDmx1KTSY3RGAVnGiSXIlVJ1mcTFMomUBw5Ap80kMBI=&transform=true
39506,https://files2.veracross.com/unishanoi/legacy_files/325123?auth=eyJhbGciOiJIUzI1NiIsInR5cCI6IkpXVCJ9.eyJkYXRhYmFzZSI6InVuaXNoYW5vaSIsInVzZXJuYW1lIjoiZHZjaHV5ZW5AdW5pc2hhbm9pLm9yZyIsImZpbGVfcGsiOjMyNTEyMywidGFibGVfbmFtZSI6IlBlcnNvbiIsInJlY29yZF9mayI6Mzk1MDYsImV4cCI6MTc3MzUzMTAwMH0=.DySqphhQVgrwOyDD7pUrpSPSPLgqyPcqn21TjQb_QaY=&transform=true
39561,https://files2.veracross.com/unishanoi/legacy_files/324973?auth=eyJhbGciOiJIUzI1NiIsInR5cCI6IkpXVCJ9.eyJkYXRhYmFzZSI6InVuaXNoYW5vaSIsInVzZXJuYW1lIjoiZHZjaHV5ZW5AdW5pc2hhbm9pLm9yZyIsImZpbGVfcGsiOjMyNDk3MywidGFibGVfbmFtZSI6IlBlcnNvbiIsInJlY29yZF9mayI6Mzk1NjEsImV4cCI6MTc3MzUzMTAwMH0=.Tuiy-Vp0dtmB17PThQhyCbnG8_r5q-2SLbkPAY4XB2E=&transform=true
39579,https://files2.veracross.com/unishanoi/legacy_files/325709?auth=eyJhbGciOiJIUzI1NiIsInR5cCI6IkpXVCJ9.eyJkYXRhYmFzZSI6InVuaXNoYW5vaSIsInVzZXJuYW1lIjoiZHZjaHV5ZW5AdW5pc2hhbm9pLm9yZyIsImZpbGVfcGsiOjMyNTcwOSwidGFibGVfbmFtZSI6IlBlcnNvbiIsInJlY29yZF9mayI6Mzk1NzksImV4cCI6MTc3MzUzMTAwMH0=.HUY2to41nf28LntsorfMc_OETF3IW5DouAAadhTwvM0=&transform=true
40281,https://files2.veracross.com/unishanoi/legacy_files/325787?auth=eyJhbGciOiJIUzI1NiIsInR5cCI6IkpXVCJ9.eyJkYXRhYmFzZSI6InVuaXNoYW5vaSIsInVzZXJuYW1lIjoiZHZjaHV5ZW5AdW5pc2hhbm9pLm9yZyIsImZpbGVfcGsiOjMyNTc4NywidGFibGVfbmFtZSI6IlBlcnNvbiIsInJlY29yZF9mayI6NDAyODEsImV4cCI6MTc3MzUzMTAwMH0=.SzdXan4A8AuCfcgSOW4lntTPaxu2OkaaVpVr-vfTf7M=&transform=true
40282,https://files2.veracross.com/unishanoi/legacy_files/325866?auth=eyJhbGciOiJIUzI1NiIsInR5cCI6IkpXVCJ9.eyJkYXRhYmFzZSI6InVuaXNoYW5vaSIsInVzZXJuYW1lIjoiZHZjaHV5ZW5AdW5pc2hhbm9pLm9yZyIsImZpbGVfcGsiOjMyNTg2NiwidGFibGVfbmFtZSI6IlBlcnNvbiIsInJlY29yZF9mayI6NDAyODIsImV4cCI6MTc3MzUzMTAwMH0=.9JZ5Pe_E3BvUeYSPUwvxMkFiidgg45G0Tk5yaPUDlW0=&transform=true
40817,https://files2.veracross.com/unishanoi/legacy_files/325474?auth=eyJhbGciOiJIUzI1NiIsInR5cCI6IkpXVCJ9.eyJkYXRhYmFzZSI6InVuaXNoYW5vaSIsInVzZXJuYW1lIjoiZHZjaHV5ZW5AdW5pc2hhbm9pLm9yZyIsImZpbGVfcGsiOjMyNTQ3NCwidGFibGVfbmFtZSI6IlBlcnNvbiIsInJlY29yZF9mayI6NDA4MTcsImV4cCI6MTc3MzUzMTAwMH0=.QU-C6rlBn7Ujf2uwemEQjniKwgfqBtGhEtZinulYctA=&transform=true
40901,https://files2.veracross.com/unishanoi/legacy_files/325780?auth=eyJhbGciOiJIUzI1NiIsInR5cCI6IkpXVCJ9.eyJkYXRhYmFzZSI6InVuaXNoYW5vaSIsInVzZXJuYW1lIjoiZHZjaHV5ZW5AdW5pc2hhbm9pLm9yZyIsImZpbGVfcGsiOjMyNTc4MCwidGFibGVfbmFtZSI6IlBlcnNvbiIsInJlY29yZF9mayI6NDA5MDEsImV4cCI6MTc3MzUzMTAwMH0=.Vn_-6EvCk1kY2O6yfkofwWYhsCOOCMVps9u9AN-ZD5A=&transform=true
40934,https://files2.veracross.com/unishanoi/legacy_files/324978?auth=eyJhbGciOiJIUzI1NiIsInR5cCI6IkpXVCJ9.eyJkYXRhYmFzZSI6InVuaXNoYW5vaSIsInVzZXJuYW1lIjoiZHZjaHV5ZW5AdW5pc2hhbm9pLm9yZyIsImZpbGVfcGsiOjMyNDk3OCwidGFibGVfbmFtZSI6IlBlcnNvbiIsInJlY29yZF9mayI6NDA5MzQsImV4cCI6MTc3MzUzMTAwMH0=._iFwBR8qVGVKToaQvogIggIhRYzuaI0ToRqROOOB-3Q=&transform=true
40967,https://files2.veracross.com/unishanoi/legacy_files/325436?auth=eyJhbGciOiJIUzI1NiIsInR5cCI6IkpXVCJ9.eyJkYXRhYmFzZSI6InVuaXNoYW5vaSIsInVzZXJuYW1lIjoiZHZjaHV5ZW5AdW5pc2hhbm9pLm9yZyIsImZpbGVfcGsiOjMyNTQzNiwidGFibGVfbmFtZSI6IlBlcnNvbiIsInJlY29yZF9mayI6NDA5NjcsImV4cCI6MTc3MzUzMTAwMH0=.CGhZzEQjemfGCxC1i0dRutcHgPr60KaIfEqQJTAZ4d8=&transform=true
41063,https://files2.veracross.com/unishanoi/legacy_files/325488?auth=eyJhbGciOiJIUzI1NiIsInR5cCI6IkpXVCJ9.eyJkYXRhYmFzZSI6InVuaXNoYW5vaSIsInVzZXJuYW1lIjoiZHZjaHV5ZW5AdW5pc2hhbm9pLm9yZyIsImZpbGVfcGsiOjMyNTQ4OCwidGFibGVfbmFtZSI6IlBlcnNvbiIsInJlY29yZF9mayI6NDEwNjMsImV4cCI6MTc3MzUzMTAwMH0=.LnNgqL6FuuuP6zHZSGanAGEInqok0iXSyPDFIsfMOlw=&transform=true
43163,https://files2.veracross.com/unishanoi/legacy_files/325633?auth=eyJhbGciOiJIUzI1NiIsInR5cCI6IkpXVCJ9.eyJkYXRhYmFzZSI6InVuaXNoYW5vaSIsInVzZXJuYW1lIjoiZHZjaHV5ZW5AdW5pc2hhbm9pLm9yZyIsImZpbGVfcGsiOjMyNTYzMywidGFibGVfbmFtZSI6IlBlcnNvbiIsInJlY29yZF9mayI6NDMxNjMsImV4cCI6MTc3MzUzMTAwMH0=.aU6QQrD1Bj2zM5Ozo5N7QwFtcuXiYuz6QSkYHdAErlU=&transform=true
43345,https://files2.veracross.com/unishanoi/legacy_files/325024?auth=eyJhbGciOiJIUzI1NiIsInR5cCI6IkpXVCJ9.eyJkYXRhYmFzZSI6InVuaXNoYW5vaSIsInVzZXJuYW1lIjoiZHZjaHV5ZW5AdW5pc2hhbm9pLm9yZyIsImZpbGVfcGsiOjMyNTAyNCwidGFibGVfbmFtZSI6IlBlcnNvbiIsInJlY29yZF9mayI6NDMzNDUsImV4cCI6MTc3MzUzMTAwMH0=.G3OnSelMcYtEi9HkOIvW8RsP6KFkZOgPiUbnci2cghQ=&transform=true
43346,https://files2.veracross.com/unishanoi/legacy_files/324970?auth=eyJhbGciOiJIUzI1NiIsInR5cCI6IkpXVCJ9.eyJkYXRhYmFzZSI6InVuaXNoYW5vaSIsInVzZXJuYW1lIjoiZHZjaHV5ZW5AdW5pc2hhbm9pLm9yZyIsImZpbGVfcGsiOjMyNDk3MCwidGFibGVfbmFtZSI6IlBlcnNvbiIsInJlY29yZF9mayI6NDMzNDYsImV4cCI6MTc3MzUzMTAwMH0=.QXKgUPIz0hpP-vyTwu-zsw7DyWzHmuGSFKeUCmsy1VA=&transform=true
43347,https://files2.veracross.com/unishanoi/legacy_files/324939?auth=eyJhbGciOiJIUzI1NiIsInR5cCI6IkpXVCJ9.eyJkYXRhYmFzZSI6InVuaXNoYW5vaSIsInVzZXJuYW1lIjoiZHZjaHV5ZW5AdW5pc2hhbm9pLm9yZyIsImZpbGVfcGsiOjMyNDkzOSwidGFibGVfbmFtZSI6IlBlcnNvbiIsInJlY29yZF9mayI6NDMzNDcsImV4cCI6MTc3MzUzMTAwMH0=.Sp2JUkktmxE1i6pfE8Y1svTx1iDqGtoMCAxdB-7MwO0=&transform=true
43382,https://files2.veracross.com/unishanoi/legacy_files/324816?auth=eyJhbGciOiJIUzI1NiIsInR5cCI6IkpXVCJ9.eyJkYXRhYmFzZSI6InVuaXNoYW5vaSIsInVzZXJuYW1lIjoiZHZjaHV5ZW5AdW5pc2hhbm9pLm9yZyIsImZpbGVfcGsiOjMyNDgxNiwidGFibGVfbmFtZSI6IlBlcnNvbiIsInJlY29yZF9mayI6NDMzODIsImV4cCI6MTc3MzUzMTAwMH0=.skshJTMW4Bb8PmFFkvpbkVsuMUUow4taArf6iR5JyTU=&transform=true
43383,https://files2.veracross.com/unishanoi/legacy_files/324834?auth=eyJhbGciOiJIUzI1NiIsInR5cCI6IkpXVCJ9.eyJkYXRhYmFzZSI6InVuaXNoYW5vaSIsInVzZXJuYW1lIjoiZHZjaHV5ZW5AdW5pc2hhbm9pLm9yZyIsImZpbGVfcGsiOjMyNDgzNCwidGFibGVfbmFtZSI6IlBlcnNvbiIsInJlY29yZF9mayI6NDMzODMsImV4cCI6MTc3MzUzMTAwMH0=.bOVz6ngkZ1sNivu3twwHQ_tAJPGRBhCEWxdL_0BNQhs=&transform=true
43481,https://files2.veracross.com/unishanoi/legacy_files/325184?auth=eyJhbGciOiJIUzI1NiIsInR5cCI6IkpXVCJ9.eyJkYXRhYmFzZSI6InVuaXNoYW5vaSIsInVzZXJuYW1lIjoiZHZjaHV5ZW5AdW5pc2hhbm9pLm9yZyIsImZpbGVfcGsiOjMyNTE4NCwidGFibGVfbmFtZSI6IlBlcnNvbiIsInJlY29yZF9mayI6NDM0ODEsImV4cCI6MTc3MzUzMTAwMH0=.xg64ThfqTuZ5l7TEn8ukamvutI66g0CnL2rq96suFrI=&transform=true
43638,https://files2.veracross.com/unishanoi/legacy_files/325617?auth=eyJhbGciOiJIUzI1NiIsInR5cCI6IkpXVCJ9.eyJkYXRhYmFzZSI6InVuaXNoYW5vaSIsInVzZXJuYW1lIjoiZHZjaHV5ZW5AdW5pc2hhbm9pLm9yZyIsImZpbGVfcGsiOjMyNTYxNywidGFibGVfbmFtZSI6IlBlcnNvbiIsInJlY29yZF9mayI6NDM2MzgsImV4cCI6MTc3MzUzMTAwMH0=.ak8VE-45d2x2ze5T2bHBB0VGpreSuyLMwdi6WJtPGzE=&transform=true
43684,https://files2.veracross.com/unishanoi/legacy_files/325075?auth=eyJhbGciOiJIUzI1NiIsInR5cCI6IkpXVCJ9.eyJkYXRhYmFzZSI6InVuaXNoYW5vaSIsInVzZXJuYW1lIjoiZHZjaHV5ZW5AdW5pc2hhbm9pLm9yZyIsImZpbGVfcGsiOjMyNTA3NSwidGFibGVfbmFtZSI6IlBlcnNvbiIsInJlY29yZF9mayI6NDM2ODQsImV4cCI6MTc3MzUzMTAwMH0=.vZS7vHBwfeRRzEXE5RyNNxRwcNfGZrxpv0CEAK9ahFA=&transform=true
43710,https://files2.veracross.com/unishanoi/legacy_files/325362?auth=eyJhbGciOiJIUzI1NiIsInR5cCI6IkpXVCJ9.eyJkYXRhYmFzZSI6InVuaXNoYW5vaSIsInVzZXJuYW1lIjoiZHZjaHV5ZW5AdW5pc2hhbm9pLm9yZyIsImZpbGVfcGsiOjMyNTM2MiwidGFibGVfbmFtZSI6IlBlcnNvbiIsInJlY29yZF9mayI6NDM3MTAsImV4cCI6MTc3MzUzMTAwMH0=.1vaMF9D45m862yHXO4n-sWYXtwxX0Bxha8-rU1m4lF4=&transform=true
44079,https://files2.veracross.com/unishanoi/legacy_files/325525?auth=eyJhbGciOiJIUzI1NiIsInR5cCI6IkpXVCJ9.eyJkYXRhYmFzZSI6InVuaXNoYW5vaSIsInVzZXJuYW1lIjoiZHZjaHV5ZW5AdW5pc2hhbm9pLm9yZyIsImZpbGVfcGsiOjMyNTUyNSwidGFibGVfbmFtZSI6IlBlcnNvbiIsInJlY29yZF9mayI6NDQwNzksImV4cCI6MTc3MzUzMTAwMH0=.OyCyC9A0S5ALRgk9rluPa956OHidE1z_AckBEhH6F5M=&transform=true
44094,https://files2.veracross.com/unishanoi/legacy_files/325368?auth=eyJhbGciOiJIUzI1NiIsInR5cCI6IkpXVCJ9.eyJkYXRhYmFzZSI6InVuaXNoYW5vaSIsInVzZXJuYW1lIjoiZHZjaHV5ZW5AdW5pc2hhbm9pLm9yZyIsImZpbGVfcGsiOjMyNTM2OCwidGFibGVfbmFtZSI6IlBlcnNvbiIsInJlY29yZF9mayI6NDQwOTQsImV4cCI6MTc3MzUzMTAwMH0=.EooVDrFwDxbA_idndWBSUbQ_XN4CmzrTrLapoR0GzAM=&transform=true
44095,https://files2.veracross.com/unishanoi/legacy_files/325445?auth=eyJhbGciOiJIUzI1NiIsInR5cCI6IkpXVCJ9.eyJkYXRhYmFzZSI6InVuaXNoYW5vaSIsInVzZXJuYW1lIjoiZHZjaHV5ZW5AdW5pc2hhbm9pLm9yZyIsImZpbGVfcGsiOjMyNTQ0NSwidGFibGVfbmFtZSI6IlBlcnNvbiIsInJlY29yZF9mayI6NDQwOTUsImV4cCI6MTc3MzUzMTAwMH0=.nEpzZnPU-aOKkfajVPf5L2ZCGyqGNJ_c1NNqfsn2jhU=&transform=true
44242,https://files2.veracross.com/unishanoi/legacy_files/325293?auth=eyJhbGciOiJIUzI1NiIsInR5cCI6IkpXVCJ9.eyJkYXRhYmFzZSI6InVuaXNoYW5vaSIsInVzZXJuYW1lIjoiZHZjaHV5ZW5AdW5pc2hhbm9pLm9yZyIsImZpbGVfcGsiOjMyNTI5MywidGFibGVfbmFtZSI6IlBlcnNvbiIsInJlY29yZF9mayI6NDQyNDIsImV4cCI6MTc3MzUzMTAwMH0=.0FO6eEuH5KYMiKsSO171941heCRfeEVjzW5GoODfJ2w=&transform=true
44366,https://files2.veracross.com/unishanoi/legacy_files/324944?auth=eyJhbGciOiJIUzI1NiIsInR5cCI6IkpXVCJ9.eyJkYXRhYmFzZSI6InVuaXNoYW5vaSIsInVzZXJuYW1lIjoiZHZjaHV5ZW5AdW5pc2hhbm9pLm9yZyIsImZpbGVfcGsiOjMyNDk0NCwidGFibGVfbmFtZSI6IlBlcnNvbiIsInJlY29yZF9mayI6NDQzNjYsImV4cCI6MTc3MzUzMTAwMH0=.l5JG0aeYw8ppP32nXuz6zRit0HiyZAn2E9jJcCvs2oM=&transform=true
44367,https://files2.veracross.com/unishanoi/legacy_files/324967?auth=eyJhbGciOiJIUzI1NiIsInR5cCI6IkpXVCJ9.eyJkYXRhYmFzZSI6InVuaXNoYW5vaSIsInVzZXJuYW1lIjoiZHZjaHV5ZW5AdW5pc2hhbm9pLm9yZyIsImZpbGVfcGsiOjMyNDk2NywidGFibGVfbmFtZSI6IlBlcnNvbiIsInJlY29yZF9mayI6NDQzNjcsImV4cCI6MTc3MzUzMTAwMH0=.7Og3OlCNBNKEywcW622uEw1DDnsEP9UVu9ik14ivQvo=&transform=true
44381,https://files2.veracross.com/unishanoi/legacy_files/325684?auth=eyJhbGciOiJIUzI1NiIsInR5cCI6IkpXVCJ9.eyJkYXRhYmFzZSI6InVuaXNoYW5vaSIsInVzZXJuYW1lIjoiZHZjaHV5ZW5AdW5pc2hhbm9pLm9yZyIsImZpbGVfcGsiOjMyNTY4NCwidGFibGVfbmFtZSI6IlBlcnNvbiIsInJlY29yZF9mayI6NDQzODEsImV4cCI6MTc3MzUzMTAwMH0=.56fFVfc4_V9GDzbCsopGzc7GqlvBxK1AOyNHpWsGyGg=&transform=true
44382,https://files2.veracross.com/unishanoi/legacy_files/325613?auth=eyJhbGciOiJIUzI1NiIsInR5cCI6IkpXVCJ9.eyJkYXRhYmFzZSI6InVuaXNoYW5vaSIsInVzZXJuYW1lIjoiZHZjaHV5ZW5AdW5pc2hhbm9pLm9yZyIsImZpbGVfcGsiOjMyNTYxMywidGFibGVfbmFtZSI6IlBlcnNvbiIsInJlY29yZF9mayI6NDQzODIsImV4cCI6MTc3MzUzMTAwMH0=.Vnv1KeWTqxhbgdYYt4a8Z_W06U6iRaMqiMA1SRUwPTs=&transform=true
44425,https://files2.veracross.com/unishanoi/legacy_files/325706?auth=eyJhbGciOiJIUzI1NiIsInR5cCI6IkpXVCJ9.eyJkYXRhYmFzZSI6InVuaXNoYW5vaSIsInVzZXJuYW1lIjoiZHZjaHV5ZW5AdW5pc2hhbm9pLm9yZyIsImZpbGVfcGsiOjMyNTcwNiwidGFibGVfbmFtZSI6IlBlcnNvbiIsInJlY29yZF9mayI6NDQ0MjUsImV4cCI6MTc3MzUzMTAwMH0=.mYiMGj693B0n2n-X_rMTfZ7JLuZpzzqhv56oNabFJ4U=&transform=true
44610,https://files2.veracross.com/unishanoi/legacy_files/324821?auth=eyJhbGciOiJIUzI1NiIsInR5cCI6IkpXVCJ9.eyJkYXRhYmFzZSI6InVuaXNoYW5vaSIsInVzZXJuYW1lIjoiZHZjaHV5ZW5AdW5pc2hhbm9pLm9yZyIsImZpbGVfcGsiOjMyNDgyMSwidGFibGVfbmFtZSI6IlBlcnNvbiIsInJlY29yZF9mayI6NDQ2MTAsImV4cCI6MTc3MzUzMTAwMH0=.uXfnOf7Z6Io8LtLdhg9NnKeXrS3HRqlgimX3hv9A63s=&transform=true
44620,https://files2.veracross.com/unishanoi/legacy_files/325819?auth=eyJhbGciOiJIUzI1NiIsInR5cCI6IkpXVCJ9.eyJkYXRhYmFzZSI6InVuaXNoYW5vaSIsInVzZXJuYW1lIjoiZHZjaHV5ZW5AdW5pc2hhbm9pLm9yZyIsImZpbGVfcGsiOjMyNTgxOSwidGFibGVfbmFtZSI6IlBlcnNvbiIsInJlY29yZF9mayI6NDQ2MjAsImV4cCI6MTc3MzUzMTAwMH0=.pQv3PhYviZHJQMH_nGPKklQyZRA8CHJxoq-iH7rMC3s=&transform=true
44621,https://files2.veracross.com/unishanoi/legacy_files/325833?auth=eyJhbGciOiJIUzI1NiIsInR5cCI6IkpXVCJ9.eyJkYXRhYmFzZSI6InVuaXNoYW5vaSIsInVzZXJuYW1lIjoiZHZjaHV5ZW5AdW5pc2hhbm9pLm9yZyIsImZpbGVfcGsiOjMyNTgzMywidGFibGVfbmFtZSI6IlBlcnNvbiIsInJlY29yZF9mayI6NDQ2MjEsImV4cCI6MTc3MzUzMTAwMH0=.-fR4h3r5U_470QXzUplk1zrskVkxAtVLHxCNUPCqTE4=&transform=true
44956,https://files2.veracross.com/unishanoi/legacy_files/324857?auth=eyJhbGciOiJIUzI1NiIsInR5cCI6IkpXVCJ9.eyJkYXRhYmFzZSI6InVuaXNoYW5vaSIsInVzZXJuYW1lIjoiZHZjaHV5ZW5AdW5pc2hhbm9pLm9yZyIsImZpbGVfcGsiOjMyNDg1NywidGFibGVfbmFtZSI6IlBlcnNvbiIsInJlY29yZF9mayI6NDQ5NTYsImV4cCI6MTc3MzUzMTAwMH0=.Yuc0V75UrfqW3jJARHmQInK6rGtVY90eQ2BTl6KdyyM=&transform=true
44957,https://files2.veracross.com/unishanoi/legacy_files/324805?auth=eyJhbGciOiJIUzI1NiIsInR5cCI6IkpXVCJ9.eyJkYXRhYmFzZSI6InVuaXNoYW5vaSIsInVzZXJuYW1lIjoiZHZjaHV5ZW5AdW5pc2hhbm9pLm9yZyIsImZpbGVfcGsiOjMyNDgwNSwidGFibGVfbmFtZSI6IlBlcnNvbiIsInJlY29yZF9mayI6NDQ5NTcsImV4cCI6MTc3MzUzMTAwMH0=.GUprZgs1ANXJjbCiaV89dpljmMPXhue1W4fDTE9oXcU=&transform=true
45096,https://files2.veracross.com/unishanoi/legacy_files/324886?auth=eyJhbGciOiJIUzI1NiIsInR5cCI6IkpXVCJ9.eyJkYXRhYmFzZSI6InVuaXNoYW5vaSIsInVzZXJuYW1lIjoiZHZjaHV5ZW5AdW5pc2hhbm9pLm9yZyIsImZpbGVfcGsiOjMyNDg4NiwidGFibGVfbmFtZSI6IlBlcnNvbiIsInJlY29yZF9mayI6NDUwOTYsImV4cCI6MTc3MzUzMTAwMH0=.NKSAaUISJFOY4CMkQLHU8qBc7A6oxDg6UNVzV75ZpxY=&transform=true
45114,https://files2.veracross.com/unishanoi/legacy_files/325671?auth=eyJhbGciOiJIUzI1NiIsInR5cCI6IkpXVCJ9.eyJkYXRhYmFzZSI6InVuaXNoYW5vaSIsInVzZXJuYW1lIjoiZHZjaHV5ZW5AdW5pc2hhbm9pLm9yZyIsImZpbGVfcGsiOjMyNTY3MSwidGFibGVfbmFtZSI6IlBlcnNvbiIsInJlY29yZF9mayI6NDUxMTQsImV4cCI6MTc3MzUzMTAwMH0=.QlWh2w7hqDaZfbCMS1gOTWayceMFAL-0e9GzN_sPZpo=&transform=true
45308,https://files2.veracross.com/unishanoi/legacy_files/324797?auth=eyJhbGciOiJIUzI1NiIsInR5cCI6IkpXVCJ9.eyJkYXRhYmFzZSI6InVuaXNoYW5vaSIsInVzZXJuYW1lIjoiZHZjaHV5ZW5AdW5pc2hhbm9pLm9yZyIsImZpbGVfcGsiOjMyNDc5NywidGFibGVfbmFtZSI6IlBlcnNvbiIsInJlY29yZF9mayI6NDUzMDgsImV4cCI6MTc3MzUzMTAwMH0=.RDA8Wv9NnShqkL9sbdw8HPPrUukpBCJVOvMKLU3tDEg=&transform=true
45309,https://files2.veracross.com/unishanoi/legacy_files/324860?auth=eyJhbGciOiJIUzI1NiIsInR5cCI6IkpXVCJ9.eyJkYXRhYmFzZSI6InVuaXNoYW5vaSIsInVzZXJuYW1lIjoiZHZjaHV5ZW5AdW5pc2hhbm9pLm9yZyIsImZpbGVfcGsiOjMyNDg2MCwidGFibGVfbmFtZSI6IlBlcnNvbiIsInJlY29yZF9mayI6NDUzMDksImV4cCI6MTc3MzUzMTAwMH0=.wxHaXPgwHzUTCPu-r5qqV228YC4CWh8eXDnhfdKHr2k=&transform=true
45590,https://files2.veracross.com/unishanoi/legacy_files/325142?auth=eyJhbGciOiJIUzI1NiIsInR5cCI6IkpXVCJ9.eyJkYXRhYmFzZSI6InVuaXNoYW5vaSIsInVzZXJuYW1lIjoiZHZjaHV5ZW5AdW5pc2hhbm9pLm9yZyIsImZpbGVfcGsiOjMyNTE0MiwidGFibGVfbmFtZSI6IlBlcnNvbiIsInJlY29yZF9mayI6NDU1OTAsImV4cCI6MTc3MzUzMTAwMH0=.AHFGupg-Cnkd3LbrYEFmg9sWuEjZxKG8jmr_zj8EL6I=&transform=true
45605,https://files2.veracross.com/unishanoi/legacy_files/325373?auth=eyJhbGciOiJIUzI1NiIsInR5cCI6IkpXVCJ9.eyJkYXRhYmFzZSI6InVuaXNoYW5vaSIsInVzZXJuYW1lIjoiZHZjaHV5ZW5AdW5pc2hhbm9pLm9yZyIsImZpbGVfcGsiOjMyNTM3MywidGFibGVfbmFtZSI6IlBlcnNvbiIsInJlY29yZF9mayI6NDU2MDUsImV4cCI6MTc3MzUzMTAwMH0=.6u7uNGOdSnGzScN700lXMm0qTwDqkfyOQcmfjOhsvR0=&transform=true
45697,https://files2.veracross.com/unishanoi/legacy_files/325031?auth=eyJhbGciOiJIUzI1NiIsInR5cCI6IkpXVCJ9.eyJkYXRhYmFzZSI6InVuaXNoYW5vaSIsInVzZXJuYW1lIjoiZHZjaHV5ZW5AdW5pc2hhbm9pLm9yZyIsImZpbGVfcGsiOjMyNTAzMSwidGFibGVfbmFtZSI6IlBlcnNvbiIsInJlY29yZF9mayI6NDU2OTcsImV4cCI6MTc3MzUzMTAwMH0=.aZREHFrkD3jfHISnRTpvYDt_401vuBHzY6STrov6-JM=&transform=true
45729,https://files2.veracross.com/unishanoi/legacy_files/325845?auth=eyJhbGciOiJIUzI1NiIsInR5cCI6IkpXVCJ9.eyJkYXRhYmFzZSI6InVuaXNoYW5vaSIsInVzZXJuYW1lIjoiZHZjaHV5ZW5AdW5pc2hhbm9pLm9yZyIsImZpbGVfcGsiOjMyNTg0NSwidGFibGVfbmFtZSI6IlBlcnNvbiIsInJlY29yZF9mayI6NDU3MjksImV4cCI6MTc3MzUzMTAwMH0=.gxSZoSBbHcmKNQhkl1l7_ps6TWDQxau9KKZ53SHttfw=&transform=true
45765,https://files2.veracross.com/unishanoi/legacy_files/325385?auth=eyJhbGciOiJIUzI1NiIsInR5cCI6IkpXVCJ9.eyJkYXRhYmFzZSI6InVuaXNoYW5vaSIsInVzZXJuYW1lIjoiZHZjaHV5ZW5AdW5pc2hhbm9pLm9yZyIsImZpbGVfcGsiOjMyNTM4NSwidGFibGVfbmFtZSI6IlBlcnNvbiIsInJlY29yZF9mayI6NDU3NjUsImV4cCI6MTc3MzUzMTAwMH0=.iA__qUmpsa9xePK9t6uBFtPocz8sqUHsCIhNHKKhpKA=&transform=true
45812,https://files2.veracross.com/unishanoi/legacy_files/325178?auth=eyJhbGciOiJIUzI1NiIsInR5cCI6IkpXVCJ9.eyJkYXRhYmFzZSI6InVuaXNoYW5vaSIsInVzZXJuYW1lIjoiZHZjaHV5ZW5AdW5pc2hhbm9pLm9yZyIsImZpbGVfcGsiOjMyNTE3OCwidGFibGVfbmFtZSI6IlBlcnNvbiIsInJlY29yZF9mayI6NDU4MTIsImV4cCI6MTc3MzUzMTAwMH0=.ebVA-6E_VmmU7j9cs9tavr90e0M6OOYtRc-BAlrfl7E=&transform=true
45873,https://files2.veracross.com/unishanoi/legacy_files/325029?auth=eyJhbGciOiJIUzI1NiIsInR5cCI6IkpXVCJ9.eyJkYXRhYmFzZSI6InVuaXNoYW5vaSIsInVzZXJuYW1lIjoiZHZjaHV5ZW5AdW5pc2hhbm9pLm9yZyIsImZpbGVfcGsiOjMyNTAyOSwidGFibGVfbmFtZSI6IlBlcnNvbiIsInJlY29yZF9mayI6NDU4NzMsImV4cCI6MTc3MzUzMTAwMH0=._5C6PxvWaK8_hYZNRztaYhH-RivTQgxPTPcM7kE3QgM=&transform=true
45874,https://files2.veracross.com/unishanoi/legacy_files/324873?auth=eyJhbGciOiJIUzI1NiIsInR5cCI6IkpXVCJ9.eyJkYXRhYmFzZSI6InVuaXNoYW5vaSIsInVzZXJuYW1lIjoiZHZjaHV5ZW5AdW5pc2hhbm9pLm9yZyIsImZpbGVfcGsiOjMyNDg3MywidGFibGVfbmFtZSI6IlBlcnNvbiIsInJlY29yZF9mayI6NDU4NzQsImV4cCI6MTc3MzUzMTAwMH0=.AszJJw5kC_56gnK3xS-Sf55k65GCIwwvxIZ6cVgylQU=&transform=true
45892,https://files2.veracross.com/unishanoi/legacy_files/325782?auth=eyJhbGciOiJIUzI1NiIsInR5cCI6IkpXVCJ9.eyJkYXRhYmFzZSI6InVuaXNoYW5vaSIsInVzZXJuYW1lIjoiZHZjaHV5ZW5AdW5pc2hhbm9pLm9yZyIsImZpbGVfcGsiOjMyNTc4MiwidGFibGVfbmFtZSI6IlBlcnNvbiIsInJlY29yZF9mayI6NDU4OTIsImV4cCI6MTc3MzUzMTAwMH0=.ev0g2l7FE-kGqkyR22jpdtKGJh7taxzTVb49bMj3kfc=&transform=true
45912,https://files2.veracross.com/unishanoi/legacy_files/325005?auth=eyJhbGciOiJIUzI1NiIsInR5cCI6IkpXVCJ9.eyJkYXRhYmFzZSI6InVuaXNoYW5vaSIsInVzZXJuYW1lIjoiZHZjaHV5ZW5AdW5pc2hhbm9pLm9yZyIsImZpbGVfcGsiOjMyNTAwNSwidGFibGVfbmFtZSI6IlBlcnNvbiIsInJlY29yZF9mayI6NDU5MTIsImV4cCI6MTc3MzUzMTAwMH0=.UMY_Id-F-g_U9HS4uBKfF8Rb25dx-__2CNbyCKSlNyI=&transform=true
45959,https://files2.veracross.com/unishanoi/legacy_files/325241?auth=eyJhbGciOiJIUzI1NiIsInR5cCI6IkpXVCJ9.eyJkYXRhYmFzZSI6InVuaXNoYW5vaSIsInVzZXJuYW1lIjoiZHZjaHV5ZW5AdW5pc2hhbm9pLm9yZyIsImZpbGVfcGsiOjMyNTI0MSwidGFibGVfbmFtZSI6IlBlcnNvbiIsInJlY29yZF9mayI6NDU5NTksImV4cCI6MTc3MzUzMTAwMH0=.my2t9gIsB2zwW-Gi6rmYYw2Ll4ymh48mPXcBLCL0DjI=&transform=true
46057,https://files2.veracross.com/unishanoi/legacy_files/325481?auth=eyJhbGciOiJIUzI1NiIsInR5cCI6IkpXVCJ9.eyJkYXRhYmFzZSI6InVuaXNoYW5vaSIsInVzZXJuYW1lIjoiZHZjaHV5ZW5AdW5pc2hhbm9pLm9yZyIsImZpbGVfcGsiOjMyNTQ4MSwidGFibGVfbmFtZSI6IlBlcnNvbiIsInJlY29yZF9mayI6NDYwNTcsImV4cCI6MTc3MzUzMTAwMH0=.fw2KVd6UEUAi4D0MjSHiQsIb_cR2D6YeOisEzuScL08=&transform=true
46074,https://files2.veracross.com/unishanoi/legacy_files/325257?auth=eyJhbGciOiJIUzI1NiIsInR5cCI6IkpXVCJ9.eyJkYXRhYmFzZSI6InVuaXNoYW5vaSIsInVzZXJuYW1lIjoiZHZjaHV5ZW5AdW5pc2hhbm9pLm9yZyIsImZpbGVfcGsiOjMyNTI1NywidGFibGVfbmFtZSI6IlBlcnNvbiIsInJlY29yZF9mayI6NDYwNzQsImV4cCI6MTc3MzUzMTAwMH0=.Zs1SbXi5KAwyIiHzzDAga9II6mGoVrI1eVdybeVpsaQ=&transform=true
46194,https://files2.veracross.com/unishanoi/legacy_files/325799?auth=eyJhbGciOiJIUzI1NiIsInR5cCI6IkpXVCJ9.eyJkYXRhYmFzZSI6InVuaXNoYW5vaSIsInVzZXJuYW1lIjoiZHZjaHV5ZW5AdW5pc2hhbm9pLm9yZyIsImZpbGVfcGsiOjMyNTc5OSwidGFibGVfbmFtZSI6IlBlcnNvbiIsInJlY29yZF9mayI6NDYxOTQsImV4cCI6MTc3MzUzMTAwMH0=.XYF60gtxgTDx-xeKOsXpVwujOIKw2cyuToMrmmWu_VI=&transform=true
46248,https://files2.veracross.com/unishanoi/legacy_files/325180?auth=eyJhbGciOiJIUzI1NiIsInR5cCI6IkpXVCJ9.eyJkYXRhYmFzZSI6InVuaXNoYW5vaSIsInVzZXJuYW1lIjoiZHZjaHV5ZW5AdW5pc2hhbm9pLm9yZyIsImZpbGVfcGsiOjMyNTE4MCwidGFibGVfbmFtZSI6IlBlcnNvbiIsInJlY29yZF9mayI6NDYyNDgsImV4cCI6MTc3MzUzMTAwMH0=.oRCu6UqcbezF1Ne7EJ9b6_CX6Rl3nKESP79tJjM8xUU=&transform=true
46249,https://files2.veracross.com/unishanoi/legacy_files/325208?auth=eyJhbGciOiJIUzI1NiIsInR5cCI6IkpXVCJ9.eyJkYXRhYmFzZSI6InVuaXNoYW5vaSIsInVzZXJuYW1lIjoiZHZjaHV5ZW5AdW5pc2hhbm9pLm9yZyIsImZpbGVfcGsiOjMyNTIwOCwidGFibGVfbmFtZSI6IlBlcnNvbiIsInJlY29yZF9mayI6NDYyNDksImV4cCI6MTc3MzUzMTAwMH0=.rN8RB3G-xaqrfdrjtSH0UGXm_240-6pno5NvLVQaAf0=&transform=true
46268,https://files2.veracross.com/unishanoi/legacy_files/325500?auth=eyJhbGciOiJIUzI1NiIsInR5cCI6IkpXVCJ9.eyJkYXRhYmFzZSI6InVuaXNoYW5vaSIsInVzZXJuYW1lIjoiZHZjaHV5ZW5AdW5pc2hhbm9pLm9yZyIsImZpbGVfcGsiOjMyNTUwMCwidGFibGVfbmFtZSI6IlBlcnNvbiIsInJlY29yZF9mayI6NDYyNjgsImV4cCI6MTc3MzUzMTAwMH0=.uo3_gPdV6jemD73Qp85zwfpADGk1JOEkWri5fRwVAJE=&transform=true
46353,https://files2.veracross.com/unishanoi/legacy_files/325666?auth=eyJhbGciOiJIUzI1NiIsInR5cCI6IkpXVCJ9.eyJkYXRhYmFzZSI6InVuaXNoYW5vaSIsInVzZXJuYW1lIjoiZHZjaHV5ZW5AdW5pc2hhbm9pLm9yZyIsImZpbGVfcGsiOjMyNTY2NiwidGFibGVfbmFtZSI6IlBlcnNvbiIsInJlY29yZF9mayI6NDYzNTMsImV4cCI6MTc3MzUzMTAwMH0=.jXBWB9VHAoKe3If7hIWVYuTdAifdFO2XbEmKX8r6L1M=&transform=true
46536,https://res.cloudinary.com/veracross/image/upload/v1590100679/default.png
46572,https://files2.veracross.com/unishanoi/legacy_files/325000?auth=eyJhbGciOiJIUzI1NiIsInR5cCI6IkpXVCJ9.eyJkYXRhYmFzZSI6InVuaXNoYW5vaSIsInVzZXJuYW1lIjoiZHZjaHV5ZW5AdW5pc2hhbm9pLm9yZyIsImZpbGVfcGsiOjMyNTAwMCwidGFibGVfbmFtZSI6IlBlcnNvbiIsInJlY29yZF9mayI6NDY1NzIsImV4cCI6MTc3MzUzMTAwMH0=.NADOk4sZ2TT6x3MZLfEGBvdgFpX7GTbpXuT4DSl0lto=&transform=true
46602,https://files2.veracross.com/unishanoi/legacy_files/324862?auth=eyJhbGciOiJIUzI1NiIsInR5cCI6IkpXVCJ9.eyJkYXRhYmFzZSI6InVuaXNoYW5vaSIsInVzZXJuYW1lIjoiZHZjaHV5ZW5AdW5pc2hhbm9pLm9yZyIsImZpbGVfcGsiOjMyNDg2MiwidGFibGVfbmFtZSI6IlBlcnNvbiIsInJlY29yZF9mayI6NDY2MDIsImV4cCI6MTc3MzUzMTAwMH0=.bYHBCkatMrPz22ayHihDKIxRGpGa2kxGBA15AOHsVy0=&transform=true
47168,https://files2.veracross.com/unishanoi/legacy_files/325265?auth=eyJhbGciOiJIUzI1NiIsInR5cCI6IkpXVCJ9.eyJkYXRhYmFzZSI6InVuaXNoYW5vaSIsInVzZXJuYW1lIjoiZHZjaHV5ZW5AdW5pc2hhbm9pLm9yZyIsImZpbGVfcGsiOjMyNTI2NSwidGFibGVfbmFtZSI6IlBlcnNvbiIsInJlY29yZF9mayI6NDcxNjgsImV4cCI6MTc3MzUzMTAwMH0=.2bB7RsOjH1N75bVT_yqziOS3yFPlS1kEqIukvDX_ivk=&transform=true
47209,https://files2.veracross.com/unishanoi/legacy_files/325223?auth=eyJhbGciOiJIUzI1NiIsInR5cCI6IkpXVCJ9.eyJkYXRhYmFzZSI6InVuaXNoYW5vaSIsInVzZXJuYW1lIjoiZHZjaHV5ZW5AdW5pc2hhbm9pLm9yZyIsImZpbGVfcGsiOjMyNTIyMywidGFibGVfbmFtZSI6IlBlcnNvbiIsInJlY29yZF9mayI6NDcyMDksImV4cCI6MTc3MzUzMTAwMH0=.JhAMfBzrT3gTFQLyNFH2K0rEbhNH4f4yojvC-B8w2Go=&transform=true
47212,https://files2.veracross.com/unishanoi/legacy_files/309395?auth=eyJhbGciOiJIUzI1NiIsInR5cCI6IkpXVCJ9.eyJkYXRhYmFzZSI6InVuaXNoYW5vaSIsInVzZXJuYW1lIjoiZHZjaHV5ZW5AdW5pc2hhbm9pLm9yZyIsImZpbGVfcGsiOjMwOTM5NSwidGFibGVfbmFtZSI6IlBlcnNvbiIsInJlY29yZF9mayI6NDcyMTIsImV4cCI6MTc3MzUzMTAwMH0=.ZyNETCXfYyMxNSv9sG8tcFsrBZoxyUNoQiz3sHXFYHY=&transform=true
47214,https://files2.veracross.com/unishanoi/legacy_files/325519?auth=eyJhbGciOiJIUzI1NiIsInR5cCI6IkpXVCJ9.eyJkYXRhYmFzZSI6InVuaXNoYW5vaSIsInVzZXJuYW1lIjoiZHZjaHV5ZW5AdW5pc2hhbm9pLm9yZyIsImZpbGVfcGsiOjMyNTUxOSwidGFibGVfbmFtZSI6IlBlcnNvbiIsInJlY29yZF9mayI6NDcyMTQsImV4cCI6MTc3MzUzMTAwMH0=.tJwykJCZjS0euIfZgbvwSnPdyjJ-gTw_fFPFQ7ShDGI=&transform=true
47217,https://files2.veracross.com/unishanoi/legacy_files/325592?auth=eyJhbGciOiJIUzI1NiIsInR5cCI6IkpXVCJ9.eyJkYXRhYmFzZSI6InVuaXNoYW5vaSIsInVzZXJuYW1lIjoiZHZjaHV5ZW5AdW5pc2hhbm9pLm9yZyIsImZpbGVfcGsiOjMyNTU5MiwidGFibGVfbmFtZSI6IlBlcnNvbiIsInJlY29yZF9mayI6NDcyMTcsImV4cCI6MTc3MzUzMTAwMH0=.Esx8W7V4t9Q7SJYQ5y6pusKeYHs9g3u_pwK4tTCUPK4=&transform=true
47404,https://files2.veracross.com/unishanoi/legacy_files/325552?auth=eyJhbGciOiJIUzI1NiIsInR5cCI6IkpXVCJ9.eyJkYXRhYmFzZSI6InVuaXNoYW5vaSIsInVzZXJuYW1lIjoiZHZjaHV5ZW5AdW5pc2hhbm9pLm9yZyIsImZpbGVfcGsiOjMyNTU1MiwidGFibGVfbmFtZSI6IlBlcnNvbiIsInJlY29yZF9mayI6NDc0MDQsImV4cCI6MTc3MzUzMTAwMH0=.pS3LUT_sGPD7sE98gAw_zCAZjenllxL926ExHY4zvRw=&transform=true
47421,https://files2.veracross.com/unishanoi/legacy_files/325080?auth=eyJhbGciOiJIUzI1NiIsInR5cCI6IkpXVCJ9.eyJkYXRhYmFzZSI6InVuaXNoYW5vaSIsInVzZXJuYW1lIjoiZHZjaHV5ZW5AdW5pc2hhbm9pLm9yZyIsImZpbGVfcGsiOjMyNTA4MCwidGFibGVfbmFtZSI6IlBlcnNvbiIsInJlY29yZF9mayI6NDc0MjEsImV4cCI6MTc3MzUzMTAwMH0=.qiZu4jHRzF1SGRMW0G3HU43mRVLqyseWLH-xeqMGfp0=&transform=true
47570,https://files2.veracross.com/unishanoi/legacy_files/325523?auth=eyJhbGciOiJIUzI1NiIsInR5cCI6IkpXVCJ9.eyJkYXRhYmFzZSI6InVuaXNoYW5vaSIsInVzZXJuYW1lIjoiZHZjaHV5ZW5AdW5pc2hhbm9pLm9yZyIsImZpbGVfcGsiOjMyNTUyMywidGFibGVfbmFtZSI6IlBlcnNvbiIsInJlY29yZF9mayI6NDc1NzAsImV4cCI6MTc3MzUzMTAwMH0=.-9AQELffeeBJqVeNj_znZkYF0jHQHpOMGFTy3iFEOhg=&transform=true
47620,https://files2.veracross.com/unishanoi/legacy_files/325152?auth=eyJhbGciOiJIUzI1NiIsInR5cCI6IkpXVCJ9.eyJkYXRhYmFzZSI6InVuaXNoYW5vaSIsInVzZXJuYW1lIjoiZHZjaHV5ZW5AdW5pc2hhbm9pLm9yZyIsImZpbGVfcGsiOjMyNTE1MiwidGFibGVfbmFtZSI6IlBlcnNvbiIsInJlY29yZF9mayI6NDc2MjAsImV4cCI6MTc3MzUzMTAwMH0=.OwuDmrn3pd2CIO3EaXJWdFYZpIat7dBhgslxkD8Wo7o=&transform=true
47667,https://files2.veracross.com/unishanoi/legacy_files/325777?auth=eyJhbGciOiJIUzI1NiIsInR5cCI6IkpXVCJ9.eyJkYXRhYmFzZSI6InVuaXNoYW5vaSIsInVzZXJuYW1lIjoiZHZjaHV5ZW5AdW5pc2hhbm9pLm9yZyIsImZpbGVfcGsiOjMyNTc3NywidGFibGVfbmFtZSI6IlBlcnNvbiIsInJlY29yZF9mayI6NDc2NjcsImV4cCI6MTc3MzUzMTAwMH0=.B-EJjgs2v8DcRU95OFUyk8rcU9yj0snheD1ZsyUZqVc=&transform=true
47700,https://files2.veracross.com/unishanoi/legacy_files/325606?auth=eyJhbGciOiJIUzI1NiIsInR5cCI6IkpXVCJ9.eyJkYXRhYmFzZSI6InVuaXNoYW5vaSIsInVzZXJuYW1lIjoiZHZjaHV5ZW5AdW5pc2hhbm9pLm9yZyIsImZpbGVfcGsiOjMyNTYwNiwidGFibGVfbmFtZSI6IlBlcnNvbiIsInJlY29yZF9mayI6NDc3MDAsImV4cCI6MTc3MzUzMTAwMH0=.lzX_hIJCZ4LRC0ngDlS8HXByyiXFjbJC4YFu8Tpz89Y=&transform=true
47701,https://files2.veracross.com/unishanoi/legacy_files/325646?auth=eyJhbGciOiJIUzI1NiIsInR5cCI6IkpXVCJ9.eyJkYXRhYmFzZSI6InVuaXNoYW5vaSIsInVzZXJuYW1lIjoiZHZjaHV5ZW5AdW5pc2hhbm9pLm9yZyIsImZpbGVfcGsiOjMyNTY0NiwidGFibGVfbmFtZSI6IlBlcnNvbiIsInJlY29yZF9mayI6NDc3MDEsImV4cCI6MTc3MzUzMTAwMH0=.4tDK5ALGMQenI98D58_3no29UFL96rOUX2dEbFAvRHA=&transform=true
47709,https://files2.veracross.com/unishanoi/legacy_files/324809?auth=eyJhbGciOiJIUzI1NiIsInR5cCI6IkpXVCJ9.eyJkYXRhYmFzZSI6InVuaXNoYW5vaSIsInVzZXJuYW1lIjoiZHZjaHV5ZW5AdW5pc2hhbm9pLm9yZyIsImZpbGVfcGsiOjMyNDgwOSwidGFibGVfbmFtZSI6IlBlcnNvbiIsInJlY29yZF9mayI6NDc3MDksImV4cCI6MTc3MzUzMTAwMH0=.P-696TeNCR8UDk8KpuLhF2GDuyxqCrsWabdc8RfDCyw=&transform=true
47789,https://files2.veracross.com/unishanoi/legacy_files/325336?auth=eyJhbGciOiJIUzI1NiIsInR5cCI6IkpXVCJ9.eyJkYXRhYmFzZSI6InVuaXNoYW5vaSIsInVzZXJuYW1lIjoiZHZjaHV5ZW5AdW5pc2hhbm9pLm9yZyIsImZpbGVfcGsiOjMyNTMzNiwidGFibGVfbmFtZSI6IlBlcnNvbiIsInJlY29yZF9mayI6NDc3ODksImV4cCI6MTc3MzUzMTAwMH0=.GSMwrzCmmtiSfkXB6regiFg1fzqQxxOcnSYoXbZnjiw=&transform=true
47791,https://files2.veracross.com/unishanoi/legacy_files/325269?auth=eyJhbGciOiJIUzI1NiIsInR5cCI6IkpXVCJ9.eyJkYXRhYmFzZSI6InVuaXNoYW5vaSIsInVzZXJuYW1lIjoiZHZjaHV5ZW5AdW5pc2hhbm9pLm9yZyIsImZpbGVfcGsiOjMyNTI2OSwidGFibGVfbmFtZSI6IlBlcnNvbiIsInJlY29yZF9mayI6NDc3OTEsImV4cCI6MTc3MzUzMTAwMH0=.aV8Hb0jilgyF6SIKkTzO7eLanEsyuOLCLg9DiQaWmE8=&transform=true
47807,https://files2.veracross.com/unishanoi/legacy_files/325149?auth=eyJhbGciOiJIUzI1NiIsInR5cCI6IkpXVCJ9.eyJkYXRhYmFzZSI6InVuaXNoYW5vaSIsInVzZXJuYW1lIjoiZHZjaHV5ZW5AdW5pc2hhbm9pLm9yZyIsImZpbGVfcGsiOjMyNTE0OSwidGFibGVfbmFtZSI6IlBlcnNvbiIsInJlY29yZF9mayI6NDc4MDcsImV4cCI6MTc3MzUzMTAwMH0=.LYI8N8mby8gBvSzNLTBlGrofEEDBRA3liXPFI8uCKiQ=&transform=true
47808,https://files2.veracross.com/unishanoi/legacy_files/328251?auth=eyJhbGciOiJIUzI1NiIsInR5cCI6IkpXVCJ9.eyJkYXRhYmFzZSI6InVuaXNoYW5vaSIsInVzZXJuYW1lIjoiZHZjaHV5ZW5AdW5pc2hhbm9pLm9yZyIsImZpbGVfcGsiOjMyODI1MSwidGFibGVfbmFtZSI6IlBlcnNvbiIsInJlY29yZF9mayI6NDc4MDgsImV4cCI6MTc3MzUzMTAwMH0=.aNGP8iv6Y_ebAFP6fdDLnDexgHG52rn5dStmq7EGSAI=&transform=true
47812,https://files2.veracross.com/unishanoi/legacy_files/325127?auth=eyJhbGciOiJIUzI1NiIsInR5cCI6IkpXVCJ9.eyJkYXRhYmFzZSI6InVuaXNoYW5vaSIsInVzZXJuYW1lIjoiZHZjaHV5ZW5AdW5pc2hhbm9pLm9yZyIsImZpbGVfcGsiOjMyNTEyNywidGFibGVfbmFtZSI6IlBlcnNvbiIsInJlY29yZF9mayI6NDc4MTIsImV4cCI6MTc3MzUzMTAwMH0=.JVi5rSk0TufFeGIKtSJad4YPRNwdUllj_L9w3TRWSCI=&transform=true
47816,https://files2.veracross.com/unishanoi/legacy_files/325200?auth=eyJhbGciOiJIUzI1NiIsInR5cCI6IkpXVCJ9.eyJkYXRhYmFzZSI6InVuaXNoYW5vaSIsInVzZXJuYW1lIjoiZHZjaHV5ZW5AdW5pc2hhbm9pLm9yZyIsImZpbGVfcGsiOjMyNTIwMCwidGFibGVfbmFtZSI6IlBlcnNvbiIsInJlY29yZF9mayI6NDc4MTYsImV4cCI6MTc3MzUzMTAwMH0=.TS7Y5aSXcMZURVptkhw4ZHmDBVItFJcGQvxJwiQgwjI=&transform=true
47867,https://files2.veracross.com/unishanoi/legacy_files/324836?auth=eyJhbGciOiJIUzI1NiIsInR5cCI6IkpXVCJ9.eyJkYXRhYmFzZSI6InVuaXNoYW5vaSIsInVzZXJuYW1lIjoiZHZjaHV5ZW5AdW5pc2hhbm9pLm9yZyIsImZpbGVfcGsiOjMyNDgzNiwidGFibGVfbmFtZSI6IlBlcnNvbiIsInJlY29yZF9mayI6NDc4NjcsImV4cCI6MTc3MzUzMTAwMH0=.F6Ok4RAbyNPGE_vva5cqdGIyloBsGMAVoLTzZR_6tgE=&transform=true
47870,https://files2.veracross.com/unishanoi/legacy_files/324898?auth=eyJhbGciOiJIUzI1NiIsInR5cCI6IkpXVCJ9.eyJkYXRhYmFzZSI6InVuaXNoYW5vaSIsInVzZXJuYW1lIjoiZHZjaHV5ZW5AdW5pc2hhbm9pLm9yZyIsImZpbGVfcGsiOjMyNDg5OCwidGFibGVfbmFtZSI6IlBlcnNvbiIsInJlY29yZF9mayI6NDc4NzAsImV4cCI6MTc3MzUzMTAwMH0=.-k4Vpj-fUBBro-ATNwzhkDMMtLaLxAvfppb7lH7i9DI=&transform=true
47871,https://files2.veracross.com/unishanoi/legacy_files/324885?auth=eyJhbGciOiJIUzI1NiIsInR5cCI6IkpXVCJ9.eyJkYXRhYmFzZSI6InVuaXNoYW5vaSIsInVzZXJuYW1lIjoiZHZjaHV5ZW5AdW5pc2hhbm9pLm9yZyIsImZpbGVfcGsiOjMyNDg4NSwidGFibGVfbmFtZSI6IlBlcnNvbiIsInJlY29yZF9mayI6NDc4NzEsImV4cCI6MTc3MzUzMTAwMH0=.Vp4mXdJPA4UozGokJUVGXPJat0YPppyan72hzvsjhzE=&transform=true
47891,https://files2.veracross.com/unishanoi/legacy_files/325641?auth=eyJhbGciOiJIUzI1NiIsInR5cCI6IkpXVCJ9.eyJkYXRhYmFzZSI6InVuaXNoYW5vaSIsInVzZXJuYW1lIjoiZHZjaHV5ZW5AdW5pc2hhbm9pLm9yZyIsImZpbGVfcGsiOjMyNTY0MSwidGFibGVfbmFtZSI6IlBlcnNvbiIsInJlY29yZF9mayI6NDc4OTEsImV4cCI6MTc3MzUzMTAwMH0=.89ohokGNbamnaEOZmLKloTU9CV4xXaJNcTrz6-luP5g=&transform=true
47924,https://files2.veracross.com/unishanoi/legacy_files/325674?auth=eyJhbGciOiJIUzI1NiIsInR5cCI6IkpXVCJ9.eyJkYXRhYmFzZSI6InVuaXNoYW5vaSIsInVzZXJuYW1lIjoiZHZjaHV5ZW5AdW5pc2hhbm9pLm9yZyIsImZpbGVfcGsiOjMyNTY3NCwidGFibGVfbmFtZSI6IlBlcnNvbiIsInJlY29yZF9mayI6NDc5MjQsImV4cCI6MTc3MzUzMTAwMH0=.revVk7wvGcDMfCoumn8Y5gBEcb0-l8UcWmP2xUA3k-I=&transform=true
48011,https://files2.veracross.com/unishanoi/legacy_files/324965?auth=eyJhbGciOiJIUzI1NiIsInR5cCI6IkpXVCJ9.eyJkYXRhYmFzZSI6InVuaXNoYW5vaSIsInVzZXJuYW1lIjoiZHZjaHV5ZW5AdW5pc2hhbm9pLm9yZyIsImZpbGVfcGsiOjMyNDk2NSwidGFibGVfbmFtZSI6IlBlcnNvbiIsInJlY29yZF9mayI6NDgwMTEsImV4cCI6MTc3MzUzMTAwMH0=.4l12ydymxOmf9aT5Yftm34J3n3R7ppXg8vGeFzvg91U=&transform=true
48012,https://files2.veracross.com/unishanoi/legacy_files/325017?auth=eyJhbGciOiJIUzI1NiIsInR5cCI6IkpXVCJ9.eyJkYXRhYmFzZSI6InVuaXNoYW5vaSIsInVzZXJuYW1lIjoiZHZjaHV5ZW5AdW5pc2hhbm9pLm9yZyIsImZpbGVfcGsiOjMyNTAxNywidGFibGVfbmFtZSI6IlBlcnNvbiIsInJlY29yZF9mayI6NDgwMTIsImV4cCI6MTc3MzUzMTAwMH0=.QakoCTip9SsbizraAFeH8Cn1RngWPUXDRPgOAsGxdQI=&transform=true
48015,https://files2.veracross.com/unishanoi/legacy_files/324888?auth=eyJhbGciOiJIUzI1NiIsInR5cCI6IkpXVCJ9.eyJkYXRhYmFzZSI6InVuaXNoYW5vaSIsInVzZXJuYW1lIjoiZHZjaHV5ZW5AdW5pc2hhbm9pLm9yZyIsImZpbGVfcGsiOjMyNDg4OCwidGFibGVfbmFtZSI6IlBlcnNvbiIsInJlY29yZF9mayI6NDgwMTUsImV4cCI6MTc3MzUzMTAwMH0=.Tnjlzpu9pIfSuFy5Ed9Qz5XOn_XlZOZXLUC4s9mycWE=&transform=true
48016,https://files2.veracross.com/unishanoi/legacy_files/326240?auth=eyJhbGciOiJIUzI1NiIsInR5cCI6IkpXVCJ9.eyJkYXRhYmFzZSI6InVuaXNoYW5vaSIsInVzZXJuYW1lIjoiZHZjaHV5ZW5AdW5pc2hhbm9pLm9yZyIsImZpbGVfcGsiOjMyNjI0MCwidGFibGVfbmFtZSI6IlBlcnNvbiIsInJlY29yZF9mayI6NDgwMTYsImV4cCI6MTc3MzUzMTAwMH0=.a85Dls3JJk8cSaWRZolCjM1Y4G7YNpT6qYxPMnDvVGk=&transform=true
48040,https://files2.veracross.com/unishanoi/legacy_files/325304?auth=eyJhbGciOiJIUzI1NiIsInR5cCI6IkpXVCJ9.eyJkYXRhYmFzZSI6InVuaXNoYW5vaSIsInVzZXJuYW1lIjoiZHZjaHV5ZW5AdW5pc2hhbm9pLm9yZyIsImZpbGVfcGsiOjMyNTMwNCwidGFibGVfbmFtZSI6IlBlcnNvbiIsInJlY29yZF9mayI6NDgwNDAsImV4cCI6MTc3MzUzMTAwMH0=.dhupphWRNOmllsiaVqzWGdyCfAJ-iDPOYVITYRJFtls=&transform=true
48042,https://files2.veracross.com/unishanoi/legacy_files/325412?auth=eyJhbGciOiJIUzI1NiIsInR5cCI6IkpXVCJ9.eyJkYXRhYmFzZSI6InVuaXNoYW5vaSIsInVzZXJuYW1lIjoiZHZjaHV5ZW5AdW5pc2hhbm9pLm9yZyIsImZpbGVfcGsiOjMyNTQxMiwidGFibGVfbmFtZSI6IlBlcnNvbiIsInJlY29yZF9mayI6NDgwNDIsImV4cCI6MTc3MzUzMTAwMH0=.7Ib4EcJPcRkZXRMbAoSRzhyN7WGhZD-pZ_J6CV20PDg=&transform=true
48045,https://files2.veracross.com/unishanoi/legacy_files/325551?auth=eyJhbGciOiJIUzI1NiIsInR5cCI6IkpXVCJ9.eyJkYXRhYmFzZSI6InVuaXNoYW5vaSIsInVzZXJuYW1lIjoiZHZjaHV5ZW5AdW5pc2hhbm9pLm9yZyIsImZpbGVfcGsiOjMyNTU1MSwidGFibGVfbmFtZSI6IlBlcnNvbiIsInJlY29yZF9mayI6NDgwNDUsImV4cCI6MTc3MzUzMTAwMH0=.rjSfoIZ6aBg7bBbtAToJCM8RxRgN8bvJ7t2RQE3O27U=&transform=true
48046,https://files2.veracross.com/unishanoi/legacy_files/325476?auth=eyJhbGciOiJIUzI1NiIsInR5cCI6IkpXVCJ9.eyJkYXRhYmFzZSI6InVuaXNoYW5vaSIsInVzZXJuYW1lIjoiZHZjaHV5ZW5AdW5pc2hhbm9pLm9yZyIsImZpbGVfcGsiOjMyNTQ3NiwidGFibGVfbmFtZSI6IlBlcnNvbiIsInJlY29yZF9mayI6NDgwNDYsImV4cCI6MTc3MzUzMTAwMH0=.AMcUhjoYInknwHl3ikj7pDyQpKifSDzXZ7bNWrnoVaw=&transform=true
48055,https://files2.veracross.com/unishanoi/legacy_files/325319?auth=eyJhbGciOiJIUzI1NiIsInR5cCI6IkpXVCJ9.eyJkYXRhYmFzZSI6InVuaXNoYW5vaSIsInVzZXJuYW1lIjoiZHZjaHV5ZW5AdW5pc2hhbm9pLm9yZyIsImZpbGVfcGsiOjMyNTMxOSwidGFibGVfbmFtZSI6IlBlcnNvbiIsInJlY29yZF9mayI6NDgwNTUsImV4cCI6MTc3MzUzMTAwMH0=.HiBvx4uz1HQxYeIDpKr9M8-O_RE0hm1fZUwi7StLz9M=&transform=true
48062,https://files2.veracross.com/unishanoi/legacy_files/329424?auth=eyJhbGciOiJIUzI1NiIsInR5cCI6IkpXVCJ9.eyJkYXRhYmFzZSI6InVuaXNoYW5vaSIsInVzZXJuYW1lIjoiZHZjaHV5ZW5AdW5pc2hhbm9pLm9yZyIsImZpbGVfcGsiOjMyOTQyNCwidGFibGVfbmFtZSI6IlBlcnNvbiIsInJlY29yZF9mayI6NDgwNjIsImV4cCI6MTc3MzUzMTAwMH0=.mn4lDBz8XytDde1yehE6bTo1ghZSdRl1YwYl1wmvKM4=&transform=true
48084,https://files2.veracross.com/unishanoi/legacy_files/325484?auth=eyJhbGciOiJIUzI1NiIsInR5cCI6IkpXVCJ9.eyJkYXRhYmFzZSI6InVuaXNoYW5vaSIsInVzZXJuYW1lIjoiZHZjaHV5ZW5AdW5pc2hhbm9pLm9yZyIsImZpbGVfcGsiOjMyNTQ4NCwidGFibGVfbmFtZSI6IlBlcnNvbiIsInJlY29yZF9mayI6NDgwODQsImV4cCI6MTc3MzUzMTAwMH0=.Oi1MtQsiXYzdAcNCZx-j3tGWS8kRMiqbLTxx-lhxmok=&transform=true
48121,https://files2.veracross.com/unishanoi/legacy_files/325349?auth=eyJhbGciOiJIUzI1NiIsInR5cCI6IkpXVCJ9.eyJkYXRhYmFzZSI6InVuaXNoYW5vaSIsInVzZXJuYW1lIjoiZHZjaHV5ZW5AdW5pc2hhbm9pLm9yZyIsImZpbGVfcGsiOjMyNTM0OSwidGFibGVfbmFtZSI6IlBlcnNvbiIsInJlY29yZF9mayI6NDgxMjEsImV4cCI6MTc3MzUzMTAwMH0=.EgMuiqMQvv-OIwVUBUfUHkxdmQev0mEwbZvtdGfpGXk=&transform=true
48182,https://files2.veracross.com/unishanoi/legacy_files/325723?auth=eyJhbGciOiJIUzI1NiIsInR5cCI6IkpXVCJ9.eyJkYXRhYmFzZSI6InVuaXNoYW5vaSIsInVzZXJuYW1lIjoiZHZjaHV5ZW5AdW5pc2hhbm9pLm9yZyIsImZpbGVfcGsiOjMyNTcyMywidGFibGVfbmFtZSI6IlBlcnNvbiIsInJlY29yZF9mayI6NDgxODIsImV4cCI6MTc3MzUzMTAwMH0=.xxNc3mKHqtZTTHIaROxtBI5-1kCUr5Fy7aZNkusysGY=&transform=true
48183,https://files2.veracross.com/unishanoi/legacy_files/325662?auth=eyJhbGciOiJIUzI1NiIsInR5cCI6IkpXVCJ9.eyJkYXRhYmFzZSI6InVuaXNoYW5vaSIsInVzZXJuYW1lIjoiZHZjaHV5ZW5AdW5pc2hhbm9pLm9yZyIsImZpbGVfcGsiOjMyNTY2MiwidGFibGVfbmFtZSI6IlBlcnNvbiIsInJlY29yZF9mayI6NDgxODMsImV4cCI6MTc3MzUzMTAwMH0=.yFqolxvmPeh0RikFd3OwsOQLPHl4uYLyRyv5Rh8Y2jc=&transform=true
48196,https://files2.veracross.com/unishanoi/legacy_files/325722?auth=eyJhbGciOiJIUzI1NiIsInR5cCI6IkpXVCJ9.eyJkYXRhYmFzZSI6InVuaXNoYW5vaSIsInVzZXJuYW1lIjoiZHZjaHV5ZW5AdW5pc2hhbm9pLm9yZyIsImZpbGVfcGsiOjMyNTcyMiwidGFibGVfbmFtZSI6IlBlcnNvbiIsInJlY29yZF9mayI6NDgxOTYsImV4cCI6MTc3MzUzMTAwMH0=.scixEu_4X6kPJKL3jbzcYE1kPfjy3K7CmS1yFsgy61g=&transform=true
48211,https://files2.veracross.com/unishanoi/legacy_files/324998?auth=eyJhbGciOiJIUzI1NiIsInR5cCI6IkpXVCJ9.eyJkYXRhYmFzZSI6InVuaXNoYW5vaSIsInVzZXJuYW1lIjoiZHZjaHV5ZW5AdW5pc2hhbm9pLm9yZyIsImZpbGVfcGsiOjMyNDk5OCwidGFibGVfbmFtZSI6IlBlcnNvbiIsInJlY29yZF9mayI6NDgyMTEsImV4cCI6MTc3MzUzMTAwMH0=.Wrw3DL8X2U0siiqY2riFLNEsR4vIc2vAnV_ZICNmmCM=&transform=true
48230,https://files2.veracross.com/unishanoi/legacy_files/325810?auth=eyJhbGciOiJIUzI1NiIsInR5cCI6IkpXVCJ9.eyJkYXRhYmFzZSI6InVuaXNoYW5vaSIsInVzZXJuYW1lIjoiZHZjaHV5ZW5AdW5pc2hhbm9pLm9yZyIsImZpbGVfcGsiOjMyNTgxMCwidGFibGVfbmFtZSI6IlBlcnNvbiIsInJlY29yZF9mayI6NDgyMzAsImV4cCI6MTc3MzUzMTAwMH0=.RXdANNtlPTN7m2cmmEUqSxfbBfwg3PIGvfzaHDpVeeA=&transform=true
48231,https://files2.veracross.com/unishanoi/legacy_files/325850?auth=eyJhbGciOiJIUzI1NiIsInR5cCI6IkpXVCJ9.eyJkYXRhYmFzZSI6InVuaXNoYW5vaSIsInVzZXJuYW1lIjoiZHZjaHV5ZW5AdW5pc2hhbm9pLm9yZyIsImZpbGVfcGsiOjMyNTg1MCwidGFibGVfbmFtZSI6IlBlcnNvbiIsInJlY29yZF9mayI6NDgyMzEsImV4cCI6MTc3MzUzMTAwMH0=.PCq2Vxy6Z9hJ5-3ldpoJFz7M8J-wXwPu5k9Ms0-e-a0=&transform=true
48292,https://files2.veracross.com/unishanoi/legacy_files/325492?auth=eyJhbGciOiJIUzI1NiIsInR5cCI6IkpXVCJ9.eyJkYXRhYmFzZSI6InVuaXNoYW5vaSIsInVzZXJuYW1lIjoiZHZjaHV5ZW5AdW5pc2hhbm9pLm9yZyIsImZpbGVfcGsiOjMyNTQ5MiwidGFibGVfbmFtZSI6IlBlcnNvbiIsInJlY29yZF9mayI6NDgyOTIsImV4cCI6MTc3MzUzMTAwMH0=.xRmW1A0rDo-IBM_l30tvEsv_H1oxxX9yOSAmKLfIny8=&transform=true
48293,https://files2.veracross.com/unishanoi/legacy_files/325475?auth=eyJhbGciOiJIUzI1NiIsInR5cCI6IkpXVCJ9.eyJkYXRhYmFzZSI6InVuaXNoYW5vaSIsInVzZXJuYW1lIjoiZHZjaHV5ZW5AdW5pc2hhbm9pLm9yZyIsImZpbGVfcGsiOjMyNTQ3NSwidGFibGVfbmFtZSI6IlBlcnNvbiIsInJlY29yZF9mayI6NDgyOTMsImV4cCI6MTc3MzUzMTAwMH0=.p6HNRkQDTO-J4tlEPPAPm2wPNgL6HNbpHc7kcyIRzIs=&transform=true
48312,https://files2.veracross.com/unishanoi/legacy_files/295648?auth=eyJhbGciOiJIUzI1NiIsInR5cCI6IkpXVCJ9.eyJkYXRhYmFzZSI6InVuaXNoYW5vaSIsInVzZXJuYW1lIjoiZHZjaHV5ZW5AdW5pc2hhbm9pLm9yZyIsImZpbGVfcGsiOjI5NTY0OCwidGFibGVfbmFtZSI6IlBlcnNvbiIsInJlY29yZF9mayI6NDgzMTIsImV4cCI6MTc3MzUzMTAwMH0=.LX6NZll5VmCcPzns1CQPuoDlocATmVRqUkw8dLo1AQY=&transform=true
48313,https://files2.veracross.com/unishanoi/legacy_files/325273?auth=eyJhbGciOiJIUzI1NiIsInR5cCI6IkpXVCJ9.eyJkYXRhYmFzZSI6InVuaXNoYW5vaSIsInVzZXJuYW1lIjoiZHZjaHV5ZW5AdW5pc2hhbm9pLm9yZyIsImZpbGVfcGsiOjMyNTI3MywidGFibGVfbmFtZSI6IlBlcnNvbiIsInJlY29yZF9mayI6NDgzMTMsImV4cCI6MTc3MzUzMTAwMH0=.rp0bPplTu2WgqRrK5VNlwxypciwTn80Ryz_9CzX9KVY=&transform=true
48357,https://files2.veracross.com/unishanoi/legacy_files/325715?auth=eyJhbGciOiJIUzI1NiIsInR5cCI6IkpXVCJ9.eyJkYXRhYmFzZSI6InVuaXNoYW5vaSIsInVzZXJuYW1lIjoiZHZjaHV5ZW5AdW5pc2hhbm9pLm9yZyIsImZpbGVfcGsiOjMyNTcxNSwidGFibGVfbmFtZSI6IlBlcnNvbiIsInJlY29yZF9mayI6NDgzNTcsImV4cCI6MTc3MzUzMTAwMH0=.sLZbK2eqdjJcCa10_dtNwW6xipd99UGeJuWYvqGf2ZU=&transform=true
48405,https://files2.veracross.com/unishanoi/legacy_files/324871?auth=eyJhbGciOiJIUzI1NiIsInR5cCI6IkpXVCJ9.eyJkYXRhYmFzZSI6InVuaXNoYW5vaSIsInVzZXJuYW1lIjoiZHZjaHV5ZW5AdW5pc2hhbm9pLm9yZyIsImZpbGVfcGsiOjMyNDg3MSwidGFibGVfbmFtZSI6IlBlcnNvbiIsInJlY29yZF9mayI6NDg0MDUsImV4cCI6MTc3MzUzMTAwMH0=.gK6emgUtGBr8Vi1nXCcj5w4ryZy24hnN12p6ljh-uso=&transform=true
48421,https://files2.veracross.com/unishanoi/legacy_files/325737?auth=eyJhbGciOiJIUzI1NiIsInR5cCI6IkpXVCJ9.eyJkYXRhYmFzZSI6InVuaXNoYW5vaSIsInVzZXJuYW1lIjoiZHZjaHV5ZW5AdW5pc2hhbm9pLm9yZyIsImZpbGVfcGsiOjMyNTczNywidGFibGVfbmFtZSI6IlBlcnNvbiIsInJlY29yZF9mayI6NDg0MjEsImV4cCI6MTc3MzUzMTAwMH0=.PpXMym4or9GBiac_62hbBsOxLiPr_d3Sy-htoXN6oFI=&transform=true
48506,https://files2.veracross.com/unishanoi/legacy_files/325126?auth=eyJhbGciOiJIUzI1NiIsInR5cCI6IkpXVCJ9.eyJkYXRhYmFzZSI6InVuaXNoYW5vaSIsInVzZXJuYW1lIjoiZHZjaHV5ZW5AdW5pc2hhbm9pLm9yZyIsImZpbGVfcGsiOjMyNTEyNiwidGFibGVfbmFtZSI6IlBlcnNvbiIsInJlY29yZF9mayI6NDg1MDYsImV4cCI6MTc3MzUzMTAwMH0=.ogd39wrve3PYQRraZuGS7jDu1FXmw5Ji4iByQWrNr94=&transform=true
48509,https://files2.veracross.com/unishanoi/legacy_files/325546?auth=eyJhbGciOiJIUzI1NiIsInR5cCI6IkpXVCJ9.eyJkYXRhYmFzZSI6InVuaXNoYW5vaSIsInVzZXJuYW1lIjoiZHZjaHV5ZW5AdW5pc2hhbm9pLm9yZyIsImZpbGVfcGsiOjMyNTU0NiwidGFibGVfbmFtZSI6IlBlcnNvbiIsInJlY29yZF9mayI6NDg1MDksImV4cCI6MTc3MzUzMTAwMH0=.vdiYk54l1-dP9GLph-PjVwAFwMDxQCT01O8699nOmnQ=&transform=true
48569,https://files2.veracross.com/unishanoi/legacy_files/325747?auth=eyJhbGciOiJIUzI1NiIsInR5cCI6IkpXVCJ9.eyJkYXRhYmFzZSI6InVuaXNoYW5vaSIsInVzZXJuYW1lIjoiZHZjaHV5ZW5AdW5pc2hhbm9pLm9yZyIsImZpbGVfcGsiOjMyNTc0NywidGFibGVfbmFtZSI6IlBlcnNvbiIsInJlY29yZF9mayI6NDg1NjksImV4cCI6MTc3MzUzMTAwMH0=.MHvH2-ne1EPgcIcMG_n1bfEKCKu68ZGQO9yjW1Aivag=&transform=true
48602,https://files2.veracross.com/unishanoi/legacy_files/324924?auth=eyJhbGciOiJIUzI1NiIsInR5cCI6IkpXVCJ9.eyJkYXRhYmFzZSI6InVuaXNoYW5vaSIsInVzZXJuYW1lIjoiZHZjaHV5ZW5AdW5pc2hhbm9pLm9yZyIsImZpbGVfcGsiOjMyNDkyNCwidGFibGVfbmFtZSI6IlBlcnNvbiIsInJlY29yZF9mayI6NDg2MDIsImV4cCI6MTc3MzUzMTAwMH0=.riVauyewjRiTH2t691gXTekLnwCVn_Bv1rWb8JrhMTE=&transform=true
48623,https://files2.veracross.com/unishanoi/legacy_files/325730?auth=eyJhbGciOiJIUzI1NiIsInR5cCI6IkpXVCJ9.eyJkYXRhYmFzZSI6InVuaXNoYW5vaSIsInVzZXJuYW1lIjoiZHZjaHV5ZW5AdW5pc2hhbm9pLm9yZyIsImZpbGVfcGsiOjMyNTczMCwidGFibGVfbmFtZSI6IlBlcnNvbiIsInJlY29yZF9mayI6NDg2MjMsImV4cCI6MTc3MzUzMTAwMH0=.GPlg_kj--aV1r-sdFvjzPYuw7jOCN0oJXlwX8TE-fig=&transform=true
48624,https://files2.veracross.com/unishanoi/legacy_files/325651?auth=eyJhbGciOiJIUzI1NiIsInR5cCI6IkpXVCJ9.eyJkYXRhYmFzZSI6InVuaXNoYW5vaSIsInVzZXJuYW1lIjoiZHZjaHV5ZW5AdW5pc2hhbm9pLm9yZyIsImZpbGVfcGsiOjMyNTY1MSwidGFibGVfbmFtZSI6IlBlcnNvbiIsInJlY29yZF9mayI6NDg2MjQsImV4cCI6MTc3MzUzMTAwMH0=.7FWDjTWF0gCr7f9bfg7Ub1pyw61jFxx1aljGncfFvjU=&transform=true
48652,https://files2.veracross.com/unishanoi/legacy_files/325284?auth=eyJhbGciOiJIUzI1NiIsInR5cCI6IkpXVCJ9.eyJkYXRhYmFzZSI6InVuaXNoYW5vaSIsInVzZXJuYW1lIjoiZHZjaHV5ZW5AdW5pc2hhbm9pLm9yZyIsImZpbGVfcGsiOjMyNTI4NCwidGFibGVfbmFtZSI6IlBlcnNvbiIsInJlY29yZF9mayI6NDg2NTIsImV4cCI6MTc3MzUzMTAwMH0=.2BT2A8D07P-C6x28JVmXJGqtN6GTjh4lqAmcBx6Kk2g=&transform=true
48694,https://files2.veracross.com/unishanoi/legacy_files/325531?auth=eyJhbGciOiJIUzI1NiIsInR5cCI6IkpXVCJ9.eyJkYXRhYmFzZSI6InVuaXNoYW5vaSIsInVzZXJuYW1lIjoiZHZjaHV5ZW5AdW5pc2hhbm9pLm9yZyIsImZpbGVfcGsiOjMyNTUzMSwidGFibGVfbmFtZSI6IlBlcnNvbiIsInJlY29yZF9mayI6NDg2OTQsImV4cCI6MTc3MzUzMTAwMH0=.DQeXW7F86qUlObfFgog1fZfxL0r22p83L63dCKtbA8o=&transform=true
48695,https://files2.veracross.com/unishanoi/legacy_files/325582?auth=eyJhbGciOiJIUzI1NiIsInR5cCI6IkpXVCJ9.eyJkYXRhYmFzZSI6InVuaXNoYW5vaSIsInVzZXJuYW1lIjoiZHZjaHV5ZW5AdW5pc2hhbm9pLm9yZyIsImZpbGVfcGsiOjMyNTU4MiwidGFibGVfbmFtZSI6IlBlcnNvbiIsInJlY29yZF9mayI6NDg2OTUsImV4cCI6MTc3MzUzMTAwMH0=.nslLX-dyZN8ALNw9XpZxabbMWs9Sn-k1Ee8efhw8h04=&transform=true
48712,https://files2.veracross.com/unishanoi/legacy_files/325079?auth=eyJhbGciOiJIUzI1NiIsInR5cCI6IkpXVCJ9.eyJkYXRhYmFzZSI6InVuaXNoYW5vaSIsInVzZXJuYW1lIjoiZHZjaHV5ZW5AdW5pc2hhbm9pLm9yZyIsImZpbGVfcGsiOjMyNTA3OSwidGFibGVfbmFtZSI6IlBlcnNvbiIsInJlY29yZF9mayI6NDg3MTIsImV4cCI6MTc3MzUzMTAwMH0=.eo3eBGIDotAWJ1swg_W9dUKSw2-S6slNvQO7-2zOUtY=&transform=true
48715,https://files2.veracross.com/unishanoi/legacy_files/325186?auth=eyJhbGciOiJIUzI1NiIsInR5cCI6IkpXVCJ9.eyJkYXRhYmFzZSI6InVuaXNoYW5vaSIsInVzZXJuYW1lIjoiZHZjaHV5ZW5AdW5pc2hhbm9pLm9yZyIsImZpbGVfcGsiOjMyNTE4NiwidGFibGVfbmFtZSI6IlBlcnNvbiIsInJlY29yZF9mayI6NDg3MTUsImV4cCI6MTc3MzUzMTAwMH0=.63sXq3pxttFAUx1AOSdSoCfF5CuSPuDQGaKaVIYAYKk=&transform=true
48750,https://files2.veracross.com/unishanoi/legacy_files/325632?auth=eyJhbGciOiJIUzI1NiIsInR5cCI6IkpXVCJ9.eyJkYXRhYmFzZSI6InVuaXNoYW5vaSIsInVzZXJuYW1lIjoiZHZjaHV5ZW5AdW5pc2hhbm9pLm9yZyIsImZpbGVfcGsiOjMyNTYzMiwidGFibGVfbmFtZSI6IlBlcnNvbiIsInJlY29yZF9mayI6NDg3NTAsImV4cCI6MTc3MzUzMTAwMH0=.1lc7lwfXasnPVXZidz7jBt_DTemsGPCMoIJllbonc54=&transform=true
48751,https://files2.veracross.com/unishanoi/legacy_files/325621?auth=eyJhbGciOiJIUzI1NiIsInR5cCI6IkpXVCJ9.eyJkYXRhYmFzZSI6InVuaXNoYW5vaSIsInVzZXJuYW1lIjoiZHZjaHV5ZW5AdW5pc2hhbm9pLm9yZyIsImZpbGVfcGsiOjMyNTYyMSwidGFibGVfbmFtZSI6IlBlcnNvbiIsInJlY29yZF9mayI6NDg3NTEsImV4cCI6MTc3MzUzMTAwMH0=.0XlXeTZ61GmUvx81bACSq0bY5gn6M-W4dMSIWhfzSac=&transform=true
48752,https://files2.veracross.com/unishanoi/legacy_files/296127?auth=eyJhbGciOiJIUzI1NiIsInR5cCI6IkpXVCJ9.eyJkYXRhYmFzZSI6InVuaXNoYW5vaSIsInVzZXJuYW1lIjoiZHZjaHV5ZW5AdW5pc2hhbm9pLm9yZyIsImZpbGVfcGsiOjI5NjEyNywidGFibGVfbmFtZSI6IlBlcnNvbiIsInJlY29yZF9mayI6NDg3NTIsImV4cCI6MTc3MzUzMTAwMH0=.w0KBvefMCRMCy4QFqhV9_-NdBsEZ-j2tHf3qGArKfyQ=&transform=true
48765,https://files2.veracross.com/unishanoi/legacy_files/324831?auth=eyJhbGciOiJIUzI1NiIsInR5cCI6IkpXVCJ9.eyJkYXRhYmFzZSI6InVuaXNoYW5vaSIsInVzZXJuYW1lIjoiZHZjaHV5ZW5AdW5pc2hhbm9pLm9yZyIsImZpbGVfcGsiOjMyNDgzMSwidGFibGVfbmFtZSI6IlBlcnNvbiIsInJlY29yZF9mayI6NDg3NjUsImV4cCI6MTc3MzUzMTAwMH0=.EB6Wn41b68A0qDUdkYdsf9j8m8vDgPn5b_qwV1I9J0o=&transform=true
48780,https://files2.veracross.com/unishanoi/legacy_files/325756?auth=eyJhbGciOiJIUzI1NiIsInR5cCI6IkpXVCJ9.eyJkYXRhYmFzZSI6InVuaXNoYW5vaSIsInVzZXJuYW1lIjoiZHZjaHV5ZW5AdW5pc2hhbm9pLm9yZyIsImZpbGVfcGsiOjMyNTc1NiwidGFibGVfbmFtZSI6IlBlcnNvbiIsInJlY29yZF9mayI6NDg3ODAsImV4cCI6MTc3MzUzMTAwMH0=.XxJNp7-vAt60u1xt2acI8pO4In1_J4YcGmCLhheXczs=&transform=true
48801,https://files2.veracross.com/unishanoi/legacy_files/325661?auth=eyJhbGciOiJIUzI1NiIsInR5cCI6IkpXVCJ9.eyJkYXRhYmFzZSI6InVuaXNoYW5vaSIsInVzZXJuYW1lIjoiZHZjaHV5ZW5AdW5pc2hhbm9pLm9yZyIsImZpbGVfcGsiOjMyNTY2MSwidGFibGVfbmFtZSI6IlBlcnNvbiIsInJlY29yZF9mayI6NDg4MDEsImV4cCI6MTc3MzUzMTAwMH0=.o4dwO5NodDJ2v9XHSalH7jKJT_pXfus2Q1FK2HwgcT8=&transform=true
48802,https://files2.veracross.com/unishanoi/legacy_files/325600?auth=eyJhbGciOiJIUzI1NiIsInR5cCI6IkpXVCJ9.eyJkYXRhYmFzZSI6InVuaXNoYW5vaSIsInVzZXJuYW1lIjoiZHZjaHV5ZW5AdW5pc2hhbm9pLm9yZyIsImZpbGVfcGsiOjMyNTYwMCwidGFibGVfbmFtZSI6IlBlcnNvbiIsInJlY29yZF9mayI6NDg4MDIsImV4cCI6MTc3MzUzMTAwMH0=.OUWUbVueBsjBIO9ACyoR8cVFA_4EErLqluLgrESS_GY=&transform=true
48883,https://files2.veracross.com/unishanoi/legacy_files/325048?auth=eyJhbGciOiJIUzI1NiIsInR5cCI6IkpXVCJ9.eyJkYXRhYmFzZSI6InVuaXNoYW5vaSIsInVzZXJuYW1lIjoiZHZjaHV5ZW5AdW5pc2hhbm9pLm9yZyIsImZpbGVfcGsiOjMyNTA0OCwidGFibGVfbmFtZSI6IlBlcnNvbiIsInJlY29yZF9mayI6NDg4ODMsImV4cCI6MTc3MzUzMTAwMH0=.NE-lvLTHxgcZp8E2wka-AxTKBvdf8z3WYO_fuAvfr9s=&transform=true
48884,https://files2.veracross.com/unishanoi/legacy_files/325224?auth=eyJhbGciOiJIUzI1NiIsInR5cCI6IkpXVCJ9.eyJkYXRhYmFzZSI6InVuaXNoYW5vaSIsInVzZXJuYW1lIjoiZHZjaHV5ZW5AdW5pc2hhbm9pLm9yZyIsImZpbGVfcGsiOjMyNTIyNCwidGFibGVfbmFtZSI6IlBlcnNvbiIsInJlY29yZF9mayI6NDg4ODQsImV4cCI6MTc3MzUzMTAwMH0=.bWDx6AE74sTITGnwRXS3DOy3504aLF3gO2LPqV3bSkw=&transform=true
48965,https://files2.veracross.com/unishanoi/legacy_files/325759?auth=eyJhbGciOiJIUzI1NiIsInR5cCI6IkpXVCJ9.eyJkYXRhYmFzZSI6InVuaXNoYW5vaSIsInVzZXJuYW1lIjoiZHZjaHV5ZW5AdW5pc2hhbm9pLm9yZyIsImZpbGVfcGsiOjMyNTc1OSwidGFibGVfbmFtZSI6IlBlcnNvbiIsInJlY29yZF9mayI6NDg5NjUsImV4cCI6MTc3MzUzMTAwMH0=.1EJTyIft29s0s1Hn-jzTxmXG8SVghgXN9o-pdjq_0Sg=&transform=true
48966,https://files2.veracross.com/unishanoi/legacy_files/325828?auth=eyJhbGciOiJIUzI1NiIsInR5cCI6IkpXVCJ9.eyJkYXRhYmFzZSI6InVuaXNoYW5vaSIsInVzZXJuYW1lIjoiZHZjaHV5ZW5AdW5pc2hhbm9pLm9yZyIsImZpbGVfcGsiOjMyNTgyOCwidGFibGVfbmFtZSI6IlBlcnNvbiIsInJlY29yZF9mayI6NDg5NjYsImV4cCI6MTc3MzUzMTAwMH0=.myXXjtyknlIwJT1UDeH8MCjnNT1daDm4OiJ3TubdG94=&transform=true
48976,https://files2.veracross.com/unishanoi/legacy_files/325626?auth=eyJhbGciOiJIUzI1NiIsInR5cCI6IkpXVCJ9.eyJkYXRhYmFzZSI6InVuaXNoYW5vaSIsInVzZXJuYW1lIjoiZHZjaHV5ZW5AdW5pc2hhbm9pLm9yZyIsImZpbGVfcGsiOjMyNTYyNiwidGFibGVfbmFtZSI6IlBlcnNvbiIsInJlY29yZF9mayI6NDg5NzYsImV4cCI6MTc3MzUzMTAwMH0=.OXhoYhtpOBy9jGgaVVWvj6KHYzroLn7dklXOTcRAKZk=&transform=true
49125,https://files2.veracross.com/unishanoi/legacy_files/324968?auth=eyJhbGciOiJIUzI1NiIsInR5cCI6IkpXVCJ9.eyJkYXRhYmFzZSI6InVuaXNoYW5vaSIsInVzZXJuYW1lIjoiZHZjaHV5ZW5AdW5pc2hhbm9pLm9yZyIsImZpbGVfcGsiOjMyNDk2OCwidGFibGVfbmFtZSI6IlBlcnNvbiIsInJlY29yZF9mayI6NDkxMjUsImV4cCI6MTc3MzUzMTAwMH0=.VGiJt5OFXx_k8Rym6oECoP-eCWHbL9IB1Vy5ScXfNFM=&transform=true
49205,https://files2.veracross.com/unishanoi/legacy_files/325516?auth=eyJhbGciOiJIUzI1NiIsInR5cCI6IkpXVCJ9.eyJkYXRhYmFzZSI6InVuaXNoYW5vaSIsInVzZXJuYW1lIjoiZHZjaHV5ZW5AdW5pc2hhbm9pLm9yZyIsImZpbGVfcGsiOjMyNTUxNiwidGFibGVfbmFtZSI6IlBlcnNvbiIsInJlY29yZF9mayI6NDkyMDUsImV4cCI6MTc3MzUzMTAwMH0=._QM5RbCgZMiLp0OEvM2fC1t8iO_zMCO1VdqtM4lvjW0=&transform=true
49268,https://files2.veracross.com/unishanoi/legacy_files/324799?auth=eyJhbGciOiJIUzI1NiIsInR5cCI6IkpXVCJ9.eyJkYXRhYmFzZSI6InVuaXNoYW5vaSIsInVzZXJuYW1lIjoiZHZjaHV5ZW5AdW5pc2hhbm9pLm9yZyIsImZpbGVfcGsiOjMyNDc5OSwidGFibGVfbmFtZSI6IlBlcnNvbiIsInJlY29yZF9mayI6NDkyNjgsImV4cCI6MTc3MzUzMTAwMH0=.Uea1xw4onzb2sNlQErLoNFti5GhyKUAX6Ci0BmklYHI=&transform=true
49378,https://files2.veracross.com/unishanoi/legacy_files/325199?auth=eyJhbGciOiJIUzI1NiIsInR5cCI6IkpXVCJ9.eyJkYXRhYmFzZSI6InVuaXNoYW5vaSIsInVzZXJuYW1lIjoiZHZjaHV5ZW5AdW5pc2hhbm9pLm9yZyIsImZpbGVfcGsiOjMyNTE5OSwidGFibGVfbmFtZSI6IlBlcnNvbiIsInJlY29yZF9mayI6NDkzNzgsImV4cCI6MTc3MzUzMTAwMH0=.8gXCEi7wxVXQnl15LNqduyzpXPVsgjwr6cq8nscNezY=&transform=true
49401,https://files2.veracross.com/unishanoi/legacy_files/325554?auth=eyJhbGciOiJIUzI1NiIsInR5cCI6IkpXVCJ9.eyJkYXRhYmFzZSI6InVuaXNoYW5vaSIsInVzZXJuYW1lIjoiZHZjaHV5ZW5AdW5pc2hhbm9pLm9yZyIsImZpbGVfcGsiOjMyNTU1NCwidGFibGVfbmFtZSI6IlBlcnNvbiIsInJlY29yZF9mayI6NDk0MDEsImV4cCI6MTc3MzUzMTAwMH0=.olVS4wjAg1F_m45_08Av_riQ64ru81k2ZFklydFYmeE=&transform=true
49676,https://files2.veracross.com/unishanoi/legacy_files/325774?auth=eyJhbGciOiJIUzI1NiIsInR5cCI6IkpXVCJ9.eyJkYXRhYmFzZSI6InVuaXNoYW5vaSIsInVzZXJuYW1lIjoiZHZjaHV5ZW5AdW5pc2hhbm9pLm9yZyIsImZpbGVfcGsiOjMyNTc3NCwidGFibGVfbmFtZSI6IlBlcnNvbiIsInJlY29yZF9mayI6NDk2NzYsImV4cCI6MTc3MzUzMTAwMH0=.IjQguwEQ94ygd2iIGi-sCyNiNJwVVLoF-deTV08gsvI=&transform=true
49917,https://files2.veracross.com/unishanoi/legacy_files/324812?auth=eyJhbGciOiJIUzI1NiIsInR5cCI6IkpXVCJ9.eyJkYXRhYmFzZSI6InVuaXNoYW5vaSIsInVzZXJuYW1lIjoiZHZjaHV5ZW5AdW5pc2hhbm9pLm9yZyIsImZpbGVfcGsiOjMyNDgxMiwidGFibGVfbmFtZSI6IlBlcnNvbiIsInJlY29yZF9mayI6NDk5MTcsImV4cCI6MTc3MzUzMTAwMH0=.ZtA_aaDQhyx6Y1gCwH8BTcgpWJVjAF1Cn6nJQOVXd3U=&transform=true
49918,https://files2.veracross.com/unishanoi/legacy_files/325743?auth=eyJhbGciOiJIUzI1NiIsInR5cCI6IkpXVCJ9.eyJkYXRhYmFzZSI6InVuaXNoYW5vaSIsInVzZXJuYW1lIjoiZHZjaHV5ZW5AdW5pc2hhbm9pLm9yZyIsImZpbGVfcGsiOjMyNTc0MywidGFibGVfbmFtZSI6IlBlcnNvbiIsInJlY29yZF9mayI6NDk5MTgsImV4cCI6MTc3MzUzMTAwMH0=.mdbwoqs1Ylw0AAO4LM4hJ5i_5aMoRjoqrID857-CRN0=&transform=true
50232,https://files2.veracross.com/unishanoi/legacy_files/325541?auth=eyJhbGciOiJIUzI1NiIsInR5cCI6IkpXVCJ9.eyJkYXRhYmFzZSI6InVuaXNoYW5vaSIsInVzZXJuYW1lIjoiZHZjaHV5ZW5AdW5pc2hhbm9pLm9yZyIsImZpbGVfcGsiOjMyNTU0MSwidGFibGVfbmFtZSI6IlBlcnNvbiIsInJlY29yZF9mayI6NTAyMzIsImV4cCI6MTc3MzUzMTAwMH0=.0P4-_auGiIQOYLqyyNktsyHFr6gS4BDe9oNOt7j5T14=&transform=true
50233,https://files2.veracross.com/unishanoi/legacy_files/325575?auth=eyJhbGciOiJIUzI1NiIsInR5cCI6IkpXVCJ9.eyJkYXRhYmFzZSI6InVuaXNoYW5vaSIsInVzZXJuYW1lIjoiZHZjaHV5ZW5AdW5pc2hhbm9pLm9yZyIsImZpbGVfcGsiOjMyNTU3NSwidGFibGVfbmFtZSI6IlBlcnNvbiIsInJlY29yZF9mayI6NTAyMzMsImV4cCI6MTc3MzUzMTAwMH0=.7z9_zvkI17BZ-1Tr8lzGF4d-_MZTinpvLxAxUf7_UMI=&transform=true
50436,https://files2.veracross.com/unishanoi/legacy_files/325495?auth=eyJhbGciOiJIUzI1NiIsInR5cCI6IkpXVCJ9.eyJkYXRhYmFzZSI6InVuaXNoYW5vaSIsInVzZXJuYW1lIjoiZHZjaHV5ZW5AdW5pc2hhbm9pLm9yZyIsImZpbGVfcGsiOjMyNTQ5NSwidGFibGVfbmFtZSI6IlBlcnNvbiIsInJlY29yZF9mayI6NTA0MzYsImV4cCI6MTc3MzUzMTAwMH0=.SKc0cZNKNN8LypGqpowkryVXeT3W6zypcPPvvx0NapM=&transform=true
50449,https://files2.veracross.com/unishanoi/legacy_files/324940?auth=eyJhbGciOiJIUzI1NiIsInR5cCI6IkpXVCJ9.eyJkYXRhYmFzZSI6InVuaXNoYW5vaSIsInVzZXJuYW1lIjoiZHZjaHV5ZW5AdW5pc2hhbm9pLm9yZyIsImZpbGVfcGsiOjMyNDk0MCwidGFibGVfbmFtZSI6IlBlcnNvbiIsInJlY29yZF9mayI6NTA0NDksImV4cCI6MTc3MzUzMTAwMH0=.u5Cd1tdoF3v-Zezjy0-m35vbikZSeqjG-GFXoaIocp4=&transform=true
50452,https://files2.veracross.com/unishanoi/legacy_files/325609?auth=eyJhbGciOiJIUzI1NiIsInR5cCI6IkpXVCJ9.eyJkYXRhYmFzZSI6InVuaXNoYW5vaSIsInVzZXJuYW1lIjoiZHZjaHV5ZW5AdW5pc2hhbm9pLm9yZyIsImZpbGVfcGsiOjMyNTYwOSwidGFibGVfbmFtZSI6IlBlcnNvbiIsInJlY29yZF9mayI6NTA0NTIsImV4cCI6MTc3MzUzMTAwMH0=.Ciewm4nd0jMugsL8Lqd9hgRtsARhnJiwvFnWMggIiwo=&transform=true
50459,https://files2.veracross.com/unishanoi/legacy_files/324903?auth=eyJhbGciOiJIUzI1NiIsInR5cCI6IkpXVCJ9.eyJkYXRhYmFzZSI6InVuaXNoYW5vaSIsInVzZXJuYW1lIjoiZHZjaHV5ZW5AdW5pc2hhbm9pLm9yZyIsImZpbGVfcGsiOjMyNDkwMywidGFibGVfbmFtZSI6IlBlcnNvbiIsInJlY29yZF9mayI6NTA0NTksImV4cCI6MTc3MzUzMTAwMH0=.nQTHiRVn1oQcuBpzp4kNYz-G6BPRPV-ycW9jF8fAKdU=&transform=true
50481,https://files2.veracross.com/unishanoi/legacy_files/329425?auth=eyJhbGciOiJIUzI1NiIsInR5cCI6IkpXVCJ9.eyJkYXRhYmFzZSI6InVuaXNoYW5vaSIsInVzZXJuYW1lIjoiZHZjaHV5ZW5AdW5pc2hhbm9pLm9yZyIsImZpbGVfcGsiOjMyOTQyNSwidGFibGVfbmFtZSI6IlBlcnNvbiIsInJlY29yZF9mayI6NTA0ODEsImV4cCI6MTc3MzUzMTAwMH0=.lPMUE_zja51SRhEZn9JEyiYCze9MHRAgLjdyaMsZPkg=&transform=true
50489,https://files2.veracross.com/unishanoi/legacy_files/325002?auth=eyJhbGciOiJIUzI1NiIsInR5cCI6IkpXVCJ9.eyJkYXRhYmFzZSI6InVuaXNoYW5vaSIsInVzZXJuYW1lIjoiZHZjaHV5ZW5AdW5pc2hhbm9pLm9yZyIsImZpbGVfcGsiOjMyNTAwMiwidGFibGVfbmFtZSI6IlBlcnNvbiIsInJlY29yZF9mayI6NTA0ODksImV4cCI6MTc3MzUzMTAwMH0=.i1olv7RuutmpJMs939FSLSAJ08HsMAsrwhU2_ZVCWlo=&transform=true
50499,https://files2.veracross.com/unishanoi/legacy_files/324833?auth=eyJhbGciOiJIUzI1NiIsInR5cCI6IkpXVCJ9.eyJkYXRhYmFzZSI6InVuaXNoYW5vaSIsInVzZXJuYW1lIjoiZHZjaHV5ZW5AdW5pc2hhbm9pLm9yZyIsImZpbGVfcGsiOjMyNDgzMywidGFibGVfbmFtZSI6IlBlcnNvbiIsInJlY29yZF9mayI6NTA0OTksImV4cCI6MTc3MzUzMTAwMH0=.noaEmQRNanyjDrd5LDOtQrqrf-2dZ0RQa6cXquxe6CU=&transform=true
50510,https://files2.veracross.com/unishanoi/legacy_files/295258?auth=eyJhbGciOiJIUzI1NiIsInR5cCI6IkpXVCJ9.eyJkYXRhYmFzZSI6InVuaXNoYW5vaSIsInVzZXJuYW1lIjoiZHZjaHV5ZW5AdW5pc2hhbm9pLm9yZyIsImZpbGVfcGsiOjI5NTI1OCwidGFibGVfbmFtZSI6IlBlcnNvbiIsInJlY29yZF9mayI6NTA1MTAsImV4cCI6MTc3MzUzMTAwMH0=.H192gIRQZStXilZuMlS2qIFZl2ZSEF6lv5zHCajKarU=&transform=true
50511,https://files2.veracross.com/unishanoi/legacy_files/324917?auth=eyJhbGciOiJIUzI1NiIsInR5cCI6IkpXVCJ9.eyJkYXRhYmFzZSI6InVuaXNoYW5vaSIsInVzZXJuYW1lIjoiZHZjaHV5ZW5AdW5pc2hhbm9pLm9yZyIsImZpbGVfcGsiOjMyNDkxNywidGFibGVfbmFtZSI6IlBlcnNvbiIsInJlY29yZF9mayI6NTA1MTEsImV4cCI6MTc3MzUzMTAwMH0=.fIojD1KPhCYcM11CGQvBTrLLveRrDzHkTVynPn4uPh4=&transform=true
50535,https://files2.veracross.com/unishanoi/legacy_files/325783?auth=eyJhbGciOiJIUzI1NiIsInR5cCI6IkpXVCJ9.eyJkYXRhYmFzZSI6InVuaXNoYW5vaSIsInVzZXJuYW1lIjoiZHZjaHV5ZW5AdW5pc2hhbm9pLm9yZyIsImZpbGVfcGsiOjMyNTc4MywidGFibGVfbmFtZSI6IlBlcnNvbiIsInJlY29yZF9mayI6NTA1MzUsImV4cCI6MTc3MzUzMTAwMH0=.pVM3qpQ2qja9sdQVVWnUfZB1g2RLHkVDTDKGmbhHmyU=&transform=true
50556,https://files2.veracross.com/unishanoi/legacy_files/325506?auth=eyJhbGciOiJIUzI1NiIsInR5cCI6IkpXVCJ9.eyJkYXRhYmFzZSI6InVuaXNoYW5vaSIsInVzZXJuYW1lIjoiZHZjaHV5ZW5AdW5pc2hhbm9pLm9yZyIsImZpbGVfcGsiOjMyNTUwNiwidGFibGVfbmFtZSI6IlBlcnNvbiIsInJlY29yZF9mayI6NTA1NTYsImV4cCI6MTc3MzUzMTAwMH0=.t8_lVsdrziEHGWDwSsl2BGIRaXVu1z_s-naVw1utWbg=&transform=true
50557,https://files2.veracross.com/unishanoi/legacy_files/325462?auth=eyJhbGciOiJIUzI1NiIsInR5cCI6IkpXVCJ9.eyJkYXRhYmFzZSI6InVuaXNoYW5vaSIsInVzZXJuYW1lIjoiZHZjaHV5ZW5AdW5pc2hhbm9pLm9yZyIsImZpbGVfcGsiOjMyNTQ2MiwidGFibGVfbmFtZSI6IlBlcnNvbiIsInJlY29yZF9mayI6NTA1NTcsImV4cCI6MTc3MzUzMTAwMH0=.-tmSGwtbMU-IqKzTLEospXqR7Zyf4XIPzhRjSHC-FOs=&transform=true
50560,https://files2.veracross.com/unishanoi/legacy_files/325270?auth=eyJhbGciOiJIUzI1NiIsInR5cCI6IkpXVCJ9.eyJkYXRhYmFzZSI6InVuaXNoYW5vaSIsInVzZXJuYW1lIjoiZHZjaHV5ZW5AdW5pc2hhbm9pLm9yZyIsImZpbGVfcGsiOjMyNTI3MCwidGFibGVfbmFtZSI6IlBlcnNvbiIsInJlY29yZF9mayI6NTA1NjAsImV4cCI6MTc3MzUzMTAwMH0=.GHoJK3FMELxZSxZ0TIqG9HpdLdBSgRMQr7gKNgcobD4=&transform=true
50561,https://files2.veracross.com/unishanoi/legacy_files/325232?auth=eyJhbGciOiJIUzI1NiIsInR5cCI6IkpXVCJ9.eyJkYXRhYmFzZSI6InVuaXNoYW5vaSIsInVzZXJuYW1lIjoiZHZjaHV5ZW5AdW5pc2hhbm9pLm9yZyIsImZpbGVfcGsiOjMyNTIzMiwidGFibGVfbmFtZSI6IlBlcnNvbiIsInJlY29yZF9mayI6NTA1NjEsImV4cCI6MTc3MzUzMTAwMH0=._fpZ2_tdmtiBmDpyqzwfQpPKk5a-EJckDkL8AnmRaQw=&transform=true
50605,https://files2.veracross.com/unishanoi/legacy_files/325133?auth=eyJhbGciOiJIUzI1NiIsInR5cCI6IkpXVCJ9.eyJkYXRhYmFzZSI6InVuaXNoYW5vaSIsInVzZXJuYW1lIjoiZHZjaHV5ZW5AdW5pc2hhbm9pLm9yZyIsImZpbGVfcGsiOjMyNTEzMywidGFibGVfbmFtZSI6IlBlcnNvbiIsInJlY29yZF9mayI6NTA2MDUsImV4cCI6MTc3MzUzMTAwMH0=.teKDtOflr21liNyx0CQ1MuVBExNC4FIcH7WFesqIBOo=&transform=true
50606,https://files2.veracross.com/unishanoi/legacy_files/325069?auth=eyJhbGciOiJIUzI1NiIsInR5cCI6IkpXVCJ9.eyJkYXRhYmFzZSI6InVuaXNoYW5vaSIsInVzZXJuYW1lIjoiZHZjaHV5ZW5AdW5pc2hhbm9pLm9yZyIsImZpbGVfcGsiOjMyNTA2OSwidGFibGVfbmFtZSI6IlBlcnNvbiIsInJlY29yZF9mayI6NTA2MDYsImV4cCI6MTc3MzUzMTAwMH0=.n9qt5tzel3_wedEGPzxi16__K5uhrfEHLF3_ZrZNKHY=&transform=true
50607,https://files2.veracross.com/unishanoi/legacy_files/295466?auth=eyJhbGciOiJIUzI1NiIsInR5cCI6IkpXVCJ9.eyJkYXRhYmFzZSI6InVuaXNoYW5vaSIsInVzZXJuYW1lIjoiZHZjaHV5ZW5AdW5pc2hhbm9pLm9yZyIsImZpbGVfcGsiOjI5NTQ2NiwidGFibGVfbmFtZSI6IlBlcnNvbiIsInJlY29yZF9mayI6NTA2MDcsImV4cCI6MTc3MzUzMTAwMH0=.rhu0fYHwuH3t9_5VyNkmfBqPS4EX5y_vU6qh7xqLQmM=&transform=true
50624,https://files2.veracross.com/unishanoi/legacy_files/325391?auth=eyJhbGciOiJIUzI1NiIsInR5cCI6IkpXVCJ9.eyJkYXRhYmFzZSI6InVuaXNoYW5vaSIsInVzZXJuYW1lIjoiZHZjaHV5ZW5AdW5pc2hhbm9pLm9yZyIsImZpbGVfcGsiOjMyNTM5MSwidGFibGVfbmFtZSI6IlBlcnNvbiIsInJlY29yZF9mayI6NTA2MjQsImV4cCI6MTc3MzUzMTAwMH0=.x_2IeeEO1l9UM_2FvmBK2hPpQREfNVYs7c-XDyrybj0=&transform=true
50659,https://files2.veracross.com/unishanoi/legacy_files/324824?auth=eyJhbGciOiJIUzI1NiIsInR5cCI6IkpXVCJ9.eyJkYXRhYmFzZSI6InVuaXNoYW5vaSIsInVzZXJuYW1lIjoiZHZjaHV5ZW5AdW5pc2hhbm9pLm9yZyIsImZpbGVfcGsiOjMyNDgyNCwidGFibGVfbmFtZSI6IlBlcnNvbiIsInJlY29yZF9mayI6NTA2NTksImV4cCI6MTc3MzUzMTAwMH0=.QbejfcrJucegMqB46HfjX8GQ0l3ceRhcz_04MEzpkF4=&transform=true
50664,https://files2.veracross.com/unishanoi/legacy_files/324832?auth=eyJhbGciOiJIUzI1NiIsInR5cCI6IkpXVCJ9.eyJkYXRhYmFzZSI6InVuaXNoYW5vaSIsInVzZXJuYW1lIjoiZHZjaHV5ZW5AdW5pc2hhbm9pLm9yZyIsImZpbGVfcGsiOjMyNDgzMiwidGFibGVfbmFtZSI6IlBlcnNvbiIsInJlY29yZF9mayI6NTA2NjQsImV4cCI6MTc3MzUzMTAwMH0=.Gv6ChXGu-faqDkh41pmVRMOBcXaOixylGBLmtp_11PQ=&transform=true
50665,https://files2.veracross.com/unishanoi/legacy_files/324820?auth=eyJhbGciOiJIUzI1NiIsInR5cCI6IkpXVCJ9.eyJkYXRhYmFzZSI6InVuaXNoYW5vaSIsInVzZXJuYW1lIjoiZHZjaHV5ZW5AdW5pc2hhbm9pLm9yZyIsImZpbGVfcGsiOjMyNDgyMCwidGFibGVfbmFtZSI6IlBlcnNvbiIsInJlY29yZF9mayI6NTA2NjUsImV4cCI6MTc3MzUzMTAwMH0=.kh4kfuu-HT539pif80N7S-8-3R9k_k9JnDugr5O_ajE=&transform=true
50744,https://files2.veracross.com/unishanoi/legacy_files/329428?auth=eyJhbGciOiJIUzI1NiIsInR5cCI6IkpXVCJ9.eyJkYXRhYmFzZSI6InVuaXNoYW5vaSIsInVzZXJuYW1lIjoiZHZjaHV5ZW5AdW5pc2hhbm9pLm9yZyIsImZpbGVfcGsiOjMyOTQyOCwidGFibGVfbmFtZSI6IlBlcnNvbiIsInJlY29yZF9mayI6NTA3NDQsImV4cCI6MTc3MzUzMTAwMH0=.zMUJbyejPEA7t4ZYjPUcXoSkSJtoHdNdhC2v76KvF3c=&transform=true
50807,https://files2.veracross.com/unishanoi/legacy_files/325485?auth=eyJhbGciOiJIUzI1NiIsInR5cCI6IkpXVCJ9.eyJkYXRhYmFzZSI6InVuaXNoYW5vaSIsInVzZXJuYW1lIjoiZHZjaHV5ZW5AdW5pc2hhbm9pLm9yZyIsImZpbGVfcGsiOjMyNTQ4NSwidGFibGVfbmFtZSI6IlBlcnNvbiIsInJlY29yZF9mayI6NTA4MDcsImV4cCI6MTc3MzUzMTAwMH0=.1HGRwAcq5Re28zGLLBaKKwqK9beobGIVB7X_yKfQvZk=&transform=true
50808,https://files2.veracross.com/unishanoi/legacy_files/325077?auth=eyJhbGciOiJIUzI1NiIsInR5cCI6IkpXVCJ9.eyJkYXRhYmFzZSI6InVuaXNoYW5vaSIsInVzZXJuYW1lIjoiZHZjaHV5ZW5AdW5pc2hhbm9pLm9yZyIsImZpbGVfcGsiOjMyNTA3NywidGFibGVfbmFtZSI6IlBlcnNvbiIsInJlY29yZF9mayI6NTA4MDgsImV4cCI6MTc3MzUzMTAwMH0=.g1ajLmdk9RMacdihOY3au8YCPW6ii6wjBdkZdmjsMj4=&transform=true
50809,https://files2.veracross.com/unishanoi/legacy_files/325072?auth=eyJhbGciOiJIUzI1NiIsInR5cCI6IkpXVCJ9.eyJkYXRhYmFzZSI6InVuaXNoYW5vaSIsInVzZXJuYW1lIjoiZHZjaHV5ZW5AdW5pc2hhbm9pLm9yZyIsImZpbGVfcGsiOjMyNTA3MiwidGFibGVfbmFtZSI6IlBlcnNvbiIsInJlY29yZF9mayI6NTA4MDksImV4cCI6MTc3MzUzMTAwMH0=.9qF3sE1pTGjrNQtc4eUK54LNH-bM2UkemGBgGul5u8k=&transform=true
50830,https://files2.veracross.com/unishanoi/legacy_files/325250?auth=eyJhbGciOiJIUzI1NiIsInR5cCI6IkpXVCJ9.eyJkYXRhYmFzZSI6InVuaXNoYW5vaSIsInVzZXJuYW1lIjoiZHZjaHV5ZW5AdW5pc2hhbm9pLm9yZyIsImZpbGVfcGsiOjMyNTI1MCwidGFibGVfbmFtZSI6IlBlcnNvbiIsInJlY29yZF9mayI6NTA4MzAsImV4cCI6MTc3MzUzMTAwMH0=.Z3cz1JfS8Fy7aUlnS1DBixD2W9Oxx-d8l-6RqUFim_8=&transform=true
50881,https://files2.veracross.com/unishanoi/legacy_files/324823?auth=eyJhbGciOiJIUzI1NiIsInR5cCI6IkpXVCJ9.eyJkYXRhYmFzZSI6InVuaXNoYW5vaSIsInVzZXJuYW1lIjoiZHZjaHV5ZW5AdW5pc2hhbm9pLm9yZyIsImZpbGVfcGsiOjMyNDgyMywidGFibGVfbmFtZSI6IlBlcnNvbiIsInJlY29yZF9mayI6NTA4ODEsImV4cCI6MTc3MzUzMTAwMH0=.qxKKbq81bw7wkP9rEJj492KieDf2yYmAqvkj6v29C6E=&transform=true
50884,https://files2.veracross.com/unishanoi/legacy_files/325008?auth=eyJhbGciOiJIUzI1NiIsInR5cCI6IkpXVCJ9.eyJkYXRhYmFzZSI6InVuaXNoYW5vaSIsInVzZXJuYW1lIjoiZHZjaHV5ZW5AdW5pc2hhbm9pLm9yZyIsImZpbGVfcGsiOjMyNTAwOCwidGFibGVfbmFtZSI6IlBlcnNvbiIsInJlY29yZF9mayI6NTA4ODQsImV4cCI6MTc3MzUzMTAwMH0=.rgVFr-KoM-UsymbJUlyBbjKu_gyRTF6jir-mASTtAVg=&transform=true
50948,https://files2.veracross.com/unishanoi/legacy_files/325290?auth=eyJhbGciOiJIUzI1NiIsInR5cCI6IkpXVCJ9.eyJkYXRhYmFzZSI6InVuaXNoYW5vaSIsInVzZXJuYW1lIjoiZHZjaHV5ZW5AdW5pc2hhbm9pLm9yZyIsImZpbGVfcGsiOjMyNTI5MCwidGFibGVfbmFtZSI6IlBlcnNvbiIsInJlY29yZF9mayI6NTA5NDgsImV4cCI6MTc3MzUzMTAwMH0=.o0jqkouKXAVfnujwZIBGl5HI7nRtskXRhbLs6QpokR8=&transform=true
50953,https://files2.veracross.com/unishanoi/legacy_files/325171?auth=eyJhbGciOiJIUzI1NiIsInR5cCI6IkpXVCJ9.eyJkYXRhYmFzZSI6InVuaXNoYW5vaSIsInVzZXJuYW1lIjoiZHZjaHV5ZW5AdW5pc2hhbm9pLm9yZyIsImZpbGVfcGsiOjMyNTE3MSwidGFibGVfbmFtZSI6IlBlcnNvbiIsInJlY29yZF9mayI6NTA5NTMsImV4cCI6MTc3MzUzMTAwMH0=.5jAHHhdgHvESB8s9aByj7qHDP4BwXR6zz0rrrTWrBlY=&transform=true
51007,https://files2.veracross.com/unishanoi/legacy_files/325809?auth=eyJhbGciOiJIUzI1NiIsInR5cCI6IkpXVCJ9.eyJkYXRhYmFzZSI6InVuaXNoYW5vaSIsInVzZXJuYW1lIjoiZHZjaHV5ZW5AdW5pc2hhbm9pLm9yZyIsImZpbGVfcGsiOjMyNTgwOSwidGFibGVfbmFtZSI6IlBlcnNvbiIsInJlY29yZF9mayI6NTEwMDcsImV4cCI6MTc3MzUzMTAwMH0=.rv8gssYLWN7ov4XBCZO9omwHaSvXrReZE1pFJyJczKM=&transform=true
51058,https://files2.veracross.com/unishanoi/legacy_files/325545?auth=eyJhbGciOiJIUzI1NiIsInR5cCI6IkpXVCJ9.eyJkYXRhYmFzZSI6InVuaXNoYW5vaSIsInVzZXJuYW1lIjoiZHZjaHV5ZW5AdW5pc2hhbm9pLm9yZyIsImZpbGVfcGsiOjMyNTU0NSwidGFibGVfbmFtZSI6IlBlcnNvbiIsInJlY29yZF9mayI6NTEwNTgsImV4cCI6MTc3MzUzMTAwMH0=.IEIkjLlJLrMDdkh89IDQfxPA2pM8HEkne4dmafbN-WA=&transform=true
51251,https://files2.veracross.com/unishanoi/legacy_files/325195?auth=eyJhbGciOiJIUzI1NiIsInR5cCI6IkpXVCJ9.eyJkYXRhYmFzZSI6InVuaXNoYW5vaSIsInVzZXJuYW1lIjoiZHZjaHV5ZW5AdW5pc2hhbm9pLm9yZyIsImZpbGVfcGsiOjMyNTE5NSwidGFibGVfbmFtZSI6IlBlcnNvbiIsInJlY29yZF9mayI6NTEyNTEsImV4cCI6MTc3MzUzMTAwMH0=.0udXcl4MbiJ-nI3-49RV52gi1rcDKs2_-liNygDdvEI=&transform=true
51471,https://files2.veracross.com/unishanoi/legacy_files/325287?auth=eyJhbGciOiJIUzI1NiIsInR5cCI6IkpXVCJ9.eyJkYXRhYmFzZSI6InVuaXNoYW5vaSIsInVzZXJuYW1lIjoiZHZjaHV5ZW5AdW5pc2hhbm9pLm9yZyIsImZpbGVfcGsiOjMyNTI4NywidGFibGVfbmFtZSI6IlBlcnNvbiIsInJlY29yZF9mayI6NTE0NzEsImV4cCI6MTc3MzUzMTAwMH0=.WNPpsl58wZs1LTbXOzM1x_ULCU0mX-x5IVyOCYBIAhw=&transform=true
51489,https://files2.veracross.com/unishanoi/legacy_files/325510?auth=eyJhbGciOiJIUzI1NiIsInR5cCI6IkpXVCJ9.eyJkYXRhYmFzZSI6InVuaXNoYW5vaSIsInVzZXJuYW1lIjoiZHZjaHV5ZW5AdW5pc2hhbm9pLm9yZyIsImZpbGVfcGsiOjMyNTUxMCwidGFibGVfbmFtZSI6IlBlcnNvbiIsInJlY29yZF9mayI6NTE0ODksImV4cCI6MTc3MzUzMTAwMH0=.acWPuNB1Q5R-Cc5LmtTGmccWMfmDm9Cq8ki7EWHKTCg=&transform=true
51507,https://files2.veracross.com/unishanoi/legacy_files/325421?auth=eyJhbGciOiJIUzI1NiIsInR5cCI6IkpXVCJ9.eyJkYXRhYmFzZSI6InVuaXNoYW5vaSIsInVzZXJuYW1lIjoiZHZjaHV5ZW5AdW5pc2hhbm9pLm9yZyIsImZpbGVfcGsiOjMyNTQyMSwidGFibGVfbmFtZSI6IlBlcnNvbiIsInJlY29yZF9mayI6NTE1MDcsImV4cCI6MTc3MzUzMTAwMH0=.gklLTLNFoleJp2Dh5nQvOe2N1HlLNtuEyC-wNYvEcPU=&transform=true
51534,https://files2.veracross.com/unishanoi/legacy_files/325258?auth=eyJhbGciOiJIUzI1NiIsInR5cCI6IkpXVCJ9.eyJkYXRhYmFzZSI6InVuaXNoYW5vaSIsInVzZXJuYW1lIjoiZHZjaHV5ZW5AdW5pc2hhbm9pLm9yZyIsImZpbGVfcGsiOjMyNTI1OCwidGFibGVfbmFtZSI6IlBlcnNvbiIsInJlY29yZF9mayI6NTE1MzQsImV4cCI6MTc3MzUzMTAwMH0=.cYzPxcLQNNATkbYeMIzDxtvzJKlMGfR6hYUICl5ADvM=&transform=true
51535,https://files2.veracross.com/unishanoi/legacy_files/325245?auth=eyJhbGciOiJIUzI1NiIsInR5cCI6IkpXVCJ9.eyJkYXRhYmFzZSI6InVuaXNoYW5vaSIsInVzZXJuYW1lIjoiZHZjaHV5ZW5AdW5pc2hhbm9pLm9yZyIsImZpbGVfcGsiOjMyNTI0NSwidGFibGVfbmFtZSI6IlBlcnNvbiIsInJlY29yZF9mayI6NTE1MzUsImV4cCI6MTc3MzUzMTAwMH0=.Ddla2G6TO2Ehg9W2gnGPuZQ0YlCywYYTQlrHJxQTByQ=&transform=true
51582,https://files2.veracross.com/unishanoi/legacy_files/324955?auth=eyJhbGciOiJIUzI1NiIsInR5cCI6IkpXVCJ9.eyJkYXRhYmFzZSI6InVuaXNoYW5vaSIsInVzZXJuYW1lIjoiZHZjaHV5ZW5AdW5pc2hhbm9pLm9yZyIsImZpbGVfcGsiOjMyNDk1NSwidGFibGVfbmFtZSI6IlBlcnNvbiIsInJlY29yZF9mayI6NTE1ODIsImV4cCI6MTc3MzUzMTAwMH0=.DvzbiLXZW0zzeNd_y9Fzj4PhysC9CJMFATa9AXQxDB0=&transform=true
51625,https://files2.veracross.com/unishanoi/legacy_files/324810?auth=eyJhbGciOiJIUzI1NiIsInR5cCI6IkpXVCJ9.eyJkYXRhYmFzZSI6InVuaXNoYW5vaSIsInVzZXJuYW1lIjoiZHZjaHV5ZW5AdW5pc2hhbm9pLm9yZyIsImZpbGVfcGsiOjMyNDgxMCwidGFibGVfbmFtZSI6IlBlcnNvbiIsInJlY29yZF9mayI6NTE2MjUsImV4cCI6MTc3MzUzMTAwMH0=.KAvFNOTh6BZyGhikYGAghjxWZI8eHVx4C3Fcpoe48Yw=&transform=true
51633,https://files2.veracross.com/unishanoi/legacy_files/324913?auth=eyJhbGciOiJIUzI1NiIsInR5cCI6IkpXVCJ9.eyJkYXRhYmFzZSI6InVuaXNoYW5vaSIsInVzZXJuYW1lIjoiZHZjaHV5ZW5AdW5pc2hhbm9pLm9yZyIsImZpbGVfcGsiOjMyNDkxMywidGFibGVfbmFtZSI6IlBlcnNvbiIsInJlY29yZF9mayI6NTE2MzMsImV4cCI6MTc3MzUzMTAwMH0=.AyLAJuBcaV95G4usk5HQBI7c1Fd9wLlTvwAkFpoT3j8=&transform=true
51747,https://files2.veracross.com/unishanoi/legacy_files/324902?auth=eyJhbGciOiJIUzI1NiIsInR5cCI6IkpXVCJ9.eyJkYXRhYmFzZSI6InVuaXNoYW5vaSIsInVzZXJuYW1lIjoiZHZjaHV5ZW5AdW5pc2hhbm9pLm9yZyIsImZpbGVfcGsiOjMyNDkwMiwidGFibGVfbmFtZSI6IlBlcnNvbiIsInJlY29yZF9mayI6NTE3NDcsImV4cCI6MTc3MzUzMTAwMH0=.aK3FIMbin8nCZM4MKusfbHqfp1ZEYOJfwRSVgQQ-cfE=&transform=true
51748,https://files2.veracross.com/unishanoi/legacy_files/325847?auth=eyJhbGciOiJIUzI1NiIsInR5cCI6IkpXVCJ9.eyJkYXRhYmFzZSI6InVuaXNoYW5vaSIsInVzZXJuYW1lIjoiZHZjaHV5ZW5AdW5pc2hhbm9pLm9yZyIsImZpbGVfcGsiOjMyNTg0NywidGFibGVfbmFtZSI6IlBlcnNvbiIsInJlY29yZF9mayI6NTE3NDgsImV4cCI6MTc3MzUzMTAwMH0=.4-BJNrkiZTsCGufvtICcwuB2KAbTzIG0sERG43OokOo=&transform=true
51779,https://files2.veracross.com/unishanoi/legacy_files/324814?auth=eyJhbGciOiJIUzI1NiIsInR5cCI6IkpXVCJ9.eyJkYXRhYmFzZSI6InVuaXNoYW5vaSIsInVzZXJuYW1lIjoiZHZjaHV5ZW5AdW5pc2hhbm9pLm9yZyIsImZpbGVfcGsiOjMyNDgxNCwidGFibGVfbmFtZSI6IlBlcnNvbiIsInJlY29yZF9mayI6NTE3NzksImV4cCI6MTc3MzUzMTAwMH0=.Ej2j5QG7lpJVpwKgotvgPdvePRo8GO0w5XBXWsLLVbc=&transform=true
51782,https://files2.veracross.com/unishanoi/legacy_files/325022?auth=eyJhbGciOiJIUzI1NiIsInR5cCI6IkpXVCJ9.eyJkYXRhYmFzZSI6InVuaXNoYW5vaSIsInVzZXJuYW1lIjoiZHZjaHV5ZW5AdW5pc2hhbm9pLm9yZyIsImZpbGVfcGsiOjMyNTAyMiwidGFibGVfbmFtZSI6IlBlcnNvbiIsInJlY29yZF9mayI6NTE3ODIsImV4cCI6MTc3MzUzMTAwMH0=.HsGxHJXnTZStPlQBzL9tLiV_Cm-G0mpRkwOf67e30Gs=&transform=true
51783,https://files2.veracross.com/unishanoi/legacy_files/325003?auth=eyJhbGciOiJIUzI1NiIsInR5cCI6IkpXVCJ9.eyJkYXRhYmFzZSI6InVuaXNoYW5vaSIsInVzZXJuYW1lIjoiZHZjaHV5ZW5AdW5pc2hhbm9pLm9yZyIsImZpbGVfcGsiOjMyNTAwMywidGFibGVfbmFtZSI6IlBlcnNvbiIsInJlY29yZF9mayI6NTE3ODMsImV4cCI6MTc3MzUzMTAwMH0=.wGEavjHjXOE8xe2NIdpJe5Dbm7tFOOyLDlG_AVTzRsQ=&transform=true
51966,https://files2.veracross.com/unishanoi/legacy_files/325019?auth=eyJhbGciOiJIUzI1NiIsInR5cCI6IkpXVCJ9.eyJkYXRhYmFzZSI6InVuaXNoYW5vaSIsInVzZXJuYW1lIjoiZHZjaHV5ZW5AdW5pc2hhbm9pLm9yZyIsImZpbGVfcGsiOjMyNTAxOSwidGFibGVfbmFtZSI6IlBlcnNvbiIsInJlY29yZF9mayI6NTE5NjYsImV4cCI6MTc3MzUzMTAwMH0=.GGvcjjddG1m-96hdBVgEj79Xam3lTW2QZMAyNZloovw=&transform=true
52064,https://files2.veracross.com/unishanoi/legacy_files/295285?auth=eyJhbGciOiJIUzI1NiIsInR5cCI6IkpXVCJ9.eyJkYXRhYmFzZSI6InVuaXNoYW5vaSIsInVzZXJuYW1lIjoiZHZjaHV5ZW5AdW5pc2hhbm9pLm9yZyIsImZpbGVfcGsiOjI5NTI4NSwidGFibGVfbmFtZSI6IlBlcnNvbiIsInJlY29yZF9mayI6NTIwNjQsImV4cCI6MTc3MzUzMTAwMH0=.XPnxHv8EsB_BDWFC2TG6PJCIUs_VZZP6Fm3mH-L_w6U=&transform=true
52290,https://files2.veracross.com/unishanoi/legacy_files/325703?auth=eyJhbGciOiJIUzI1NiIsInR5cCI6IkpXVCJ9.eyJkYXRhYmFzZSI6InVuaXNoYW5vaSIsInVzZXJuYW1lIjoiZHZjaHV5ZW5AdW5pc2hhbm9pLm9yZyIsImZpbGVfcGsiOjMyNTcwMywidGFibGVfbmFtZSI6IlBlcnNvbiIsInJlY29yZF9mayI6NTIyOTAsImV4cCI6MTc3MzUzMTAwMH0=.r9R6UF84DFUBKZIMaHfD1bVwKNO3eRoHAO25SarTW48=&transform=true
52311,https://files2.veracross.com/unishanoi/legacy_files/324853?auth=eyJhbGciOiJIUzI1NiIsInR5cCI6IkpXVCJ9.eyJkYXRhYmFzZSI6InVuaXNoYW5vaSIsInVzZXJuYW1lIjoiZHZjaHV5ZW5AdW5pc2hhbm9pLm9yZyIsImZpbGVfcGsiOjMyNDg1MywidGFibGVfbmFtZSI6IlBlcnNvbiIsInJlY29yZF9mayI6NTIzMTEsImV4cCI6MTc3MzUzMTAwMH0=.iTp4VShVtJamruwU6lCq8C1wAEjsM9e2xRK7PTPFq8M=&transform=true
52332,https://files2.veracross.com/unishanoi/legacy_files/325667?auth=eyJhbGciOiJIUzI1NiIsInR5cCI6IkpXVCJ9.eyJkYXRhYmFzZSI6InVuaXNoYW5vaSIsInVzZXJuYW1lIjoiZHZjaHV5ZW5AdW5pc2hhbm9pLm9yZyIsImZpbGVfcGsiOjMyNTY2NywidGFibGVfbmFtZSI6IlBlcnNvbiIsInJlY29yZF9mayI6NTIzMzIsImV4cCI6MTc3MzUzMTAwMH0=.6AVzDJQ2-juFuJtkk1zO2p9waVPrwqpXM6rEdqMVocY=&transform=true
52333,https://files2.veracross.com/unishanoi/legacy_files/325718?auth=eyJhbGciOiJIUzI1NiIsInR5cCI6IkpXVCJ9.eyJkYXRhYmFzZSI6InVuaXNoYW5vaSIsInVzZXJuYW1lIjoiZHZjaHV5ZW5AdW5pc2hhbm9pLm9yZyIsImZpbGVfcGsiOjMyNTcxOCwidGFibGVfbmFtZSI6IlBlcnNvbiIsInJlY29yZF9mayI6NTIzMzMsImV4cCI6MTc3MzUzMTAwMH0=.CRG2o3MP3F9kqzbgNp5902QshTg0qE68dG3ke71h5F4=&transform=true
52366,https://files2.veracross.com/unishanoi/legacy_files/325098?auth=eyJhbGciOiJIUzI1NiIsInR5cCI6IkpXVCJ9.eyJkYXRhYmFzZSI6InVuaXNoYW5vaSIsInVzZXJuYW1lIjoiZHZjaHV5ZW5AdW5pc2hhbm9pLm9yZyIsImZpbGVfcGsiOjMyNTA5OCwidGFibGVfbmFtZSI6IlBlcnNvbiIsInJlY29yZF9mayI6NTIzNjYsImV4cCI6MTc3MzUzMTAwMH0=.NEERsq3LYClJgVqI5cdG38beAZLuXcuMtse0rPRDP-0=&transform=true
52370,https://files2.veracross.com/unishanoi/legacy_files/325117?auth=eyJhbGciOiJIUzI1NiIsInR5cCI6IkpXVCJ9.eyJkYXRhYmFzZSI6InVuaXNoYW5vaSIsInVzZXJuYW1lIjoiZHZjaHV5ZW5AdW5pc2hhbm9pLm9yZyIsImZpbGVfcGsiOjMyNTExNywidGFibGVfbmFtZSI6IlBlcnNvbiIsInJlY29yZF9mayI6NTIzNzAsImV4cCI6MTc3MzUzMTAwMH0=.DB7O6RO0V5vsXR74P27pFb0VKMeooEWuTVy8NFlRRw4=&transform=true
52626,https://files2.veracross.com/unishanoi/legacy_files/325583?auth=eyJhbGciOiJIUzI1NiIsInR5cCI6IkpXVCJ9.eyJkYXRhYmFzZSI6InVuaXNoYW5vaSIsInVzZXJuYW1lIjoiZHZjaHV5ZW5AdW5pc2hhbm9pLm9yZyIsImZpbGVfcGsiOjMyNTU4MywidGFibGVfbmFtZSI6IlBlcnNvbiIsInJlY29yZF9mayI6NTI2MjYsImV4cCI6MTc3MzUzMTAwMH0=.zxuxMT9jc5QqEFK8u8xC5w7DVnIHngWclktXRTWpSUk=&transform=true
52922,https://files2.veracross.com/unishanoi/legacy_files/325011?auth=eyJhbGciOiJIUzI1NiIsInR5cCI6IkpXVCJ9.eyJkYXRhYmFzZSI6InVuaXNoYW5vaSIsInVzZXJuYW1lIjoiZHZjaHV5ZW5AdW5pc2hhbm9pLm9yZyIsImZpbGVfcGsiOjMyNTAxMSwidGFibGVfbmFtZSI6IlBlcnNvbiIsInJlY29yZF9mayI6NTI5MjIsImV4cCI6MTc3MzUzMTAwMH0=.q5iXcfUnN6VPLbCtKPYSrpvNIO-4Z1Rvk4b3SHLzaEs=&transform=true
52945,https://files2.veracross.com/unishanoi/legacy_files/325076?auth=eyJhbGciOiJIUzI1NiIsInR5cCI6IkpXVCJ9.eyJkYXRhYmFzZSI6InVuaXNoYW5vaSIsInVzZXJuYW1lIjoiZHZjaHV5ZW5AdW5pc2hhbm9pLm9yZyIsImZpbGVfcGsiOjMyNTA3NiwidGFibGVfbmFtZSI6IlBlcnNvbiIsInJlY29yZF9mayI6NTI5NDUsImV4cCI6MTc3MzUzMTAwMH0=.yYv4CmYOTJVAskJYdhwYrbr0wUTwmzv7Ah0IQSOvmS8=&transform=true
52983,https://files2.veracross.com/unishanoi/legacy_files/325259?auth=eyJhbGciOiJIUzI1NiIsInR5cCI6IkpXVCJ9.eyJkYXRhYmFzZSI6InVuaXNoYW5vaSIsInVzZXJuYW1lIjoiZHZjaHV5ZW5AdW5pc2hhbm9pLm9yZyIsImZpbGVfcGsiOjMyNTI1OSwidGFibGVfbmFtZSI6IlBlcnNvbiIsInJlY29yZF9mayI6NTI5ODMsImV4cCI6MTc3MzUzMTAwMH0=.7XNZmvA0VET6K805kMFLoA_uGoqYxDiACmXUrLYRrwc=&transform=true
52998,https://files2.veracross.com/unishanoi/legacy_files/325422?auth=eyJhbGciOiJIUzI1NiIsInR5cCI6IkpXVCJ9.eyJkYXRhYmFzZSI6InVuaXNoYW5vaSIsInVzZXJuYW1lIjoiZHZjaHV5ZW5AdW5pc2hhbm9pLm9yZyIsImZpbGVfcGsiOjMyNTQyMiwidGFibGVfbmFtZSI6IlBlcnNvbiIsInJlY29yZF9mayI6NTI5OTgsImV4cCI6MTc3MzUzMTAwMH0=.Gsp5T1i6A6cdBejEFm5Nb3bru-Xt1_pR0CI-aL3TXsQ=&transform=true
52999,https://files2.veracross.com/unishanoi/legacy_files/325394?auth=eyJhbGciOiJIUzI1NiIsInR5cCI6IkpXVCJ9.eyJkYXRhYmFzZSI6InVuaXNoYW5vaSIsInVzZXJuYW1lIjoiZHZjaHV5ZW5AdW5pc2hhbm9pLm9yZyIsImZpbGVfcGsiOjMyNTM5NCwidGFibGVfbmFtZSI6IlBlcnNvbiIsInJlY29yZF9mayI6NTI5OTksImV4cCI6MTc3MzUzMTAwMH0=.ofu6g9w26h-NU3QpbJAuCPxX9CCHAaOQpZTya9NHAOA=&transform=true
53241,https://files2.veracross.com/unishanoi/legacy_files/325168?auth=eyJhbGciOiJIUzI1NiIsInR5cCI6IkpXVCJ9.eyJkYXRhYmFzZSI6InVuaXNoYW5vaSIsInVzZXJuYW1lIjoiZHZjaHV5ZW5AdW5pc2hhbm9pLm9yZyIsImZpbGVfcGsiOjMyNTE2OCwidGFibGVfbmFtZSI6IlBlcnNvbiIsInJlY29yZF9mayI6NTMyNDEsImV4cCI6MTc3MzUzMTAwMH0=.9P9B5qOpt6tKgPOCnV4cUl3VmjTtY7ZBQqxneTG8-_I=&transform=true
53580,https://files2.veracross.com/unishanoi/legacy_files/324854?auth=eyJhbGciOiJIUzI1NiIsInR5cCI6IkpXVCJ9.eyJkYXRhYmFzZSI6InVuaXNoYW5vaSIsInVzZXJuYW1lIjoiZHZjaHV5ZW5AdW5pc2hhbm9pLm9yZyIsImZpbGVfcGsiOjMyNDg1NCwidGFibGVfbmFtZSI6IlBlcnNvbiIsInJlY29yZF9mayI6NTM1ODAsImV4cCI6MTc3MzUzMTAwMH0=.ewMYmtV1MrWv3-x_CeWGAMIeyYYs_51FxyPREpqEDKA=&transform=true
53599,https://files2.veracross.com/unishanoi/legacy_files/325801?auth=eyJhbGciOiJIUzI1NiIsInR5cCI6IkpXVCJ9.eyJkYXRhYmFzZSI6InVuaXNoYW5vaSIsInVzZXJuYW1lIjoiZHZjaHV5ZW5AdW5pc2hhbm9pLm9yZyIsImZpbGVfcGsiOjMyNTgwMSwidGFibGVfbmFtZSI6IlBlcnNvbiIsInJlY29yZF9mayI6NTM1OTksImV4cCI6MTc3MzUzMTAwMH0=.ADLFIq_ZjxoRgUbHDW8nFMt46d-pkHEmygUYStU3S58=&transform=true
53693,https://files2.veracross.com/unishanoi/legacy_files/325203?auth=eyJhbGciOiJIUzI1NiIsInR5cCI6IkpXVCJ9.eyJkYXRhYmFzZSI6InVuaXNoYW5vaSIsInVzZXJuYW1lIjoiZHZjaHV5ZW5AdW5pc2hhbm9pLm9yZyIsImZpbGVfcGsiOjMyNTIwMywidGFibGVfbmFtZSI6IlBlcnNvbiIsInJlY29yZF9mayI6NTM2OTMsImV4cCI6MTc3MzUzMTAwMH0=.lCViCEHLingK6UDvf7j4YjBQBgPfre2L3XUS5uwdAAU=&transform=true
53796,https://files2.veracross.com/unishanoi/legacy_files/324844?auth=eyJhbGciOiJIUzI1NiIsInR5cCI6IkpXVCJ9.eyJkYXRhYmFzZSI6InVuaXNoYW5vaSIsInVzZXJuYW1lIjoiZHZjaHV5ZW5AdW5pc2hhbm9pLm9yZyIsImZpbGVfcGsiOjMyNDg0NCwidGFibGVfbmFtZSI6IlBlcnNvbiIsInJlY29yZF9mayI6NTM3OTYsImV4cCI6MTc3MzUzMTAwMH0=.xZ4mRXc9V2QE5JwDuJ4cL3q3rdvL7gPVX8hXh52pthQ=&transform=true
53816,https://files2.veracross.com/unishanoi/legacy_files/325004?auth=eyJhbGciOiJIUzI1NiIsInR5cCI6IkpXVCJ9.eyJkYXRhYmFzZSI6InVuaXNoYW5vaSIsInVzZXJuYW1lIjoiZHZjaHV5ZW5AdW5pc2hhbm9pLm9yZyIsImZpbGVfcGsiOjMyNTAwNCwidGFibGVfbmFtZSI6IlBlcnNvbiIsInJlY29yZF9mayI6NTM4MTYsImV4cCI6MTc3MzUzMTAwMH0=.cFmqqgWryZvtr_Qjm7rnY8xB0bmqdL84SEfnxvaUzT0=&transform=true
54054,https://files2.veracross.com/unishanoi/legacy_files/325542?auth=eyJhbGciOiJIUzI1NiIsInR5cCI6IkpXVCJ9.eyJkYXRhYmFzZSI6InVuaXNoYW5vaSIsInVzZXJuYW1lIjoiZHZjaHV5ZW5AdW5pc2hhbm9pLm9yZyIsImZpbGVfcGsiOjMyNTU0MiwidGFibGVfbmFtZSI6IlBlcnNvbiIsInJlY29yZF9mayI6NTQwNTQsImV4cCI6MTc3MzUzMTAwMH0=.En8wPX5IweavMWj4Yb46SHYa-9UWXRgvdA7789IF-GM=&transform=true
54117,https://files2.veracross.com/unishanoi/legacy_files/325205?auth=eyJhbGciOiJIUzI1NiIsInR5cCI6IkpXVCJ9.eyJkYXRhYmFzZSI6InVuaXNoYW5vaSIsInVzZXJuYW1lIjoiZHZjaHV5ZW5AdW5pc2hhbm9pLm9yZyIsImZpbGVfcGsiOjMyNTIwNSwidGFibGVfbmFtZSI6IlBlcnNvbiIsInJlY29yZF9mayI6NTQxMTcsImV4cCI6MTc3MzUzMTAwMH0=.hPjEUY8Vai-wFCwP__UKF5p0nSAtMyEAHwR4Qz2zi8s=&transform=true
54118,https://files2.veracross.com/unishanoi/legacy_files/325328?auth=eyJhbGciOiJIUzI1NiIsInR5cCI6IkpXVCJ9.eyJkYXRhYmFzZSI6InVuaXNoYW5vaSIsInVzZXJuYW1lIjoiZHZjaHV5ZW5AdW5pc2hhbm9pLm9yZyIsImZpbGVfcGsiOjMyNTMyOCwidGFibGVfbmFtZSI6IlBlcnNvbiIsInJlY29yZF9mayI6NTQxMTgsImV4cCI6MTc3MzUzMTAwMH0=.0GpoZL6yfO-zpbJQgHf07qdU3rV3iCAyzVze4-J30ZM=&transform=true
54226,https://files2.veracross.com/unishanoi/legacy_files/325727?auth=eyJhbGciOiJIUzI1NiIsInR5cCI6IkpXVCJ9.eyJkYXRhYmFzZSI6InVuaXNoYW5vaSIsInVzZXJuYW1lIjoiZHZjaHV5ZW5AdW5pc2hhbm9pLm9yZyIsImZpbGVfcGsiOjMyNTcyNywidGFibGVfbmFtZSI6IlBlcnNvbiIsInJlY29yZF9mayI6NTQyMjYsImV4cCI6MTc3MzUzMTAwMH0=.pZ02P6-4ZSwJVotlBWvsha7xX9u_Z_W2s50i7ZzPBMg=&transform=true
54334,https://files2.veracross.com/unishanoi/legacy_files/325486?auth=eyJhbGciOiJIUzI1NiIsInR5cCI6IkpXVCJ9.eyJkYXRhYmFzZSI6InVuaXNoYW5vaSIsInVzZXJuYW1lIjoiZHZjaHV5ZW5AdW5pc2hhbm9pLm9yZyIsImZpbGVfcGsiOjMyNTQ4NiwidGFibGVfbmFtZSI6IlBlcnNvbiIsInJlY29yZF9mayI6NTQzMzQsImV4cCI6MTc3MzUzMTAwMH0=.aXSetcHVNaWPArU7gWXdKwkN78jxcMzOn0wfgPVmRT0=&transform=true
54369,https://files2.veracross.com/unishanoi/legacy_files/296265?auth=eyJhbGciOiJIUzI1NiIsInR5cCI6IkpXVCJ9.eyJkYXRhYmFzZSI6InVuaXNoYW5vaSIsInVzZXJuYW1lIjoiZHZjaHV5ZW5AdW5pc2hhbm9pLm9yZyIsImZpbGVfcGsiOjI5NjI2NSwidGFibGVfbmFtZSI6IlBlcnNvbiIsInJlY29yZF9mayI6NTQzNjksImV4cCI6MTc3MzUzMTAwMH0=.ebtKx0a7gejvDqn7DMu_G_meZH50pMCwsj8PokeNuMQ=&transform=true
54377,https://files2.veracross.com/unishanoi/legacy_files/324954?auth=eyJhbGciOiJIUzI1NiIsInR5cCI6IkpXVCJ9.eyJkYXRhYmFzZSI6InVuaXNoYW5vaSIsInVzZXJuYW1lIjoiZHZjaHV5ZW5AdW5pc2hhbm9pLm9yZyIsImZpbGVfcGsiOjMyNDk1NCwidGFibGVfbmFtZSI6IlBlcnNvbiIsInJlY29yZF9mayI6NTQzNzcsImV4cCI6MTc3MzUzMTAwMH0=.kDIQng6ASSrZrSmONsUCpy2MrYiP8dzK_OwusitSEd8=&transform=true
54430,https://files2.veracross.com/unishanoi/legacy_files/325753?auth=eyJhbGciOiJIUzI1NiIsInR5cCI6IkpXVCJ9.eyJkYXRhYmFzZSI6InVuaXNoYW5vaSIsInVzZXJuYW1lIjoiZHZjaHV5ZW5AdW5pc2hhbm9pLm9yZyIsImZpbGVfcGsiOjMyNTc1MywidGFibGVfbmFtZSI6IlBlcnNvbiIsInJlY29yZF9mayI6NTQ0MzAsImV4cCI6MTc3MzUzMTAwMH0=.2COdc5wAc9jE0wwqNPTi6XdK9Wo4e6zF3G3pxLqtuiU=&transform=true
54459,https://files2.veracross.com/unishanoi/legacy_files/325247?auth=eyJhbGciOiJIUzI1NiIsInR5cCI6IkpXVCJ9.eyJkYXRhYmFzZSI6InVuaXNoYW5vaSIsInVzZXJuYW1lIjoiZHZjaHV5ZW5AdW5pc2hhbm9pLm9yZyIsImZpbGVfcGsiOjMyNTI0NywidGFibGVfbmFtZSI6IlBlcnNvbiIsInJlY29yZF9mayI6NTQ0NTksImV4cCI6MTc3MzUzMTAwMH0=.kcC8M2PeT_Jo75vJ9kXpnx2I7xmb6yiHupr1I7v7MAE=&transform=true
54474,https://files2.veracross.com/unishanoi/legacy_files/325067?auth=eyJhbGciOiJIUzI1NiIsInR5cCI6IkpXVCJ9.eyJkYXRhYmFzZSI6InVuaXNoYW5vaSIsInVzZXJuYW1lIjoiZHZjaHV5ZW5AdW5pc2hhbm9pLm9yZyIsImZpbGVfcGsiOjMyNTA2NywidGFibGVfbmFtZSI6IlBlcnNvbiIsInJlY29yZF9mayI6NTQ0NzQsImV4cCI6MTc3MzUzMTAwMH0=.gQac_sGckTPNMi_ssbQMFpj_hoaqGoHKzoZghT9pT1o=&transform=true
54522,https://files2.veracross.com/unishanoi/legacy_files/329430?auth=eyJhbGciOiJIUzI1NiIsInR5cCI6IkpXVCJ9.eyJkYXRhYmFzZSI6InVuaXNoYW5vaSIsInVzZXJuYW1lIjoiZHZjaHV5ZW5AdW5pc2hhbm9pLm9yZyIsImZpbGVfcGsiOjMyOTQzMCwidGFibGVfbmFtZSI6IlBlcnNvbiIsInJlY29yZF9mayI6NTQ1MjIsImV4cCI6MTc3MzUzMTAwMH0=.Yszs-ZG8U_3LZwHw_hxJ_U_qFRnW4oCtr2huQsP-zsw=&transform=true
54668,https://files2.veracross.com/unishanoi/legacy_files/325386?auth=eyJhbGciOiJIUzI1NiIsInR5cCI6IkpXVCJ9.eyJkYXRhYmFzZSI6InVuaXNoYW5vaSIsInVzZXJuYW1lIjoiZHZjaHV5ZW5AdW5pc2hhbm9pLm9yZyIsImZpbGVfcGsiOjMyNTM4NiwidGFibGVfbmFtZSI6IlBlcnNvbiIsInJlY29yZF9mayI6NTQ2NjgsImV4cCI6MTc3MzUzMTAwMH0=.29Jv7RPuviA19raJKz13Nnk5PtKuWLF_JBUq_snBads=&transform=true
54669,https://files2.veracross.com/unishanoi/legacy_files/325431?auth=eyJhbGciOiJIUzI1NiIsInR5cCI6IkpXVCJ9.eyJkYXRhYmFzZSI6InVuaXNoYW5vaSIsInVzZXJuYW1lIjoiZHZjaHV5ZW5AdW5pc2hhbm9pLm9yZyIsImZpbGVfcGsiOjMyNTQzMSwidGFibGVfbmFtZSI6IlBlcnNvbiIsInJlY29yZF9mayI6NTQ2NjksImV4cCI6MTc3MzUzMTAwMH0=.DR9p0pCTAYfuvbI5PEubzjzJlz_YjjFYZKp50SKG8hQ=&transform=true
54670,https://files2.veracross.com/unishanoi/legacy_files/325183?auth=eyJhbGciOiJIUzI1NiIsInR5cCI6IkpXVCJ9.eyJkYXRhYmFzZSI6InVuaXNoYW5vaSIsInVzZXJuYW1lIjoiZHZjaHV5ZW5AdW5pc2hhbm9pLm9yZyIsImZpbGVfcGsiOjMyNTE4MywidGFibGVfbmFtZSI6IlBlcnNvbiIsInJlY29yZF9mayI6NTQ2NzAsImV4cCI6MTc3MzUzMTAwMH0=.16Fbod4__aXi_RoA42ACIzGAjcXyv7Bqyldi5C4mIG4=&transform=true
54676,https://files2.veracross.com/unishanoi/legacy_files/325062?auth=eyJhbGciOiJIUzI1NiIsInR5cCI6IkpXVCJ9.eyJkYXRhYmFzZSI6InVuaXNoYW5vaSIsInVzZXJuYW1lIjoiZHZjaHV5ZW5AdW5pc2hhbm9pLm9yZyIsImZpbGVfcGsiOjMyNTA2MiwidGFibGVfbmFtZSI6IlBlcnNvbiIsInJlY29yZF9mayI6NTQ2NzYsImV4cCI6MTc3MzUzMTAwMH0=.L2WISs5nGHYc6-P4V0O7MTdfttjboEDwd9oq4HDBqZE=&transform=true
54677,https://files2.veracross.com/unishanoi/legacy_files/325090?auth=eyJhbGciOiJIUzI1NiIsInR5cCI6IkpXVCJ9.eyJkYXRhYmFzZSI6InVuaXNoYW5vaSIsInVzZXJuYW1lIjoiZHZjaHV5ZW5AdW5pc2hhbm9pLm9yZyIsImZpbGVfcGsiOjMyNTA5MCwidGFibGVfbmFtZSI6IlBlcnNvbiIsInJlY29yZF9mayI6NTQ2NzcsImV4cCI6MTc3MzUzMTAwMH0=.3S3dJDfeRkfpdw6O8IpAGGli_K1rQmjnfm_pXefBK_s=&transform=true
54678,https://files2.veracross.com/unishanoi/legacy_files/325501?auth=eyJhbGciOiJIUzI1NiIsInR5cCI6IkpXVCJ9.eyJkYXRhYmFzZSI6InVuaXNoYW5vaSIsInVzZXJuYW1lIjoiZHZjaHV5ZW5AdW5pc2hhbm9pLm9yZyIsImZpbGVfcGsiOjMyNTUwMSwidGFibGVfbmFtZSI6IlBlcnNvbiIsInJlY29yZF9mayI6NTQ2NzgsImV4cCI6MTc3MzUzMTAwMH0=.3G6Kpgw0_PwyTjmJOeVHM_JJZ-zVCcbLtQnMhs8DQ_4=&transform=true
54707,https://files2.veracross.com/unishanoi/legacy_files/325231?auth=eyJhbGciOiJIUzI1NiIsInR5cCI6IkpXVCJ9.eyJkYXRhYmFzZSI6InVuaXNoYW5vaSIsInVzZXJuYW1lIjoiZHZjaHV5ZW5AdW5pc2hhbm9pLm9yZyIsImZpbGVfcGsiOjMyNTIzMSwidGFibGVfbmFtZSI6IlBlcnNvbiIsInJlY29yZF9mayI6NTQ3MDcsImV4cCI6MTc3MzUzMTAwMH0=.BH_mw-kBV9Cfi4J5CfZuHbnCgzXx1EuAmeoU0OeEjH4=&transform=true
54750,https://files2.veracross.com/unishanoi/legacy_files/325858?auth=eyJhbGciOiJIUzI1NiIsInR5cCI6IkpXVCJ9.eyJkYXRhYmFzZSI6InVuaXNoYW5vaSIsInVzZXJuYW1lIjoiZHZjaHV5ZW5AdW5pc2hhbm9pLm9yZyIsImZpbGVfcGsiOjMyNTg1OCwidGFibGVfbmFtZSI6IlBlcnNvbiIsInJlY29yZF9mayI6NTQ3NTAsImV4cCI6MTc3MzUzMTAwMH0=.HCor1QRq4XGPQXVwYh7-YbBW3mv-ETTv0tgys2h1n00=&transform=true
54949,https://files2.veracross.com/unishanoi/legacy_files/325742?auth=eyJhbGciOiJIUzI1NiIsInR5cCI6IkpXVCJ9.eyJkYXRhYmFzZSI6InVuaXNoYW5vaSIsInVzZXJuYW1lIjoiZHZjaHV5ZW5AdW5pc2hhbm9pLm9yZyIsImZpbGVfcGsiOjMyNTc0MiwidGFibGVfbmFtZSI6IlBlcnNvbiIsInJlY29yZF9mayI6NTQ5NDksImV4cCI6MTc3MzUzMTAwMH0=.K4SaJkLiqJqdEM-C7H2SSrI_6fd2wC9n7RLb8ne5Ftg=&transform=true
55064,https://files2.veracross.com/unishanoi/legacy_files/325694?auth=eyJhbGciOiJIUzI1NiIsInR5cCI6IkpXVCJ9.eyJkYXRhYmFzZSI6InVuaXNoYW5vaSIsInVzZXJuYW1lIjoiZHZjaHV5ZW5AdW5pc2hhbm9pLm9yZyIsImZpbGVfcGsiOjMyNTY5NCwidGFibGVfbmFtZSI6IlBlcnNvbiIsInJlY29yZF9mayI6NTUwNjQsImV4cCI6MTc3MzUzMTAwMH0=.xikj9h1Bu-32l5D8x0by_JnCRMJMcorNWeHEKqVOacY=&transform=true
55092,https://files2.veracross.com/unishanoi/legacy_files/324894?auth=eyJhbGciOiJIUzI1NiIsInR5cCI6IkpXVCJ9.eyJkYXRhYmFzZSI6InVuaXNoYW5vaSIsInVzZXJuYW1lIjoiZHZjaHV5ZW5AdW5pc2hhbm9pLm9yZyIsImZpbGVfcGsiOjMyNDg5NCwidGFibGVfbmFtZSI6IlBlcnNvbiIsInJlY29yZF9mayI6NTUwOTIsImV4cCI6MTc3MzUzMTAwMH0=.rr0dafTQz2DhAKNVGs2h9asxRbQCUuPfLKgV9l7zfoo=&transform=true
55096,https://files2.veracross.com/unishanoi/legacy_files/324957?auth=eyJhbGciOiJIUzI1NiIsInR5cCI6IkpXVCJ9.eyJkYXRhYmFzZSI6InVuaXNoYW5vaSIsInVzZXJuYW1lIjoiZHZjaHV5ZW5AdW5pc2hhbm9pLm9yZyIsImZpbGVfcGsiOjMyNDk1NywidGFibGVfbmFtZSI6IlBlcnNvbiIsInJlY29yZF9mayI6NTUwOTYsImV4cCI6MTc3MzUzMTAwMH0=.jXzZxGQynqoNXk_vR2fMQfWw9xh-v2R9Mx_WcogHa_Y=&transform=true
55256,https://files2.veracross.com/unishanoi/legacy_files/324969?auth=eyJhbGciOiJIUzI1NiIsInR5cCI6IkpXVCJ9.eyJkYXRhYmFzZSI6InVuaXNoYW5vaSIsInVzZXJuYW1lIjoiZHZjaHV5ZW5AdW5pc2hhbm9pLm9yZyIsImZpbGVfcGsiOjMyNDk2OSwidGFibGVfbmFtZSI6IlBlcnNvbiIsInJlY29yZF9mayI6NTUyNTYsImV4cCI6MTc3MzUzMTAwMH0=.VbZdyMjHHNFHBOjzaCDt3SeqXhPZDjuKL8SasNFBTb8=&transform=true
55316,https://files2.veracross.com/unishanoi/legacy_files/325738?auth=eyJhbGciOiJIUzI1NiIsInR5cCI6IkpXVCJ9.eyJkYXRhYmFzZSI6InVuaXNoYW5vaSIsInVzZXJuYW1lIjoiZHZjaHV5ZW5AdW5pc2hhbm9pLm9yZyIsImZpbGVfcGsiOjMyNTczOCwidGFibGVfbmFtZSI6IlBlcnNvbiIsInJlY29yZF9mayI6NTUzMTYsImV4cCI6MTc3MzUzMTAwMH0=.9f2SbYEhKvO16-q_ylrbJITnxaB0nl2Pus3OB8xf68M=&transform=true
55788,https://files2.veracross.com/unishanoi/legacy_files/325308?auth=eyJhbGciOiJIUzI1NiIsInR5cCI6IkpXVCJ9.eyJkYXRhYmFzZSI6InVuaXNoYW5vaSIsInVzZXJuYW1lIjoiZHZjaHV5ZW5AdW5pc2hhbm9pLm9yZyIsImZpbGVfcGsiOjMyNTMwOCwidGFibGVfbmFtZSI6IlBlcnNvbiIsInJlY29yZF9mayI6NTU3ODgsImV4cCI6MTc3MzUzMTAwMH0=.U1SKLxREilS8o6cvLHjybHaGhM69KAN53_iaiNukEl4=&transform=true
55902,https://files2.veracross.com/unishanoi/legacy_files/325013?auth=eyJhbGciOiJIUzI1NiIsInR5cCI6IkpXVCJ9.eyJkYXRhYmFzZSI6InVuaXNoYW5vaSIsInVzZXJuYW1lIjoiZHZjaHV5ZW5AdW5pc2hhbm9pLm9yZyIsImZpbGVfcGsiOjMyNTAxMywidGFibGVfbmFtZSI6IlBlcnNvbiIsInJlY29yZF9mayI6NTU5MDIsImV4cCI6MTc3MzUzMTAwMH0=.0fHBkxv0Dh01_C42awjQm__n9x6eE_kGhIGOLpolyxA=&transform=true
55978,https://files2.veracross.com/unishanoi/legacy_files/325312?auth=eyJhbGciOiJIUzI1NiIsInR5cCI6IkpXVCJ9.eyJkYXRhYmFzZSI6InVuaXNoYW5vaSIsInVzZXJuYW1lIjoiZHZjaHV5ZW5AdW5pc2hhbm9pLm9yZyIsImZpbGVfcGsiOjMyNTMxMiwidGFibGVfbmFtZSI6IlBlcnNvbiIsInJlY29yZF9mayI6NTU5NzgsImV4cCI6MTc3MzUzMTAwMH0=.hAQC27NIrWowKaV1kQ4SlhGg0AYj0WREBFbYG-VZcEI=&transform=true
55979,https://files2.veracross.com/unishanoi/legacy_files/325313?auth=eyJhbGciOiJIUzI1NiIsInR5cCI6IkpXVCJ9.eyJkYXRhYmFzZSI6InVuaXNoYW5vaSIsInVzZXJuYW1lIjoiZHZjaHV5ZW5AdW5pc2hhbm9pLm9yZyIsImZpbGVfcGsiOjMyNTMxMywidGFibGVfbmFtZSI6IlBlcnNvbiIsInJlY29yZF9mayI6NTU5NzksImV4cCI6MTc3MzUzMTAwMH0=.PsujS_k1Fy83Ii9ViuLMwY2t_VUlAPLYxq6Wijugrkw=&transform=true
56343,https://files2.veracross.com/unishanoi/legacy_files/325728?auth=eyJhbGciOiJIUzI1NiIsInR5cCI6IkpXVCJ9.eyJkYXRhYmFzZSI6InVuaXNoYW5vaSIsInVzZXJuYW1lIjoiZHZjaHV5ZW5AdW5pc2hhbm9pLm9yZyIsImZpbGVfcGsiOjMyNTcyOCwidGFibGVfbmFtZSI6IlBlcnNvbiIsInJlY29yZF9mayI6NTYzNDMsImV4cCI6MTc3MzUzMTAwMH0=.w5WjO6Z7w6Ljc_S1Nxn17HY8tAeKOu_zTdYPB_S1ST0=&transform=true
56384,https://files2.veracross.com/unishanoi/legacy_files/325735?auth=eyJhbGciOiJIUzI1NiIsInR5cCI6IkpXVCJ9.eyJkYXRhYmFzZSI6InVuaXNoYW5vaSIsInVzZXJuYW1lIjoiZHZjaHV5ZW5AdW5pc2hhbm9pLm9yZyIsImZpbGVfcGsiOjMyNTczNSwidGFibGVfbmFtZSI6IlBlcnNvbiIsInJlY29yZF9mayI6NTYzODQsImV4cCI6MTc3MzUzMTAwMH0=.QbpZ7ko8M_PXZdn01TKU3p3bfJz1CHJmPOUdYo6EBcU=&transform=true
56405,https://files2.veracross.com/unishanoi/legacy_files/324861?auth=eyJhbGciOiJIUzI1NiIsInR5cCI6IkpXVCJ9.eyJkYXRhYmFzZSI6InVuaXNoYW5vaSIsInVzZXJuYW1lIjoiZHZjaHV5ZW5AdW5pc2hhbm9pLm9yZyIsImZpbGVfcGsiOjMyNDg2MSwidGFibGVfbmFtZSI6IlBlcnNvbiIsInJlY29yZF9mayI6NTY0MDUsImV4cCI6MTc3MzUzMTAwMH0=.jBMmokJpUrmS6sOi5wKEwjvx1jaQwhOApiPwdqmIy-E=&transform=true
56482,https://files2.veracross.com/unishanoi/legacy_files/325537?auth=eyJhbGciOiJIUzI1NiIsInR5cCI6IkpXVCJ9.eyJkYXRhYmFzZSI6InVuaXNoYW5vaSIsInVzZXJuYW1lIjoiZHZjaHV5ZW5AdW5pc2hhbm9pLm9yZyIsImZpbGVfcGsiOjMyNTUzNywidGFibGVfbmFtZSI6IlBlcnNvbiIsInJlY29yZF9mayI6NTY0ODIsImV4cCI6MTc3MzUzMTAwMH0=.ud2bIBH5Ikg1LPlZrpTCZLwhh2EtQnroqNeRuNHvLkk=&transform=true
56568,https://files2.veracross.com/unishanoi/legacy_files/325766?auth=eyJhbGciOiJIUzI1NiIsInR5cCI6IkpXVCJ9.eyJkYXRhYmFzZSI6InVuaXNoYW5vaSIsInVzZXJuYW1lIjoiZHZjaHV5ZW5AdW5pc2hhbm9pLm9yZyIsImZpbGVfcGsiOjMyNTc2NiwidGFibGVfbmFtZSI6IlBlcnNvbiIsInJlY29yZF9mayI6NTY1NjgsImV4cCI6MTc3MzUzMTAwMH0=.8XegkUqZoyGiC2NAKUMrKax3wf9qle0Bf32gJtcIbtk=&transform=true
56591,https://files2.veracross.com/unishanoi/legacy_files/329431?auth=eyJhbGciOiJIUzI1NiIsInR5cCI6IkpXVCJ9.eyJkYXRhYmFzZSI6InVuaXNoYW5vaSIsInVzZXJuYW1lIjoiZHZjaHV5ZW5AdW5pc2hhbm9pLm9yZyIsImZpbGVfcGsiOjMyOTQzMSwidGFibGVfbmFtZSI6IlBlcnNvbiIsInJlY29yZF9mayI6NTY1OTEsImV4cCI6MTc3MzUzMTAwMH0=.ssH0G0YRacxHQ4jvdA8bZe_BKdaQ7SsKfDeajmgCd2I=&transform=true
56720,https://files2.veracross.com/unishanoi/legacy_files/325473?auth=eyJhbGciOiJIUzI1NiIsInR5cCI6IkpXVCJ9.eyJkYXRhYmFzZSI6InVuaXNoYW5vaSIsInVzZXJuYW1lIjoiZHZjaHV5ZW5AdW5pc2hhbm9pLm9yZyIsImZpbGVfcGsiOjMyNTQ3MywidGFibGVfbmFtZSI6IlBlcnNvbiIsInJlY29yZF9mayI6NTY3MjAsImV4cCI6MTc3MzUzMTAwMH0=.RYjP_Vm4U0ALFxws9-pOpu0bikTw3AAo0x00FlCTMkg=&transform=true
56751,https://files2.veracross.com/unishanoi/legacy_files/325610?auth=eyJhbGciOiJIUzI1NiIsInR5cCI6IkpXVCJ9.eyJkYXRhYmFzZSI6InVuaXNoYW5vaSIsInVzZXJuYW1lIjoiZHZjaHV5ZW5AdW5pc2hhbm9pLm9yZyIsImZpbGVfcGsiOjMyNTYxMCwidGFibGVfbmFtZSI6IlBlcnNvbiIsInJlY29yZF9mayI6NTY3NTEsImV4cCI6MTc3MzUzMTAwMH0=.MV5gAqOC9DLSOOtI8QylosWpd7gHOu3IBJo5Y3z7KbE=&transform=true
56765,https://files2.veracross.com/unishanoi/legacy_files/324841?auth=eyJhbGciOiJIUzI1NiIsInR5cCI6IkpXVCJ9.eyJkYXRhYmFzZSI6InVuaXNoYW5vaSIsInVzZXJuYW1lIjoiZHZjaHV5ZW5AdW5pc2hhbm9pLm9yZyIsImZpbGVfcGsiOjMyNDg0MSwidGFibGVfbmFtZSI6IlBlcnNvbiIsInJlY29yZF9mayI6NTY3NjUsImV4cCI6MTc3MzUzMTAwMH0=.70KNJzBRoZfE-x3G7vY9iX861g_8Fol_I9IAPGM-IfI=&transform=true
56841,https://files2.veracross.com/unishanoi/legacy_files/325092?auth=eyJhbGciOiJIUzI1NiIsInR5cCI6IkpXVCJ9.eyJkYXRhYmFzZSI6InVuaXNoYW5vaSIsInVzZXJuYW1lIjoiZHZjaHV5ZW5AdW5pc2hhbm9pLm9yZyIsImZpbGVfcGsiOjMyNTA5MiwidGFibGVfbmFtZSI6IlBlcnNvbiIsInJlY29yZF9mayI6NTY4NDEsImV4cCI6MTc3MzUzMTAwMH0=.bI8zn4RdKN-8R_DsbycocYLd_uJIIguSQ_5btk3QK-4=&transform=true
57169,https://files2.veracross.com/unishanoi/legacy_files/325068?auth=eyJhbGciOiJIUzI1NiIsInR5cCI6IkpXVCJ9.eyJkYXRhYmFzZSI6InVuaXNoYW5vaSIsInVzZXJuYW1lIjoiZHZjaHV5ZW5AdW5pc2hhbm9pLm9yZyIsImZpbGVfcGsiOjMyNTA2OCwidGFibGVfbmFtZSI6IlBlcnNvbiIsInJlY29yZF9mayI6NTcxNjksImV4cCI6MTc3MzUzMTAwMH0=.su-1y_NbVSdnn9diGbEhrNEiGlAkdOxMEdbxa_ICLbg=&transform=true
57177,https://files2.veracross.com/unishanoi/legacy_files/325398?auth=eyJhbGciOiJIUzI1NiIsInR5cCI6IkpXVCJ9.eyJkYXRhYmFzZSI6InVuaXNoYW5vaSIsInVzZXJuYW1lIjoiZHZjaHV5ZW5AdW5pc2hhbm9pLm9yZyIsImZpbGVfcGsiOjMyNTM5OCwidGFibGVfbmFtZSI6IlBlcnNvbiIsInJlY29yZF9mayI6NTcxNzcsImV4cCI6MTc3MzUzMTAwMH0=.7D55-yIdM2EgbLTECBUBlrrgk3gJi7KXbKMAgSaBYlI=&transform=true
57526,https://files2.veracross.com/unishanoi/legacy_files/326235?auth=eyJhbGciOiJIUzI1NiIsInR5cCI6IkpXVCJ9.eyJkYXRhYmFzZSI6InVuaXNoYW5vaSIsInVzZXJuYW1lIjoiZHZjaHV5ZW5AdW5pc2hhbm9pLm9yZyIsImZpbGVfcGsiOjMyNjIzNSwidGFibGVfbmFtZSI6IlBlcnNvbiIsInJlY29yZF9mayI6NTc1MjYsImV4cCI6MTc3MzUzMTAwMH0=.zbgDaPfF7b03QaU1Q7mCC9X7xSFujN_Shz-ybE4vbS8=&transform=true
57645,https://files2.veracross.com/unishanoi/legacy_files/324829?auth=eyJhbGciOiJIUzI1NiIsInR5cCI6IkpXVCJ9.eyJkYXRhYmFzZSI6InVuaXNoYW5vaSIsInVzZXJuYW1lIjoiZHZjaHV5ZW5AdW5pc2hhbm9pLm9yZyIsImZpbGVfcGsiOjMyNDgyOSwidGFibGVfbmFtZSI6IlBlcnNvbiIsInJlY29yZF9mayI6NTc2NDUsImV4cCI6MTc3MzUzMTAwMH0=.mC5-JGZIJvjq84P-uThY_h7R9_pp--5Nye2B21YtVdk=&transform=true
57688,https://files2.veracross.com/unishanoi/legacy_files/329432?auth=eyJhbGciOiJIUzI1NiIsInR5cCI6IkpXVCJ9.eyJkYXRhYmFzZSI6InVuaXNoYW5vaSIsInVzZXJuYW1lIjoiZHZjaHV5ZW5AdW5pc2hhbm9pLm9yZyIsImZpbGVfcGsiOjMyOTQzMiwidGFibGVfbmFtZSI6IlBlcnNvbiIsInJlY29yZF9mayI6NTc2ODgsImV4cCI6MTc3MzUzMTAwMH0=.7U7erc0W0bJS3F2YTJUK1Rhy4eWE40-UYGQGpAUZA4E=&transform=true
57766,https://files2.veracross.com/unishanoi/legacy_files/325288?auth=eyJhbGciOiJIUzI1NiIsInR5cCI6IkpXVCJ9.eyJkYXRhYmFzZSI6InVuaXNoYW5vaSIsInVzZXJuYW1lIjoiZHZjaHV5ZW5AdW5pc2hhbm9pLm9yZyIsImZpbGVfcGsiOjMyNTI4OCwidGFibGVfbmFtZSI6IlBlcnNvbiIsInJlY29yZF9mayI6NTc3NjYsImV4cCI6MTc3MzUzMTAwMH0=.Lw8hPgrnbf2Pobpcle0AM2yILrEZFOBGG0_kxjZ0kQY=&transform=true
57772,https://files2.veracross.com/unishanoi/legacy_files/325283?auth=eyJhbGciOiJIUzI1NiIsInR5cCI6IkpXVCJ9.eyJkYXRhYmFzZSI6InVuaXNoYW5vaSIsInVzZXJuYW1lIjoiZHZjaHV5ZW5AdW5pc2hhbm9pLm9yZyIsImZpbGVfcGsiOjMyNTI4MywidGFibGVfbmFtZSI6IlBlcnNvbiIsInJlY29yZF9mayI6NTc3NzIsImV4cCI6MTc3MzUzMTAwMH0=.06YreMyDtNiExHy43mm-4q7rzKpIOP46mDWwczYd5vM=&transform=true
57773,https://files2.veracross.com/unishanoi/legacy_files/325351?auth=eyJhbGciOiJIUzI1NiIsInR5cCI6IkpXVCJ9.eyJkYXRhYmFzZSI6InVuaXNoYW5vaSIsInVzZXJuYW1lIjoiZHZjaHV5ZW5AdW5pc2hhbm9pLm9yZyIsImZpbGVfcGsiOjMyNTM1MSwidGFibGVfbmFtZSI6IlBlcnNvbiIsInJlY29yZF9mayI6NTc3NzMsImV4cCI6MTc3MzUzMTAwMH0=.H87kemQhpRpozZxU_NKuEtx7OxYkA_vxbkHGD4QSN74=&transform=true
57798,https://files2.veracross.com/unishanoi/legacy_files/325345?auth=eyJhbGciOiJIUzI1NiIsInR5cCI6IkpXVCJ9.eyJkYXRhYmFzZSI6InVuaXNoYW5vaSIsInVzZXJuYW1lIjoiZHZjaHV5ZW5AdW5pc2hhbm9pLm9yZyIsImZpbGVfcGsiOjMyNTM0NSwidGFibGVfbmFtZSI6IlBlcnNvbiIsInJlY29yZF9mayI6NTc3OTgsImV4cCI6MTc3MzUzMTAwMH0=.LgTO-ZB5z3rhQo9ufvyMAMiHovwp_G8zUsguTyTCFLY=&transform=true
57847,https://files2.veracross.com/unishanoi/legacy_files/325824?auth=eyJhbGciOiJIUzI1NiIsInR5cCI6IkpXVCJ9.eyJkYXRhYmFzZSI6InVuaXNoYW5vaSIsInVzZXJuYW1lIjoiZHZjaHV5ZW5AdW5pc2hhbm9pLm9yZyIsImZpbGVfcGsiOjMyNTgyNCwidGFibGVfbmFtZSI6IlBlcnNvbiIsInJlY29yZF9mayI6NTc4NDcsImV4cCI6MTc3MzUzMTAwMH0=.bUq5Qq5FtfijSDIOL1ZP9uY_5FYlI7zsSrkaRNucgdE=&transform=true
57885,https://files2.veracross.com/unishanoi/legacy_files/325832?auth=eyJhbGciOiJIUzI1NiIsInR5cCI6IkpXVCJ9.eyJkYXRhYmFzZSI6InVuaXNoYW5vaSIsInVzZXJuYW1lIjoiZHZjaHV5ZW5AdW5pc2hhbm9pLm9yZyIsImZpbGVfcGsiOjMyNTgzMiwidGFibGVfbmFtZSI6IlBlcnNvbiIsInJlY29yZF9mayI6NTc4ODUsImV4cCI6MTc3MzUzMTAwMH0=.rxuU-P-olmxiNjdFJuSQ819yiWk-M1XE9fqXR7qSjFc=&transform=true
58201,https://files2.veracross.com/unishanoi/legacy_files/325016?auth=eyJhbGciOiJIUzI1NiIsInR5cCI6IkpXVCJ9.eyJkYXRhYmFzZSI6InVuaXNoYW5vaSIsInVzZXJuYW1lIjoiZHZjaHV5ZW5AdW5pc2hhbm9pLm9yZyIsImZpbGVfcGsiOjMyNTAxNiwidGFibGVfbmFtZSI6IlBlcnNvbiIsInJlY29yZF9mayI6NTgyMDEsImV4cCI6MTc3MzUzMTAwMH0=.EsiovqhITUlc1lP9cRHkTs7uhGsv5vCzE1c6dnHpagE=&transform=true
58245,https://files2.veracross.com/unishanoi/legacy_files/325419?auth=eyJhbGciOiJIUzI1NiIsInR5cCI6IkpXVCJ9.eyJkYXRhYmFzZSI6InVuaXNoYW5vaSIsInVzZXJuYW1lIjoiZHZjaHV5ZW5AdW5pc2hhbm9pLm9yZyIsImZpbGVfcGsiOjMyNTQxOSwidGFibGVfbmFtZSI6IlBlcnNvbiIsInJlY29yZF9mayI6NTgyNDUsImV4cCI6MTc3MzUzMTAwMH0=.JJAKcInGaGAQY_4q8hxAUGjtgjZknEGsYtxSZHkJp48=&transform=true
58250,https://files2.veracross.com/unishanoi/legacy_files/325399?auth=eyJhbGciOiJIUzI1NiIsInR5cCI6IkpXVCJ9.eyJkYXRhYmFzZSI6InVuaXNoYW5vaSIsInVzZXJuYW1lIjoiZHZjaHV5ZW5AdW5pc2hhbm9pLm9yZyIsImZpbGVfcGsiOjMyNTM5OSwidGFibGVfbmFtZSI6IlBlcnNvbiIsInJlY29yZF9mayI6NTgyNTAsImV4cCI6MTc3MzUzMTAwMH0=.iD6o1xLPFyTIB1vV5Pttp7Vjsyg4xYDzIWpmSMgB8BE=&transform=true
58272,https://files2.veracross.com/unishanoi/legacy_files/325070?auth=eyJhbGciOiJIUzI1NiIsInR5cCI6IkpXVCJ9.eyJkYXRhYmFzZSI6InVuaXNoYW5vaSIsInVzZXJuYW1lIjoiZHZjaHV5ZW5AdW5pc2hhbm9pLm9yZyIsImZpbGVfcGsiOjMyNTA3MCwidGFibGVfbmFtZSI6IlBlcnNvbiIsInJlY29yZF9mayI6NTgyNzIsImV4cCI6MTc3MzUzMTAwMH0=.jRcY38YR5YwEOICGVZo6J_6CjfeDk0VvW8ksP9jsii0=&transform=true
58310,https://files2.veracross.com/unishanoi/legacy_files/325166?auth=eyJhbGciOiJIUzI1NiIsInR5cCI6IkpXVCJ9.eyJkYXRhYmFzZSI6InVuaXNoYW5vaSIsInVzZXJuYW1lIjoiZHZjaHV5ZW5AdW5pc2hhbm9pLm9yZyIsImZpbGVfcGsiOjMyNTE2NiwidGFibGVfbmFtZSI6IlBlcnNvbiIsInJlY29yZF9mayI6NTgzMTAsImV4cCI6MTc3MzUzMTAwMH0=.B0YYnzSzLjpGAV0vLLm41SG2JF4aWJlg5PtUly7RFBM=&transform=true
58326,https://files2.veracross.com/unishanoi/legacy_files/325353?auth=eyJhbGciOiJIUzI1NiIsInR5cCI6IkpXVCJ9.eyJkYXRhYmFzZSI6InVuaXNoYW5vaSIsInVzZXJuYW1lIjoiZHZjaHV5ZW5AdW5pc2hhbm9pLm9yZyIsImZpbGVfcGsiOjMyNTM1MywidGFibGVfbmFtZSI6IlBlcnNvbiIsInJlY29yZF9mayI6NTgzMjYsImV4cCI6MTc3MzUzMTAwMH0=.sf5t2lNRRqPhep5YhfKHTlwxmx294_Y9qsk8H5nez9Y=&transform=true
58376,https://files2.veracross.com/unishanoi/legacy_files/324985?auth=eyJhbGciOiJIUzI1NiIsInR5cCI6IkpXVCJ9.eyJkYXRhYmFzZSI6InVuaXNoYW5vaSIsInVzZXJuYW1lIjoiZHZjaHV5ZW5AdW5pc2hhbm9pLm9yZyIsImZpbGVfcGsiOjMyNDk4NSwidGFibGVfbmFtZSI6IlBlcnNvbiIsInJlY29yZF9mayI6NTgzNzYsImV4cCI6MTc3MzUzMTAwMH0=.c6-84L5j-owOQQ1LZEOsT4Szur-F6JImAksEznQ3Imk=&transform=true
58393,https://files2.veracross.com/unishanoi/legacy_files/325603?auth=eyJhbGciOiJIUzI1NiIsInR5cCI6IkpXVCJ9.eyJkYXRhYmFzZSI6InVuaXNoYW5vaSIsInVzZXJuYW1lIjoiZHZjaHV5ZW5AdW5pc2hhbm9pLm9yZyIsImZpbGVfcGsiOjMyNTYwMywidGFibGVfbmFtZSI6IlBlcnNvbiIsInJlY29yZF9mayI6NTgzOTMsImV4cCI6MTc3MzUzMTAwMH0=.Ya6Z2m_fGEqouBVXdhiUlPsn6cPm91NbUYLrXiF45vY=&transform=true
58439,https://files2.veracross.com/unishanoi/legacy_files/324929?auth=eyJhbGciOiJIUzI1NiIsInR5cCI6IkpXVCJ9.eyJkYXRhYmFzZSI6InVuaXNoYW5vaSIsInVzZXJuYW1lIjoiZHZjaHV5ZW5AdW5pc2hhbm9pLm9yZyIsImZpbGVfcGsiOjMyNDkyOSwidGFibGVfbmFtZSI6IlBlcnNvbiIsInJlY29yZF9mayI6NTg0MzksImV4cCI6MTc3MzUzMTAwMH0=.-zkQCoWIOdjo78fvx4BrRo4Ah2f1Cf_9j7sKJbXniAU=&transform=true
58440,https://files2.veracross.com/unishanoi/legacy_files/325350?auth=eyJhbGciOiJIUzI1NiIsInR5cCI6IkpXVCJ9.eyJkYXRhYmFzZSI6InVuaXNoYW5vaSIsInVzZXJuYW1lIjoiZHZjaHV5ZW5AdW5pc2hhbm9pLm9yZyIsImZpbGVfcGsiOjMyNTM1MCwidGFibGVfbmFtZSI6IlBlcnNvbiIsInJlY29yZF9mayI6NTg0NDAsImV4cCI6MTc3MzUzMTAwMH0=.gi5g4dC7MMQ4qlNH_Jx-N-XeUH-XrqTudS5J4frSUho=&transform=true
58474,https://files2.veracross.com/unishanoi/legacy_files/325051?auth=eyJhbGciOiJIUzI1NiIsInR5cCI6IkpXVCJ9.eyJkYXRhYmFzZSI6InVuaXNoYW5vaSIsInVzZXJuYW1lIjoiZHZjaHV5ZW5AdW5pc2hhbm9pLm9yZyIsImZpbGVfcGsiOjMyNTA1MSwidGFibGVfbmFtZSI6IlBlcnNvbiIsInJlY29yZF9mayI6NTg0NzQsImV4cCI6MTc3MzUzMTAwMH0=.1j2rpkQ8SwzgLXdQOuYbswrA62Mlnl8qNCV2WOfJWLY=&transform=true
58484,https://files2.veracross.com/unishanoi/legacy_files/325456?auth=eyJhbGciOiJIUzI1NiIsInR5cCI6IkpXVCJ9.eyJkYXRhYmFzZSI6InVuaXNoYW5vaSIsInVzZXJuYW1lIjoiZHZjaHV5ZW5AdW5pc2hhbm9pLm9yZyIsImZpbGVfcGsiOjMyNTQ1NiwidGFibGVfbmFtZSI6IlBlcnNvbiIsInJlY29yZF9mayI6NTg0ODQsImV4cCI6MTc3MzUzMTAwMH0=.BKTMg4g--3TduI8Y4OhSLXXQYQCRtUExRo0VPS2KiF4=&transform=true
58491,https://files2.veracross.com/unishanoi/legacy_files/325512?auth=eyJhbGciOiJIUzI1NiIsInR5cCI6IkpXVCJ9.eyJkYXRhYmFzZSI6InVuaXNoYW5vaSIsInVzZXJuYW1lIjoiZHZjaHV5ZW5AdW5pc2hhbm9pLm9yZyIsImZpbGVfcGsiOjMyNTUxMiwidGFibGVfbmFtZSI6IlBlcnNvbiIsInJlY29yZF9mayI6NTg0OTEsImV4cCI6MTc3MzUzMTAwMH0=.tX4uo3uG610tUoyU84gzrYOU9MJQzT6IbzFHmaWD_Vk=&transform=true
58522,https://files2.veracross.com/unishanoi/legacy_files/325395?auth=eyJhbGciOiJIUzI1NiIsInR5cCI6IkpXVCJ9.eyJkYXRhYmFzZSI6InVuaXNoYW5vaSIsInVzZXJuYW1lIjoiZHZjaHV5ZW5AdW5pc2hhbm9pLm9yZyIsImZpbGVfcGsiOjMyNTM5NSwidGFibGVfbmFtZSI6IlBlcnNvbiIsInJlY29yZF9mayI6NTg1MjIsImV4cCI6MTc3MzUzMTAwMH0=.pMHw2P4fY6FjPs8piLoH-JeUzrxoSeBGcR2F7Uqsx2k=&transform=true
58525,https://files2.veracross.com/unishanoi/legacy_files/325565?auth=eyJhbGciOiJIUzI1NiIsInR5cCI6IkpXVCJ9.eyJkYXRhYmFzZSI6InVuaXNoYW5vaSIsInVzZXJuYW1lIjoiZHZjaHV5ZW5AdW5pc2hhbm9pLm9yZyIsImZpbGVfcGsiOjMyNTU2NSwidGFibGVfbmFtZSI6IlBlcnNvbiIsInJlY29yZF9mayI6NTg1MjUsImV4cCI6MTc3MzUzMTAwMH0=.Q90-AQMnkaZd55BzfgPTCqLcO75PpT0o75FOa8tiwrQ=&transform=true
58538,https://files2.veracross.com/unishanoi/legacy_files/325254?auth=eyJhbGciOiJIUzI1NiIsInR5cCI6IkpXVCJ9.eyJkYXRhYmFzZSI6InVuaXNoYW5vaSIsInVzZXJuYW1lIjoiZHZjaHV5ZW5AdW5pc2hhbm9pLm9yZyIsImZpbGVfcGsiOjMyNTI1NCwidGFibGVfbmFtZSI6IlBlcnNvbiIsInJlY29yZF9mayI6NTg1MzgsImV4cCI6MTc3MzUzMTAwMH0=.PykcW7ZmC3aQFzUqv-ctnf790pR-d0juZkF4JuWgSL4=&transform=true
58559,https://files2.veracross.com/unishanoi/legacy_files/324951?auth=eyJhbGciOiJIUzI1NiIsInR5cCI6IkpXVCJ9.eyJkYXRhYmFzZSI6InVuaXNoYW5vaSIsInVzZXJuYW1lIjoiZHZjaHV5ZW5AdW5pc2hhbm9pLm9yZyIsImZpbGVfcGsiOjMyNDk1MSwidGFibGVfbmFtZSI6IlBlcnNvbiIsInJlY29yZF9mayI6NTg1NTksImV4cCI6MTc3MzUzMTAwMH0=.2L6cNF4iJb_9aL_ntVJcFt3-V3mRf4ruzWILXXozfn8=&transform=true
58566,https://files2.veracross.com/unishanoi/legacy_files/325009?auth=eyJhbGciOiJIUzI1NiIsInR5cCI6IkpXVCJ9.eyJkYXRhYmFzZSI6InVuaXNoYW5vaSIsInVzZXJuYW1lIjoiZHZjaHV5ZW5AdW5pc2hhbm9pLm9yZyIsImZpbGVfcGsiOjMyNTAwOSwidGFibGVfbmFtZSI6IlBlcnNvbiIsInJlY29yZF9mayI6NTg1NjYsImV4cCI6MTc3MzUzMTAwMH0=.cwXHGFUmqgapOQIEzVGQIld-IMo_HAA5I3Q8CRxeyJ8=&transform=true
58567,https://files2.veracross.com/unishanoi/legacy_files/325018?auth=eyJhbGciOiJIUzI1NiIsInR5cCI6IkpXVCJ9.eyJkYXRhYmFzZSI6InVuaXNoYW5vaSIsInVzZXJuYW1lIjoiZHZjaHV5ZW5AdW5pc2hhbm9pLm9yZyIsImZpbGVfcGsiOjMyNTAxOCwidGFibGVfbmFtZSI6IlBlcnNvbiIsInJlY29yZF9mayI6NTg1NjcsImV4cCI6MTc3MzUzMTAwMH0=.AIIRYObVFYK-d7kJfKmVu-zvDZ6uVbqWVyeGtVBHIFA=&transform=true
58575,https://files2.veracross.com/unishanoi/legacy_files/324895?auth=eyJhbGciOiJIUzI1NiIsInR5cCI6IkpXVCJ9.eyJkYXRhYmFzZSI6InVuaXNoYW5vaSIsInVzZXJuYW1lIjoiZHZjaHV5ZW5AdW5pc2hhbm9pLm9yZyIsImZpbGVfcGsiOjMyNDg5NSwidGFibGVfbmFtZSI6IlBlcnNvbiIsInJlY29yZF9mayI6NTg1NzUsImV4cCI6MTc3MzUzMTAwMH0=.Gn9LOcqbtGNHxOApwd9zafLsLMHbt-yHp3iYjbndUVk=&transform=true
58588,https://files2.veracross.com/unishanoi/legacy_files/324825?auth=eyJhbGciOiJIUzI1NiIsInR5cCI6IkpXVCJ9.eyJkYXRhYmFzZSI6InVuaXNoYW5vaSIsInVzZXJuYW1lIjoiZHZjaHV5ZW5AdW5pc2hhbm9pLm9yZyIsImZpbGVfcGsiOjMyNDgyNSwidGFibGVfbmFtZSI6IlBlcnNvbiIsInJlY29yZF9mayI6NTg1ODgsImV4cCI6MTc3MzUzMTAwMH0=.aQC1w9St9oV0JFELMwmgvaM2iAgLkGZS14rDuIcvTjk=&transform=true
58603,https://files2.veracross.com/unishanoi/legacy_files/324909?auth=eyJhbGciOiJIUzI1NiIsInR5cCI6IkpXVCJ9.eyJkYXRhYmFzZSI6InVuaXNoYW5vaSIsInVzZXJuYW1lIjoiZHZjaHV5ZW5AdW5pc2hhbm9pLm9yZyIsImZpbGVfcGsiOjMyNDkwOSwidGFibGVfbmFtZSI6IlBlcnNvbiIsInJlY29yZF9mayI6NTg2MDMsImV4cCI6MTc3MzUzMTAwMH0=.mrHI7QkG80ehZWtHAwPYQk-yG6xkK9gAP62QVHy89PI=&transform=true
58621,https://files2.veracross.com/unishanoi/legacy_files/329434?auth=eyJhbGciOiJIUzI1NiIsInR5cCI6IkpXVCJ9.eyJkYXRhYmFzZSI6InVuaXNoYW5vaSIsInVzZXJuYW1lIjoiZHZjaHV5ZW5AdW5pc2hhbm9pLm9yZyIsImZpbGVfcGsiOjMyOTQzNCwidGFibGVfbmFtZSI6IlBlcnNvbiIsInJlY29yZF9mayI6NTg2MjEsImV4cCI6MTc3MzUzMTAwMH0=.1tq7s77JPpksygVLwNlYHnsV76dYew2nTQ8YoorrV5w=&transform=true
58622,https://files2.veracross.com/unishanoi/legacy_files/325716?auth=eyJhbGciOiJIUzI1NiIsInR5cCI6IkpXVCJ9.eyJkYXRhYmFzZSI6InVuaXNoYW5vaSIsInVzZXJuYW1lIjoiZHZjaHV5ZW5AdW5pc2hhbm9pLm9yZyIsImZpbGVfcGsiOjMyNTcxNiwidGFibGVfbmFtZSI6IlBlcnNvbiIsInJlY29yZF9mayI6NTg2MjIsImV4cCI6MTc3MzUzMTAwMH0=.JPBOcKOP0mNwHzpQf7wL5UVvllquM-9AfYHj7dM60IA=&transform=true
58623,https://files2.veracross.com/unishanoi/legacy_files/325673?auth=eyJhbGciOiJIUzI1NiIsInR5cCI6IkpXVCJ9.eyJkYXRhYmFzZSI6InVuaXNoYW5vaSIsInVzZXJuYW1lIjoiZHZjaHV5ZW5AdW5pc2hhbm9pLm9yZyIsImZpbGVfcGsiOjMyNTY3MywidGFibGVfbmFtZSI6IlBlcnNvbiIsInJlY29yZF9mayI6NTg2MjMsImV4cCI6MTc3MzUzMTAwMH0=.pJEAv-7ZqexBJ5sCHU3jm9kMlDXt-e7BDKt3NVWeUMQ=&transform=true
58628,https://files2.veracross.com/unishanoi/legacy_files/324851?auth=eyJhbGciOiJIUzI1NiIsInR5cCI6IkpXVCJ9.eyJkYXRhYmFzZSI6InVuaXNoYW5vaSIsInVzZXJuYW1lIjoiZHZjaHV5ZW5AdW5pc2hhbm9pLm9yZyIsImZpbGVfcGsiOjMyNDg1MSwidGFibGVfbmFtZSI6IlBlcnNvbiIsInJlY29yZF9mayI6NTg2MjgsImV4cCI6MTc3MzUzMTAwMH0=.p2dfhbUxV-cZ3qenQvknSThWgqKyDLFbUZuTX_Py_Kg=&transform=true
58639,https://files2.veracross.com/unishanoi/legacy_files/325036?auth=eyJhbGciOiJIUzI1NiIsInR5cCI6IkpXVCJ9.eyJkYXRhYmFzZSI6InVuaXNoYW5vaSIsInVzZXJuYW1lIjoiZHZjaHV5ZW5AdW5pc2hhbm9pLm9yZyIsImZpbGVfcGsiOjMyNTAzNiwidGFibGVfbmFtZSI6IlBlcnNvbiIsInJlY29yZF9mayI6NTg2MzksImV4cCI6MTc3MzUzMTAwMH0=.b18u-0k63FzVN0APPg4lrTPmiFfaUOA2wg-Alx-zPGY=&transform=true
58672,https://files2.veracross.com/unishanoi/legacy_files/326300?auth=eyJhbGciOiJIUzI1NiIsInR5cCI6IkpXVCJ9.eyJkYXRhYmFzZSI6InVuaXNoYW5vaSIsInVzZXJuYW1lIjoiZHZjaHV5ZW5AdW5pc2hhbm9pLm9yZyIsImZpbGVfcGsiOjMyNjMwMCwidGFibGVfbmFtZSI6IlBlcnNvbiIsInJlY29yZF9mayI6NTg2NzIsImV4cCI6MTc3MzUzMTAwMH0=.CTVX-1UAfXluwfcnVNNFxY_z7pPs4H3c8Y76BYw-I8U=&transform=true
58679,https://files2.veracross.com/unishanoi/legacy_files/325465?auth=eyJhbGciOiJIUzI1NiIsInR5cCI6IkpXVCJ9.eyJkYXRhYmFzZSI6InVuaXNoYW5vaSIsInVzZXJuYW1lIjoiZHZjaHV5ZW5AdW5pc2hhbm9pLm9yZyIsImZpbGVfcGsiOjMyNTQ2NSwidGFibGVfbmFtZSI6IlBlcnNvbiIsInJlY29yZF9mayI6NTg2NzksImV4cCI6MTc3MzUzMTAwMH0=.UNsnYNw43dr3yPwar-B7YWYM5WCYpedspJ0v4bVF-0Q=&transform=true
58680,https://files2.veracross.com/unishanoi/legacy_files/325296?auth=eyJhbGciOiJIUzI1NiIsInR5cCI6IkpXVCJ9.eyJkYXRhYmFzZSI6InVuaXNoYW5vaSIsInVzZXJuYW1lIjoiZHZjaHV5ZW5AdW5pc2hhbm9pLm9yZyIsImZpbGVfcGsiOjMyNTI5NiwidGFibGVfbmFtZSI6IlBlcnNvbiIsInJlY29yZF9mayI6NTg2ODAsImV4cCI6MTc3MzUzMTAwMH0=.YbOhaxvCsul0NWEQofyMLS5CW5FJhfUvMRdMXguN-sU=&transform=true
58683,https://files2.veracross.com/unishanoi/legacy_files/325381?auth=eyJhbGciOiJIUzI1NiIsInR5cCI6IkpXVCJ9.eyJkYXRhYmFzZSI6InVuaXNoYW5vaSIsInVzZXJuYW1lIjoiZHZjaHV5ZW5AdW5pc2hhbm9pLm9yZyIsImZpbGVfcGsiOjMyNTM4MSwidGFibGVfbmFtZSI6IlBlcnNvbiIsInJlY29yZF9mayI6NTg2ODMsImV4cCI6MTc3MzUzMTAwMH0=.u44e-aooBMeLlnq5-uRBSpZZDT-xQwaBoyUXGd0DbDs=&transform=true
58687,https://files2.veracross.com/unishanoi/legacy_files/325502?auth=eyJhbGciOiJIUzI1NiIsInR5cCI6IkpXVCJ9.eyJkYXRhYmFzZSI6InVuaXNoYW5vaSIsInVzZXJuYW1lIjoiZHZjaHV5ZW5AdW5pc2hhbm9pLm9yZyIsImZpbGVfcGsiOjMyNTUwMiwidGFibGVfbmFtZSI6IlBlcnNvbiIsInJlY29yZF9mayI6NTg2ODcsImV4cCI6MTc3MzUzMTAwMH0=.PRR2yMugwxFukasCfOd9238nrXB142UIUiOud67HHKA=&transform=true
58698,https://files2.veracross.com/unishanoi/legacy_files/325237?auth=eyJhbGciOiJIUzI1NiIsInR5cCI6IkpXVCJ9.eyJkYXRhYmFzZSI6InVuaXNoYW5vaSIsInVzZXJuYW1lIjoiZHZjaHV5ZW5AdW5pc2hhbm9pLm9yZyIsImZpbGVfcGsiOjMyNTIzNywidGFibGVfbmFtZSI6IlBlcnNvbiIsInJlY29yZF9mayI6NTg2OTgsImV4cCI6MTc3MzUzMTAwMH0=.l3v4MP4UNog7xcYYxYHwTMZi_xWhJJziyStC97PN5Vo=&transform=true
58706,https://files2.veracross.com/unishanoi/legacy_files/325266?auth=eyJhbGciOiJIUzI1NiIsInR5cCI6IkpXVCJ9.eyJkYXRhYmFzZSI6InVuaXNoYW5vaSIsInVzZXJuYW1lIjoiZHZjaHV5ZW5AdW5pc2hhbm9pLm9yZyIsImZpbGVfcGsiOjMyNTI2NiwidGFibGVfbmFtZSI6IlBlcnNvbiIsInJlY29yZF9mayI6NTg3MDYsImV4cCI6MTc3MzUzMTAwMH0=.Upe1dD36jbI2u6AQgpvQQYZN3w-muSe-1IiCBiMfF14=&transform=true
58781,https://files2.veracross.com/unishanoi/legacy_files/325699?auth=eyJhbGciOiJIUzI1NiIsInR5cCI6IkpXVCJ9.eyJkYXRhYmFzZSI6InVuaXNoYW5vaSIsInVzZXJuYW1lIjoiZHZjaHV5ZW5AdW5pc2hhbm9pLm9yZyIsImZpbGVfcGsiOjMyNTY5OSwidGFibGVfbmFtZSI6IlBlcnNvbiIsInJlY29yZF9mayI6NTg3ODEsImV4cCI6MTc3MzUzMTAwMH0=.qO7ON9b948JCXQAHlYcrAdWtP0zHjzwRLfU6-Df4fWI=&transform=true
58782,https://files2.veracross.com/unishanoi/legacy_files/325637?auth=eyJhbGciOiJIUzI1NiIsInR5cCI6IkpXVCJ9.eyJkYXRhYmFzZSI6InVuaXNoYW5vaSIsInVzZXJuYW1lIjoiZHZjaHV5ZW5AdW5pc2hhbm9pLm9yZyIsImZpbGVfcGsiOjMyNTYzNywidGFibGVfbmFtZSI6IlBlcnNvbiIsInJlY29yZF9mayI6NTg3ODIsImV4cCI6MTc3MzUzMTAwMH0=.R7ZmnYyxxy1pA7sTQatR5CBOrBjwXdcNMll9BhCv9A8=&transform=true
58797,https://files2.veracross.com/unishanoi/legacy_files/325615?auth=eyJhbGciOiJIUzI1NiIsInR5cCI6IkpXVCJ9.eyJkYXRhYmFzZSI6InVuaXNoYW5vaSIsInVzZXJuYW1lIjoiZHZjaHV5ZW5AdW5pc2hhbm9pLm9yZyIsImZpbGVfcGsiOjMyNTYxNSwidGFibGVfbmFtZSI6IlBlcnNvbiIsInJlY29yZF9mayI6NTg3OTcsImV4cCI6MTc3MzUzMTAwMH0=.p65S_8efdbg4jvtdG5rQ4wyJQraYhDKBZvXMHehmbNg=&transform=true
58829,https://files2.veracross.com/unishanoi/legacy_files/325741?auth=eyJhbGciOiJIUzI1NiIsInR5cCI6IkpXVCJ9.eyJkYXRhYmFzZSI6InVuaXNoYW5vaSIsInVzZXJuYW1lIjoiZHZjaHV5ZW5AdW5pc2hhbm9pLm9yZyIsImZpbGVfcGsiOjMyNTc0MSwidGFibGVfbmFtZSI6IlBlcnNvbiIsInJlY29yZF9mayI6NTg4MjksImV4cCI6MTc3MzUzMTAwMH0=.wbCin4h5uzvh7p_6YSaX0qP4Mb7WThE732VnXeYTwW4=&transform=true
58906,https://files2.veracross.com/unishanoi/legacy_files/325427?auth=eyJhbGciOiJIUzI1NiIsInR5cCI6IkpXVCJ9.eyJkYXRhYmFzZSI6InVuaXNoYW5vaSIsInVzZXJuYW1lIjoiZHZjaHV5ZW5AdW5pc2hhbm9pLm9yZyIsImZpbGVfcGsiOjMyNTQyNywidGFibGVfbmFtZSI6IlBlcnNvbiIsInJlY29yZF9mayI6NTg5MDYsImV4cCI6MTc3MzUzMTAwMH0=.OmsRU9YBV2xSe4B8NCZsoElZM2QomiSkl0hAb_mWt3Y=&transform=true
58907,https://files2.veracross.com/unishanoi/legacy_files/325388?auth=eyJhbGciOiJIUzI1NiIsInR5cCI6IkpXVCJ9.eyJkYXRhYmFzZSI6InVuaXNoYW5vaSIsInVzZXJuYW1lIjoiZHZjaHV5ZW5AdW5pc2hhbm9pLm9yZyIsImZpbGVfcGsiOjMyNTM4OCwidGFibGVfbmFtZSI6IlBlcnNvbiIsInJlY29yZF9mayI6NTg5MDcsImV4cCI6MTc3MzUzMTAwMH0=.S4FRxkFBekf-ypgxHvrNFIzqaDxP2GNaxtzgrImpro4=&transform=true
58914,https://files2.veracross.com/unishanoi/legacy_files/326325?auth=eyJhbGciOiJIUzI1NiIsInR5cCI6IkpXVCJ9.eyJkYXRhYmFzZSI6InVuaXNoYW5vaSIsInVzZXJuYW1lIjoiZHZjaHV5ZW5AdW5pc2hhbm9pLm9yZyIsImZpbGVfcGsiOjMyNjMyNSwidGFibGVfbmFtZSI6IlBlcnNvbiIsInJlY29yZF9mayI6NTg5MTQsImV4cCI6MTc3MzUzMTAwMH0=.xffTpVXQad1FSFp_JWnFHUYqD0l7CT7WAcUr9kov8sU=&transform=true
58964,https://files2.veracross.com/unishanoi/legacy_files/326339?auth=eyJhbGciOiJIUzI1NiIsInR5cCI6IkpXVCJ9.eyJkYXRhYmFzZSI6InVuaXNoYW5vaSIsInVzZXJuYW1lIjoiZHZjaHV5ZW5AdW5pc2hhbm9pLm9yZyIsImZpbGVfcGsiOjMyNjMzOSwidGFibGVfbmFtZSI6IlBlcnNvbiIsInJlY29yZF9mayI6NTg5NjQsImV4cCI6MTc3MzUzMTAwMH0=.y7GqyCkawgawZ-0OdskKqhDUVNzBf7CG35FPc7T6vdk=&transform=true
58965,https://files2.veracross.com/unishanoi/legacy_files/326342?auth=eyJhbGciOiJIUzI1NiIsInR5cCI6IkpXVCJ9.eyJkYXRhYmFzZSI6InVuaXNoYW5vaSIsInVzZXJuYW1lIjoiZHZjaHV5ZW5AdW5pc2hhbm9pLm9yZyIsImZpbGVfcGsiOjMyNjM0MiwidGFibGVfbmFtZSI6IlBlcnNvbiIsInJlY29yZF9mayI6NTg5NjUsImV4cCI6MTc3MzUzMTAwMH0=.K1vq1vPA6CYGRSGcsUP8v9bfwoY84OOH-uQVMVVJnts=&transform=true
59009,https://files2.veracross.com/unishanoi/legacy_files/325226?auth=eyJhbGciOiJIUzI1NiIsInR5cCI6IkpXVCJ9.eyJkYXRhYmFzZSI6InVuaXNoYW5vaSIsInVzZXJuYW1lIjoiZHZjaHV5ZW5AdW5pc2hhbm9pLm9yZyIsImZpbGVfcGsiOjMyNTIyNiwidGFibGVfbmFtZSI6IlBlcnNvbiIsInJlY29yZF9mayI6NTkwMDksImV4cCI6MTc3MzUzMTAwMH0=.XWqyHk3fP731kcFvywbiFvamAdDObn4gvctRDWTR_pI=&transform=true
59038,https://files2.veracross.com/unishanoi/legacy_files/325352?auth=eyJhbGciOiJIUzI1NiIsInR5cCI6IkpXVCJ9.eyJkYXRhYmFzZSI6InVuaXNoYW5vaSIsInVzZXJuYW1lIjoiZHZjaHV5ZW5AdW5pc2hhbm9pLm9yZyIsImZpbGVfcGsiOjMyNTM1MiwidGFibGVfbmFtZSI6IlBlcnNvbiIsInJlY29yZF9mayI6NTkwMzgsImV4cCI6MTc3MzUzMTAwMH0=.zeGg1XxgMisFrr3qy5ezRzGSVLQ-Zz-v3ptwq5DzN0s=&transform=true
59039,https://files2.veracross.com/unishanoi/legacy_files/325286?auth=eyJhbGciOiJIUzI1NiIsInR5cCI6IkpXVCJ9.eyJkYXRhYmFzZSI6InVuaXNoYW5vaSIsInVzZXJuYW1lIjoiZHZjaHV5ZW5AdW5pc2hhbm9pLm9yZyIsImZpbGVfcGsiOjMyNTI4NiwidGFibGVfbmFtZSI6IlBlcnNvbiIsInJlY29yZF9mayI6NTkwMzksImV4cCI6MTc3MzUzMTAwMH0=.yftpnxD8g6lekilckysuqZ9ux18WI7bSlxpIH7ZiGII=&transform=true
59489,https://files2.veracross.com/unishanoi/legacy_files/325616?auth=eyJhbGciOiJIUzI1NiIsInR5cCI6IkpXVCJ9.eyJkYXRhYmFzZSI6InVuaXNoYW5vaSIsInVzZXJuYW1lIjoiZHZjaHV5ZW5AdW5pc2hhbm9pLm9yZyIsImZpbGVfcGsiOjMyNTYxNiwidGFibGVfbmFtZSI6IlBlcnNvbiIsInJlY29yZF9mayI6NTk0ODksImV4cCI6MTc3MzUzMTAwMH0=.haTw0CRblualWGfqysW4FL0H7hxjudig_fyZGk0FoTs=&transform=true
59577,https://files2.veracross.com/unishanoi/legacy_files/325441?auth=eyJhbGciOiJIUzI1NiIsInR5cCI6IkpXVCJ9.eyJkYXRhYmFzZSI6InVuaXNoYW5vaSIsInVzZXJuYW1lIjoiZHZjaHV5ZW5AdW5pc2hhbm9pLm9yZyIsImZpbGVfcGsiOjMyNTQ0MSwidGFibGVfbmFtZSI6IlBlcnNvbiIsInJlY29yZF9mayI6NTk1NzcsImV4cCI6MTc3MzUzMTAwMH0=.0qzMePo4zes4lAEndtsSVK1IivxLW6tS_5Om48YLxyg=&transform=true
59662,https://files2.veracross.com/unishanoi/legacy_files/325698?auth=eyJhbGciOiJIUzI1NiIsInR5cCI6IkpXVCJ9.eyJkYXRhYmFzZSI6InVuaXNoYW5vaSIsInVzZXJuYW1lIjoiZHZjaHV5ZW5AdW5pc2hhbm9pLm9yZyIsImZpbGVfcGsiOjMyNTY5OCwidGFibGVfbmFtZSI6IlBlcnNvbiIsInJlY29yZF9mayI6NTk2NjIsImV4cCI6MTc3MzUzMTAwMH0=.L7kURrSmnJtypBoahWYgwUqA1XzuIrUR_OZhPQ5H5Qc=&transform=true
59670,https://files2.veracross.com/unishanoi/legacy_files/325831?auth=eyJhbGciOiJIUzI1NiIsInR5cCI6IkpXVCJ9.eyJkYXRhYmFzZSI6InVuaXNoYW5vaSIsInVzZXJuYW1lIjoiZHZjaHV5ZW5AdW5pc2hhbm9pLm9yZyIsImZpbGVfcGsiOjMyNTgzMSwidGFibGVfbmFtZSI6IlBlcnNvbiIsInJlY29yZF9mayI6NTk2NzAsImV4cCI6MTc3MzUzMTAwMH0=.5pL6g7u8s00mCpRi8yStXi6wRaboZ6O4IpqR5_Hu7zw=&transform=true
59748,https://files2.veracross.com/unishanoi/legacy_files/325361?auth=eyJhbGciOiJIUzI1NiIsInR5cCI6IkpXVCJ9.eyJkYXRhYmFzZSI6InVuaXNoYW5vaSIsInVzZXJuYW1lIjoiZHZjaHV5ZW5AdW5pc2hhbm9pLm9yZyIsImZpbGVfcGsiOjMyNTM2MSwidGFibGVfbmFtZSI6IlBlcnNvbiIsInJlY29yZF9mayI6NTk3NDgsImV4cCI6MTc3MzUzMTAwMH0=.NavXaYbyJFzObS-vCQUf3BVhUSgVfGYTGqEdsXaPhfQ=&transform=true
59777,https://files2.veracross.com/unishanoi/legacy_files/325282?auth=eyJhbGciOiJIUzI1NiIsInR5cCI6IkpXVCJ9.eyJkYXRhYmFzZSI6InVuaXNoYW5vaSIsInVzZXJuYW1lIjoiZHZjaHV5ZW5AdW5pc2hhbm9pLm9yZyIsImZpbGVfcGsiOjMyNTI4MiwidGFibGVfbmFtZSI6IlBlcnNvbiIsInJlY29yZF9mayI6NTk3NzcsImV4cCI6MTc3MzUzMTAwMH0=.9_5lpNUdLHsj9NUyr429G1lWISsIFTFlWzftLolS4RY=&transform=true
59813,https://files2.veracross.com/unishanoi/legacy_files/325140?auth=eyJhbGciOiJIUzI1NiIsInR5cCI6IkpXVCJ9.eyJkYXRhYmFzZSI6InVuaXNoYW5vaSIsInVzZXJuYW1lIjoiZHZjaHV5ZW5AdW5pc2hhbm9pLm9yZyIsImZpbGVfcGsiOjMyNTE0MCwidGFibGVfbmFtZSI6IlBlcnNvbiIsInJlY29yZF9mayI6NTk4MTMsImV4cCI6MTc3MzUzMTAwMH0=.KIvHliiZ9rDdLnNS4znA3za_twAVI3W_wSxtoJuTbis=&transform=true
59862,https://files2.veracross.com/unishanoi/legacy_files/313935?auth=eyJhbGciOiJIUzI1NiIsInR5cCI6IkpXVCJ9.eyJkYXRhYmFzZSI6InVuaXNoYW5vaSIsInVzZXJuYW1lIjoiZHZjaHV5ZW5AdW5pc2hhbm9pLm9yZyIsImZpbGVfcGsiOjMxMzkzNSwidGFibGVfbmFtZSI6IlBlcnNvbiIsInJlY29yZF9mayI6NTk4NjIsImV4cCI6MTc3MzUzMTAwMH0=.FDbId2cNe0coZQnmdDsBGQViE4SpcL7BQ9-vFVAUd_g=&transform=true
59905,https://files2.veracross.com/unishanoi/legacy_files/324870?auth=eyJhbGciOiJIUzI1NiIsInR5cCI6IkpXVCJ9.eyJkYXRhYmFzZSI6InVuaXNoYW5vaSIsInVzZXJuYW1lIjoiZHZjaHV5ZW5AdW5pc2hhbm9pLm9yZyIsImZpbGVfcGsiOjMyNDg3MCwidGFibGVfbmFtZSI6IlBlcnNvbiIsInJlY29yZF9mayI6NTk5MDUsImV4cCI6MTc3MzUzMTAwMH0=.vI553ev7w1cTzudPqggu4RqC_pdVyK4qCNuK3xSODsM=&transform=true
59906,https://files2.veracross.com/unishanoi/legacy_files/324807?auth=eyJhbGciOiJIUzI1NiIsInR5cCI6IkpXVCJ9.eyJkYXRhYmFzZSI6InVuaXNoYW5vaSIsInVzZXJuYW1lIjoiZHZjaHV5ZW5AdW5pc2hhbm9pLm9yZyIsImZpbGVfcGsiOjMyNDgwNywidGFibGVfbmFtZSI6IlBlcnNvbiIsInJlY29yZF9mayI6NTk5MDYsImV4cCI6MTc3MzUzMTAwMH0=.k_dimvHhObCEMlubTlZ5twNsew9lmcM5jnR_MHJwQp8=&transform=true
59924,https://files2.veracross.com/unishanoi/legacy_files/326338?auth=eyJhbGciOiJIUzI1NiIsInR5cCI6IkpXVCJ9.eyJkYXRhYmFzZSI6InVuaXNoYW5vaSIsInVzZXJuYW1lIjoiZHZjaHV5ZW5AdW5pc2hhbm9pLm9yZyIsImZpbGVfcGsiOjMyNjMzOCwidGFibGVfbmFtZSI6IlBlcnNvbiIsInJlY29yZF9mayI6NTk5MjQsImV4cCI6MTc3MzUzMTAwMH0=.OhvS3qnHtm3LvtLf1MPh3_UIHdv9TFw5ZQo-zqGKPf4=&transform=true
59984,https://files2.veracross.com/unishanoi/legacy_files/325366?auth=eyJhbGciOiJIUzI1NiIsInR5cCI6IkpXVCJ9.eyJkYXRhYmFzZSI6InVuaXNoYW5vaSIsInVzZXJuYW1lIjoiZHZjaHV5ZW5AdW5pc2hhbm9pLm9yZyIsImZpbGVfcGsiOjMyNTM2NiwidGFibGVfbmFtZSI6IlBlcnNvbiIsInJlY29yZF9mayI6NTk5ODQsImV4cCI6MTc3MzUzMTAwMH0=.oGUcFMLbGU6GTeGFMD5jslmszV6wnWblZl171epoixU=&transform=true
59997,https://files2.veracross.com/unishanoi/legacy_files/325589?auth=eyJhbGciOiJIUzI1NiIsInR5cCI6IkpXVCJ9.eyJkYXRhYmFzZSI6InVuaXNoYW5vaSIsInVzZXJuYW1lIjoiZHZjaHV5ZW5AdW5pc2hhbm9pLm9yZyIsImZpbGVfcGsiOjMyNTU4OSwidGFibGVfbmFtZSI6IlBlcnNvbiIsInJlY29yZF9mayI6NTk5OTcsImV4cCI6MTc3MzUzMTAwMH0=.tx0d1zZbBhcWYdk0EQqM5DayhS7uBv-r3sry0klvYEQ=&transform=true
60040,https://files2.veracross.com/unishanoi/legacy_files/325316?auth=eyJhbGciOiJIUzI1NiIsInR5cCI6IkpXVCJ9.eyJkYXRhYmFzZSI6InVuaXNoYW5vaSIsInVzZXJuYW1lIjoiZHZjaHV5ZW5AdW5pc2hhbm9pLm9yZyIsImZpbGVfcGsiOjMyNTMxNiwidGFibGVfbmFtZSI6IlBlcnNvbiIsInJlY29yZF9mayI6NjAwNDAsImV4cCI6MTc3MzUzMTAwMH0=.b4Ao3LS0AEEAK2bKwsQfsgbHrYqujd6_DIqMw9QG5Sg=&transform=true
60050,https://files2.veracross.com/unishanoi/legacy_files/325555?auth=eyJhbGciOiJIUzI1NiIsInR5cCI6IkpXVCJ9.eyJkYXRhYmFzZSI6InVuaXNoYW5vaSIsInVzZXJuYW1lIjoiZHZjaHV5ZW5AdW5pc2hhbm9pLm9yZyIsImZpbGVfcGsiOjMyNTU1NSwidGFibGVfbmFtZSI6IlBlcnNvbiIsInJlY29yZF9mayI6NjAwNTAsImV4cCI6MTc3MzUzMTAwMH0=.dRVzvaL51YHdVSE3Rx99TRQTJgWvfWqLiRGO5QW0ils=&transform=true
60051,https://files2.veracross.com/unishanoi/legacy_files/325560?auth=eyJhbGciOiJIUzI1NiIsInR5cCI6IkpXVCJ9.eyJkYXRhYmFzZSI6InVuaXNoYW5vaSIsInVzZXJuYW1lIjoiZHZjaHV5ZW5AdW5pc2hhbm9pLm9yZyIsImZpbGVfcGsiOjMyNTU2MCwidGFibGVfbmFtZSI6IlBlcnNvbiIsInJlY29yZF9mayI6NjAwNTEsImV4cCI6MTc3MzUzMTAwMH0=.yQhc6AIWfvJZK4fsi5jFGzC4Tis3H2dRahjzO1YRNm4=&transform=true
60064,https://files2.veracross.com/unishanoi/legacy_files/326297?auth=eyJhbGciOiJIUzI1NiIsInR5cCI6IkpXVCJ9.eyJkYXRhYmFzZSI6InVuaXNoYW5vaSIsInVzZXJuYW1lIjoiZHZjaHV5ZW5AdW5pc2hhbm9pLm9yZyIsImZpbGVfcGsiOjMyNjI5NywidGFibGVfbmFtZSI6IlBlcnNvbiIsInJlY29yZF9mayI6NjAwNjQsImV4cCI6MTc3MzUzMTAwMH0=.Zarp2vndCgz9flEfzaTLNXLv7iqmSwhWrfCY68lmFS8=&transform=true
60248,https://files2.veracross.com/unishanoi/legacy_files/315774?auth=eyJhbGciOiJIUzI1NiIsInR5cCI6IkpXVCJ9.eyJkYXRhYmFzZSI6InVuaXNoYW5vaSIsInVzZXJuYW1lIjoiZHZjaHV5ZW5AdW5pc2hhbm9pLm9yZyIsImZpbGVfcGsiOjMxNTc3NCwidGFibGVfbmFtZSI6IlBlcnNvbiIsInJlY29yZF9mayI6NjAyNDgsImV4cCI6MTc3MzUzMTAwMH0=.omauTp3VUf_T36C3Mgo-ble5NJ92GkaEFDEsXwMe0Oo=&transform=true
60442,https://files2.veracross.com/unishanoi/legacy_files/326320?auth=eyJhbGciOiJIUzI1NiIsInR5cCI6IkpXVCJ9.eyJkYXRhYmFzZSI6InVuaXNoYW5vaSIsInVzZXJuYW1lIjoiZHZjaHV5ZW5AdW5pc2hhbm9pLm9yZyIsImZpbGVfcGsiOjMyNjMyMCwidGFibGVfbmFtZSI6IlBlcnNvbiIsInJlY29yZF9mayI6NjA0NDIsImV4cCI6MTc3MzUzMTAwMH0=.DOLcuU3I6T0zwPf0JE5JYhX5ZKx_dIctZ9n3h0gMdDs=&transform=true
60443,https://files2.veracross.com/unishanoi/legacy_files/326317?auth=eyJhbGciOiJIUzI1NiIsInR5cCI6IkpXVCJ9.eyJkYXRhYmFzZSI6InVuaXNoYW5vaSIsInVzZXJuYW1lIjoiZHZjaHV5ZW5AdW5pc2hhbm9pLm9yZyIsImZpbGVfcGsiOjMyNjMxNywidGFibGVfbmFtZSI6IlBlcnNvbiIsInJlY29yZF9mayI6NjA0NDMsImV4cCI6MTc3MzUzMTAwMH0=.iKFKQ2UOixYdvJTdkwtGYLSXISnX7c2eNb5KNWKUMnk=&transform=true
60473,https://files2.veracross.com/unishanoi/legacy_files/326280?auth=eyJhbGciOiJIUzI1NiIsInR5cCI6IkpXVCJ9.eyJkYXRhYmFzZSI6InVuaXNoYW5vaSIsInVzZXJuYW1lIjoiZHZjaHV5ZW5AdW5pc2hhbm9pLm9yZyIsImZpbGVfcGsiOjMyNjI4MCwidGFibGVfbmFtZSI6IlBlcnNvbiIsInJlY29yZF9mayI6NjA0NzMsImV4cCI6MTc3MzUzMTAwMH0=.A1e7Kpss10tdaUcYEkD52m1NUCfzwoEbyh3GDOrAOZ0=&transform=true
60474,https://files2.veracross.com/unishanoi/legacy_files/326299?auth=eyJhbGciOiJIUzI1NiIsInR5cCI6IkpXVCJ9.eyJkYXRhYmFzZSI6InVuaXNoYW5vaSIsInVzZXJuYW1lIjoiZHZjaHV5ZW5AdW5pc2hhbm9pLm9yZyIsImZpbGVfcGsiOjMyNjI5OSwidGFibGVfbmFtZSI6IlBlcnNvbiIsInJlY29yZF9mayI6NjA0NzQsImV4cCI6MTc3MzUzMTAwMH0=.zUaN2cbzJKz1nSaI-5x2oYvuJswmvB_Q5TDoq_20wCs=&transform=true
60764,https://files2.veracross.com/unishanoi/legacy_files/326242?auth=eyJhbGciOiJIUzI1NiIsInR5cCI6IkpXVCJ9.eyJkYXRhYmFzZSI6InVuaXNoYW5vaSIsInVzZXJuYW1lIjoiZHZjaHV5ZW5AdW5pc2hhbm9pLm9yZyIsImZpbGVfcGsiOjMyNjI0MiwidGFibGVfbmFtZSI6IlBlcnNvbiIsInJlY29yZF9mayI6NjA3NjQsImV4cCI6MTc3MzUzMTAwMH0=.aMysieC4_5-Z91T2tavDGTDWczX3mPZvne8QrGTIMOI=&transform=true
60765,https://files2.veracross.com/unishanoi/legacy_files/326241?auth=eyJhbGciOiJIUzI1NiIsInR5cCI6IkpXVCJ9.eyJkYXRhYmFzZSI6InVuaXNoYW5vaSIsInVzZXJuYW1lIjoiZHZjaHV5ZW5AdW5pc2hhbm9pLm9yZyIsImZpbGVfcGsiOjMyNjI0MSwidGFibGVfbmFtZSI6IlBlcnNvbiIsInJlY29yZF9mayI6NjA3NjUsImV4cCI6MTc3MzUzMTAwMH0=.nuBqIeFfIZ3e5h3Yx4oTsOPZog-DZoJG4fp7H1t-WQY=&transform=true
60893,https://files2.veracross.com/unishanoi/legacy_files/326294?auth=eyJhbGciOiJIUzI1NiIsInR5cCI6IkpXVCJ9.eyJkYXRhYmFzZSI6InVuaXNoYW5vaSIsInVzZXJuYW1lIjoiZHZjaHV5ZW5AdW5pc2hhbm9pLm9yZyIsImZpbGVfcGsiOjMyNjI5NCwidGFibGVfbmFtZSI6IlBlcnNvbiIsInJlY29yZF9mayI6NjA4OTMsImV4cCI6MTc3MzUzMTAwMH0=.PApnP0ULhXocxON2bXI5mXe1NwmikNIG_JCYQTk02cI=&transform=true
60916,https://files2.veracross.com/unishanoi/legacy_files/326314?auth=eyJhbGciOiJIUzI1NiIsInR5cCI6IkpXVCJ9.eyJkYXRhYmFzZSI6InVuaXNoYW5vaSIsInVzZXJuYW1lIjoiZHZjaHV5ZW5AdW5pc2hhbm9pLm9yZyIsImZpbGVfcGsiOjMyNjMxNCwidGFibGVfbmFtZSI6IlBlcnNvbiIsInJlY29yZF9mayI6NjA5MTYsImV4cCI6MTc3MzUzMTAwMH0=.3uuFhm4hw8KFBMCEqvABJ-0ajCON0H9pI3uuycdiORs=&transform=true
61094,https://files2.veracross.com/unishanoi/legacy_files/326236?auth=eyJhbGciOiJIUzI1NiIsInR5cCI6IkpXVCJ9.eyJkYXRhYmFzZSI6InVuaXNoYW5vaSIsInVzZXJuYW1lIjoiZHZjaHV5ZW5AdW5pc2hhbm9pLm9yZyIsImZpbGVfcGsiOjMyNjIzNiwidGFibGVfbmFtZSI6IlBlcnNvbiIsInJlY29yZF9mayI6NjEwOTQsImV4cCI6MTc3MzUzMTAwMH0=.1CtySNE0Fvc3oxe4p3QfAurB35aVWTQKFKkjkD1KHFg=&transform=true
61191,https://files2.veracross.com/unishanoi/legacy_files/326291?auth=eyJhbGciOiJIUzI1NiIsInR5cCI6IkpXVCJ9.eyJkYXRhYmFzZSI6InVuaXNoYW5vaSIsInVzZXJuYW1lIjoiZHZjaHV5ZW5AdW5pc2hhbm9pLm9yZyIsImZpbGVfcGsiOjMyNjI5MSwidGFibGVfbmFtZSI6IlBlcnNvbiIsInJlY29yZF9mayI6NjExOTEsImV4cCI6MTc3MzUzMTAwMH0=.jt_cXCpDvES_mOWtU8l8o81ZLPIGxjglXW6K368ixYk=&transform=true
61230,https://files2.veracross.com/unishanoi/legacy_files/323915?auth=eyJhbGciOiJIUzI1NiIsInR5cCI6IkpXVCJ9.eyJkYXRhYmFzZSI6InVuaXNoYW5vaSIsInVzZXJuYW1lIjoiZHZjaHV5ZW5AdW5pc2hhbm9pLm9yZyIsImZpbGVfcGsiOjMyMzkxNSwidGFibGVfbmFtZSI6IlBlcnNvbiIsInJlY29yZF9mayI6NjEyMzAsImV4cCI6MTc3MzUzMTAwMH0=.4XQx0to8VfaKVtF9SQWWi9B9NkIo-IPdj0oTYOJojrE=&transform=true
61260,https://files2.veracross.com/unishanoi/legacy_files/326329?auth=eyJhbGciOiJIUzI1NiIsInR5cCI6IkpXVCJ9.eyJkYXRhYmFzZSI6InVuaXNoYW5vaSIsInVzZXJuYW1lIjoiZHZjaHV5ZW5AdW5pc2hhbm9pLm9yZyIsImZpbGVfcGsiOjMyNjMyOSwidGFibGVfbmFtZSI6IlBlcnNvbiIsInJlY29yZF9mayI6NjEyNjAsImV4cCI6MTc3MzUzMTAwMH0=.fqT8ncQkRcmQziYcI20KVdv3JAKtquzQpGMAvQ7NVOU=&transform=true
61261,https://files2.veracross.com/unishanoi/legacy_files/326335?auth=eyJhbGciOiJIUzI1NiIsInR5cCI6IkpXVCJ9.eyJkYXRhYmFzZSI6InVuaXNoYW5vaSIsInVzZXJuYW1lIjoiZHZjaHV5ZW5AdW5pc2hhbm9pLm9yZyIsImZpbGVfcGsiOjMyNjMzNSwidGFibGVfbmFtZSI6IlBlcnNvbiIsInJlY29yZF9mayI6NjEyNjEsImV4cCI6MTc3MzUzMTAwMH0=.tVzaDGuvb79fyf9q5n8moglHoAi9u_dsIP9qtFwd0YE=&transform=true
